id,assetCode,name,description,category,status,condition,parkId,parkName,location,purchaseDate,purchaseCost,currentValue,depreciationRate,manufacturer,model,serialNumber,maintenanceInterval,lastMaintenanceDate,nextMaintenanceDate,warrantyExpiry,age_days,maintenance_count,days_since_maintenance,failure_probability,createdAt,updatedAt
asset_0000,TOO-384539-366,Generic Brand Tool #1,Generic Brand industrial tool for manufacturing operations,tool,operational,poor,kilinto,Bole Lemi Industrial Park,"Building C, Floor 1",2023-09-24T00:23:31.979425,1765,1470.48,7.64,Generic Brand,Generic Brand-634,SN7659411,180,2025-10-21T00:23:31.979425,2026-04-19T00:23:31.979425,2025-09-23T00:23:31.979425,839,4,81,15.23,2023-09-24T00:23:31.979425,2026-01-10T00:23:31.979425
asset_0001,UTI-218572-197,KSB Utility #2,KSB industrial utility for manufacturing operations,utility,operational,fair,hawassa-park,Kilinto Industrial Park,"Building A, Floor 1",2021-07-10T00:23:31.979425,86038,49859.82,11.41,KSB,KSB-597,SN2830693,90,2025-12-15T00:23:31.979425,2026-03-15T00:23:31.979425,2024-07-09T00:23:31.979425,1645,18,26,10.45,2021-07-10T00:23:31.979425,2026-01-10T00:23:31.979425
asset_0002,MAC-881131-464,Schneider Electric Machinery #3,Schneider Electric industrial machinery for manufacturing operations,machinery,maintenance,excellent,bole-lemi,Hawassa Industrial Park,"Building C, Floor 1",2024-08-16T00:23:31.979425,280012,243865.9,9.39,Schneider Electric,Schneider Electric-233,SN2169306,90,2025-11-10T00:23:31.979425,2026-02-08T00:23:31.979425,2027-08-16T00:23:31.979425,512,5,61,5.14,2024-08-16T00:23:31.979425,2026-01-10T00:23:31.979425
asset_0003,TOO-960561-956,Generic Brand Tool #4,Generic Brand industrial tool for manufacturing operations,tool,operational,fair,kombolcha,Kombolcha Industrial Park,"Building A, Floor 3",2023-10-03T00:23:31.979425,821,708.36,6.29,Generic Brand,Generic Brand-644,SN4786063,180,2025-09-27T00:23:31.979425,2026-03-26T00:23:31.979425,2024-10-02T00:23:31.979425,830,4,105,10.23,2023-10-03T00:23:31.979425,2026-01-10T00:23:31.979425
asset_0004,FUR-956657-977,Generic Brand Furniture #5,Generic Brand industrial furniture for manufacturing operations,furniture,operational,fair,kombolcha,Hawassa Industrial Park,"Building B, Floor 2",2023-07-16T00:23:31.979425,2739,2249.77,7.6,Generic Brand,Generic Brand-291,SN9488466,180,2025-09-20T00:23:31.979425,2026-03-19T00:23:31.979425,2025-07-15T00:23:31.979425,909,5,112,10.25,2023-07-16T00:23:31.979425,2026-01-10T00:23:31.979425
asset_0005,FUR-407728-710,Generic Brand Furniture #6,Generic Brand industrial furniture for manufacturing operations,furniture,operational,good,kombolcha,Hawassa Industrial Park,"Building B, Floor 2",2024-08-06T00:23:31.979425,4083,3628.48,7.93,Generic Brand,Generic Brand-547,SN7319926,180,2025-08-10T00:23:31.979425,2026-02-06T00:23:31.979425,2026-08-06T00:23:31.979425,522,2,153,7.14,2024-08-06T00:23:31.979425,2026-01-10T00:23:31.979425
asset_0006,UTI-730143-720,Wilo Utility #7,Wilo industrial utility for manufacturing operations,utility,reserved,poor,kilinto,Bole Lemi Industrial Park,"Building C, Floor 3",2022-10-31T00:23:31.979425,74554,50759.92,11.34,Wilo,Wilo-530,SN3054428,90,2025-11-10T00:23:31.979425,2026-02-08T00:23:31.979425,2025-10-30T00:23:31.979425,1167,12,61,15.32,2022-10-31T00:23:31.979425,2026-01-10T00:23:31.979425
asset_0007,FUR-959670-921,Generic Brand Furniture #8,Generic Brand industrial furniture for manufacturing operations,furniture,maintenance,poor,kilinto,Bole Lemi Industrial Park,"Building A, Floor 1",2021-07-29T00:23:31.979425,2796,1510.03,12.92,Generic Brand,Generic Brand-799,SN1038888,180,2025-12-09T00:23:31.979425,2026-06-07T00:23:31.979425,2024-07-28T00:23:31.979425,1626,9,32,15.45,2021-07-29T00:23:31.979425,2026-01-10T00:23:31.979425
asset_0008,UTI-823648-567,Wilo Utility #9,Wilo industrial utility for manufacturing operations,utility,reserved,fair,hawassa-park,Kombolcha Industrial Park,"Building C, Floor 2",2024-11-13T00:23:31.979425,18424,16481.16,9.17,Wilo,Wilo-879,SN9810429,90,2025-12-09T00:23:31.979425,2026-03-09T00:23:31.979425,2026-11-13T00:23:31.979425,423,4,32,10.12,2024-11-13T00:23:31.979425,2026-01-10T00:23:31.979425
asset_0009,MAC-367678-686,Honeywell Machinery #10,Honeywell industrial machinery for manufacturing operations,machinery,operational,excellent,hawassa-park,Hawassa Industrial Park,"Building B, Floor 3",2024-11-24T00:23:31.979425,345558,292962.47,13.62,Honeywell,Honeywell-899,SN7426805,90,2025-12-02T00:23:31.979425,2026-03-02T00:23:31.979425,2025-11-24T00:23:31.979425,412,4,39,5.11,2024-11-24T00:23:31.979425,2026-01-10T00:23:31.979425
asset_0010,OTH-446147-407,Generic Brand Other #11,Generic Brand industrial other for manufacturing operations,other,maintenance,fair,hawassa-park,Kombolcha Industrial Park,"Building B, Floor 2",2024-09-02T00:23:31.979425,48772,38954.98,15.28,Generic Brand,Generic Brand-975,SN8547331,180,2025-12-13T00:23:31.979425,2026-06-11T00:23:31.979425,2027-09-02T00:23:31.979425,495,2,28,10.14,2024-09-02T00:23:31.979425,2026-01-10T00:23:31.979425
asset_0011,SAF-728293-752,Generic Brand Safety Equipment #12,Generic Brand industrial safety-equipment for manufacturing operations,safety-equipment,maintenance,critical,kombolcha,Kilinto Industrial Park,"Building C, Floor 2",2022-09-24T00:23:31.979425,8006,3996.87,19.0,Generic Brand,Generic Brand-369,SN3299153,180,2025-11-01T00:23:31.979425,2026-04-30T00:23:31.979425,2025-09-23T00:23:31.979425,1204,6,70,25.33,2022-09-24T00:23:31.979425,2026-01-10T00:23:31.979425
asset_0012,UTI-999979-278,Wilo Utility #13,Wilo industrial utility for manufacturing operations,utility,repair,poor,bole-lemi,Hawassa Industrial Park,"Building C, Floor 3",2025-07-19T00:23:31.979425,54315,48965.15,19.46,Wilo,Wilo-470,SN1870741,90,2026-01-09T00:23:31.979425,2026-04-09T00:23:31.979425,2026-07-19T00:23:31.979425,175,1,1,15.05,2025-07-19T00:23:31.979425,2026-01-10T00:23:31.979425
asset_0013,MAC-700312-838,Schneider Electric Machinery #14,Schneider Electric industrial machinery for manufacturing operations,machinery,operational,excellent,bole-lemi,Kombolcha Industrial Park,"Building C, Floor 1",2025-07-09T00:23:31.979425,64401,62168.59,6.73,Schneider Electric,Schneider Electric-950,SN1557555,90,2025-10-27T00:23:31.979425,2026-01-25T00:23:31.979425,2028-07-08T00:23:31.979425,185,2,75,5.05,2025-07-09T00:23:31.979425,2026-01-10T00:23:31.979425
asset_0014,TOO-718231-212,Generic Brand Tool #15,Generic Brand industrial tool for manufacturing operations,tool,operational,fair,kilinto,Kombolcha Industrial Park,"Building D, Floor 1",2021-08-01T00:23:31.979425,3352,1818.37,12.86,Generic Brand,Generic Brand-146,SN8731369,180,2025-12-04T00:23:31.979425,2026-06-02T00:23:31.979425,2022-08-01T00:23:31.979425,1623,9,37,10.44,2021-08-01T00:23:31.979425,2026-01-10T00:23:31.979425
asset_0015,UTI-814670-779,Wilo Utility #16,Wilo industrial utility for manufacturing operations,utility,operational,good,kilinto,Kilinto Industrial Park,"Building A, Floor 3",2021-07-28T00:23:31.979425,73333,43160.76,11.22,Wilo,Wilo-372,SN3824432,90,2025-11-06T00:23:31.979425,2026-02-04T00:23:31.979425,2024-07-27T00:23:31.979425,1627,18,65,7.45,2021-07-28T00:23:31.979425,2026-01-10T00:23:31.979425
asset_0016,INF-929739-165,Caterpillar Infrastructure #17,Caterpillar industrial infrastructure for manufacturing operations,infrastructure,operational,good,kombolcha,Kombolcha Industrial Park,"Building A, Floor 2",2023-04-07T00:23:31.979425,668921,404364.91,16.66,Caterpillar,Caterpillar-210,SN9705274,180,2025-09-10T00:23:31.979425,2026-03-09T00:23:31.979425,2025-04-06T00:23:31.979425,1009,5,122,7.28,2023-04-07T00:23:31.979425,2026-01-10T00:23:31.979425
asset_0017,VEH-170986-110,Toyota Vehicle #18,Toyota industrial vehicle for manufacturing operations,vehicle,maintenance,poor,hawassa-park,Kilinto Industrial Park,"Building C, Floor 3",2023-06-21T00:23:31.979425,106420,81744.13,9.8,Toyota,Toyota-469,SN5257719,120,2025-12-03T00:23:31.979425,2026-04-02T00:23:31.979425,2024-06-20T00:23:31.979425,934,7,38,15.26,2023-06-21T00:23:31.979425,2026-01-10T00:23:31.979425
asset_0018,UTI-610741-187,Wilo Utility #19,Wilo industrial utility for manufacturing operations,utility,operational,fair,kombolcha,Hawassa Industrial Park,"Building C, Floor 1",2022-10-24T00:23:31.979425,71493,41629.98,15.49,Wilo,Wilo-198,SN5868798,90,2025-12-22T00:23:31.979425,2026-03-22T00:23:31.979425,2025-10-23T00:23:31.979425,1174,13,19,10.32,2022-10-24T00:23:31.979425,2026-01-10T00:23:31.979425
asset_0019,MAC-650672-139,Schneider Electric Machinery #20,Schneider Electric industrial machinery for manufacturing operations,machinery,reserved,good,bole-lemi,Kombolcha Industrial Park,"Building C, Floor 1",2024-06-19T00:23:31.979425,437816,377935.44,8.99,Schneider Electric,Schneider Electric-163,SN5319863,90,2025-10-24T00:23:31.979425,2026-01-22T00:23:31.979425,2026-06-19T00:23:31.979425,570,6,78,7.16,2024-06-19T00:23:31.979425,2026-01-10T00:23:31.979425
asset_0020,SAF-479087-964,Generic Brand Safety Equipment #21,Generic Brand industrial safety-equipment for manufacturing operations,safety-equipment,damaged,poor,kombolcha,Hawassa Industrial Park,"Building B, Floor 3",2023-03-14T00:23:31.979425,1155,626.13,19.47,Generic Brand,Generic Brand-134,SN2213864,180,2025-07-18T00:23:31.979425,2026-01-14T00:23:31.979425,2024-03-13T00:23:31.979425,1033,5,176,15.28,2023-03-14T00:23:31.979425,2026-01-10T00:23:31.979425
asset_0021,INF-722355-296,Komatsu Infrastructure #22,Komatsu industrial infrastructure for manufacturing operations,infrastructure,operational,fair,hawassa-park,Hawassa Industrial Park,"Building B, Floor 2",2023-09-02T00:23:31.979425,726760,538260.79,11.96,Komatsu,Komatsu-956,SN6510098,180,2025-08-12T00:23:31.979425,2026-02-08T00:23:31.979425,2025-09-01T00:23:31.979425,861,4,151,10.24,2023-09-02T00:23:31.979425,2026-01-10T00:23:31.979425
asset_0022,VEH-164550-595,Mercedes-Benz Vehicle #23,Mercedes-Benz industrial vehicle for manufacturing operations,vehicle,reserved,good,kilinto,Kilinto Industrial Park,"Building C, Floor 3",2024-05-31T00:23:31.979425,102121,73439.05,18.49,Mercedes-Benz,Mercedes-Benz-174,SN9132486,120,2025-09-19T00:23:31.979425,2026-01-17T00:23:31.979425,2027-05-31T00:23:31.979425,589,4,113,7.16,2024-05-31T00:23:31.979425,2026-01-10T00:23:31.979425
asset_0023,FUR-483816-436,Generic Brand Furniture #24,Generic Brand industrial furniture for manufacturing operations,furniture,repair,poor,kilinto,Hawassa Industrial Park,"Building A, Floor 1",2023-06-27T00:23:31.979425,1711,1088.47,16.31,Generic Brand,Generic Brand-378,SN3080391,180,2025-08-20T00:23:31.979425,2026-02-16T00:23:31.979425,2026-06-26T00:23:31.979425,928,5,143,15.25,2023-06-27T00:23:31.979425,2026-01-10T00:23:31.979425
asset_0024,OTH-925698-517,Generic Brand Other #25,Generic Brand industrial other for manufacturing operations,other,repair,critical,hawassa-park,Kilinto Industrial Park,"Building D, Floor 3",2022-09-11T00:23:31.979425,12827,7441.39,15.08,Generic Brand,Generic Brand-434,SN2540301,180,2025-12-03T00:23:31.979425,2026-06-01T00:23:31.979425,2024-09-10T00:23:31.979425,1217,6,38,25.33,2022-09-11T00:23:31.979425,2026-01-10T00:23:31.979425
asset_0025,UTI-991670-864,KSB Utility #26,KSB industrial utility for manufacturing operations,utility,repair,poor,bole-lemi,Bole Lemi Industrial Park,"Building A, Floor 3",2021-10-19T00:23:31.979425,87935,56649.93,9.88,KSB,KSB-503,SN8554899,90,2025-12-22T00:23:31.979425,2026-03-22T00:23:31.979425,2023-10-19T00:23:31.979425,1544,17,19,15.42,2021-10-19T00:23:31.979425,2026-01-10T00:23:31.979425
asset_0026,VEH-888184-507,Mercedes-Benz Vehicle #27,Mercedes-Benz industrial vehicle for manufacturing operations,vehicle,operational,good,kombolcha,Kilinto Industrial Park,"Building C, Floor 1",2021-01-13T00:23:31.979425,64887,25990.13,16.75,Mercedes-Benz,Mercedes-Benz-578,SN8202363,120,2025-12-29T00:23:31.979425,2026-04-28T00:23:31.979425,2024-01-13T00:23:31.979425,1823,15,12,7.5,2021-01-13T00:23:31.979425,2026-01-10T00:23:31.979425
asset_0027,TOO-984494-315,Generic Brand Tool #28,Generic Brand industrial tool for manufacturing operations,tool,reserved,poor,bole-lemi,Kilinto Industrial Park,"Building B, Floor 2",2025-01-01T00:23:31.979425,3248,2587.37,19.91,Generic Brand,Generic Brand-793,SN8584188,180,2025-12-05T00:23:31.979425,2026-06-03T00:23:31.979425,2028-01-01T00:23:31.979425,374,2,36,15.1,2025-01-01T00:23:31.979425,2026-01-10T00:23:31.979425
asset_0028,UTI-878300-824,Grundfos Utility #29,Grundfos industrial utility for manufacturing operations,utility,operational,excellent,kilinto,Kombolcha Industrial Park,"Building A, Floor 2",2021-10-05T00:23:31.979425,30082,23969.33,5.19,Grundfos,Grundfos-469,SN6326649,90,2025-11-29T00:23:31.979425,2026-02-27T00:23:31.979425,2022-10-05T00:23:31.979425,1558,17,42,5.43,2021-10-05T00:23:31.979425,2026-01-10T00:23:31.979425
asset_0029,SAF-835308-342,Generic Brand Safety Equipment #30,Generic Brand industrial safety-equipment for manufacturing operations,safety-equipment,maintenance,fair,bole-lemi,Kilinto Industrial Park,"Building B, Floor 1",2022-05-03T00:23:31.979425,3141,2534.32,5.65,Generic Brand,Generic Brand-756,SN4089624,180,2025-08-02T00:23:31.979425,2026-01-29T00:23:31.979425,2024-05-02T00:23:31.979425,1348,7,161,10.37,2022-05-03T00:23:31.979425,2026-01-10T00:23:31.979425
asset_0030,MAC-657995-823,Schneider Electric Machinery #31,Schneider Electric industrial machinery for manufacturing operations,machinery,operational,good,kombolcha,Kilinto Industrial Park,"Building C, Floor 1",2021-03-18T00:23:31.979425,480928,199286.69,16.72,Schneider Electric,Schneider Electric-733,SN9322362,90,2025-12-04T00:23:31.979425,2026-03-04T00:23:31.979425,2023-03-18T00:23:31.979425,1759,19,37,7.48,2021-03-18T00:23:31.979425,2026-01-10T00:23:31.979425
asset_0031,IT--572056-907,Dell It Equipment #32,Dell industrial it-equipment for manufacturing operations,it-equipment,operational,good,bole-lemi,Kilinto Industrial Park,"Building C, Floor 1",2022-06-30T00:23:31.979425,6242,4898.52,6.63,Dell,Dell-961,SN9615309,365,2025-10-14T00:23:31.979425,2026-10-14T00:23:31.979425,2023-06-30T00:23:31.979425,1290,3,88,7.35,2022-06-30T00:23:31.979425,2026-01-10T00:23:31.979425
asset_0032,MAC-210015-884,Mitsubishi Machinery #33,Mitsubishi industrial machinery for manufacturing operations,machinery,operational,good,kilinto,Bole Lemi Industrial Park,"Building A, Floor 3",2022-11-04T00:23:31.979425,356016,227736.41,13.09,Mitsubishi,Mitsubishi-657,SN5381647,90,2025-12-12T00:23:31.979425,2026-03-12T00:23:31.979425,2024-11-03T00:23:31.979425,1163,12,29,7.32,2022-11-04T00:23:31.979425,2026-01-10T00:23:31.979425
asset_0033,SAF-735921-800,Generic Brand Safety Equipment #34,Generic Brand industrial safety-equipment for manufacturing operations,safety-equipment,operational,fair,kombolcha,Hawassa Industrial Park,"Building D, Floor 3",2021-06-05T00:23:31.979425,1890,1317.19,7.55,Generic Brand,Generic Brand-619,SN3946301,180,2025-07-20T00:23:31.979425,2026-01-16T00:23:31.979425,2024-06-04T00:23:31.979425,1680,9,174,10.46,2021-06-05T00:23:31.979425,2026-01-10T00:23:31.979425
asset_0034,VEH-341122-797,Isuzu Vehicle #35,Isuzu industrial vehicle for manufacturing operations,vehicle,operational,poor,kombolcha,Kombolcha Industrial Park,"Building B, Floor 3",2021-11-27T00:23:31.979425,101705,63286.67,10.88,Isuzu,Isuzu-749,SN7216792,120,2025-11-27T00:23:31.979425,2026-03-27T00:23:31.979425,2024-11-26T00:23:31.979425,1505,12,44,15.41,2021-11-27T00:23:31.979425,2026-01-10T00:23:31.979425
asset_0035,SAF-845185-963,Generic Brand Safety Equipment #36,Generic Brand industrial safety-equipment for manufacturing operations,safety-equipment,damaged,fair,bole-lemi,Hawassa Industrial Park,"Building C, Floor 1",2024-03-07T00:23:31.979425,4100,3492.69,8.32,Generic Brand,Generic Brand-149,SN5964232,180,2025-09-05T00:23:31.979425,2026-03-04T00:23:31.979425,2027-03-07T00:23:31.979425,674,3,127,10.18,2024-03-07T00:23:31.979425,2026-01-10T00:23:31.979425
asset_0036,SAF-566160-888,Generic Brand Safety Equipment #37,Generic Brand industrial safety-equipment for manufacturing operations,safety-equipment,maintenance,poor,hawassa-park,Kombolcha Industrial Park,"Building A, Floor 2",2023-04-25T00:23:31.979425,229,155.09,13.38,Generic Brand,Generic Brand-338,SN4866490,180,2025-08-21T00:23:31.979425,2026-02-17T00:23:31.979425,2026-04-24T00:23:31.979425,991,5,142,15.27,2023-04-25T00:23:31.979425,2026-01-10T00:23:31.979425
asset_0037,UTI-562946-260,Wilo Utility #38,Wilo industrial utility for manufacturing operations,utility,operational,fair,kombolcha,Kombolcha Industrial Park,"Building C, Floor 3",2023-02-09T00:23:31.979425,57839,45562.99,7.85,Wilo,Wilo-110,SN6618185,90,2025-10-12T00:23:31.979425,2026-01-10T00:23:31.979425,2024-02-09T00:23:31.979425,1066,11,90,10.29,2023-02-09T00:23:31.979425,2026-01-10T00:23:31.979425
asset_0038,FUR-223720-898,Generic Brand Furniture #39,Generic Brand industrial furniture for manufacturing operations,furniture,damaged,poor,kombolcha,Kilinto Industrial Park,"Building A, Floor 3",2021-09-17T00:23:31.979425,4755,3392.96,7.52,Generic Brand,Generic Brand-521,SN9987160,180,2025-12-07T00:23:31.979425,2026-06-05T00:23:31.979425,2023-09-17T00:23:31.979425,1576,8,34,15.43,2021-09-17T00:23:31.979425,2026-01-10T00:23:31.979425
asset_0039,FUR-190131-496,Generic Brand Furniture #40,Generic Brand industrial furniture for manufacturing operations,furniture,maintenance,fair,kilinto,Kilinto Industrial Park,"Building D, Floor 3",2023-04-25T00:23:31.979425,3832,3139.14,7.09,Generic Brand,Generic Brand-418,SN6124913,180,2025-07-16T00:23:31.979425,2026-01-12T00:23:31.979425,2026-04-24T00:23:31.979425,991,5,178,10.27,2023-04-25T00:23:31.979425,2026-01-10T00:23:31.979425
asset_0040,MAC-638137-947,ABB Machinery #41,ABB industrial machinery for manufacturing operations,machinery,operational,excellent,kombolcha,Kombolcha Industrial Park,"Building C, Floor 1",2025-08-14T00:23:31.979425,453107,437242.96,8.37,ABB,ABB-329,SN6607869,90,2025-12-16T00:23:31.979425,2026-03-16T00:23:31.979425,2028-08-13T00:23:31.979425,149,1,25,5.04,2025-08-14T00:23:31.979425,2026-01-10T00:23:31.979425
asset_0041,INF-800383-408,Komatsu Infrastructure #42,Komatsu industrial infrastructure for manufacturing operations,infrastructure,repair,poor,bole-lemi,Bole Lemi Industrial Park,"Building A, Floor 1",2023-05-14T00:23:31.979425,350721,229348.7,14.75,Komatsu,Komatsu-416,SN8342065,180,2025-09-19T00:23:31.979425,2026-03-18T00:23:31.979425,2026-05-13T00:23:31.979425,972,5,113,15.27,2023-05-14T00:23:31.979425,2026-01-10T00:23:31.979425
asset_0042,MAC-770555-334,Schneider Electric Machinery #43,Schneider Electric industrial machinery for manufacturing operations,machinery,maintenance,good,hawassa-park,Kilinto Industrial Park,"Building B, Floor 1",2021-08-03T00:23:31.979425,498852,356431.44,7.29,Schneider Electric,Schneider Electric-256,SN6695261,90,2025-12-11T00:23:31.979425,2026-03-11T00:23:31.979425,2023-08-03T00:23:31.979425,1621,18,30,7.44,2021-08-03T00:23:31.979425,2026-01-10T00:23:31.979425
asset_0043,TOO-876482-412,Generic Brand Tool #44,Generic Brand industrial tool for manufacturing operations,tool,maintenance,excellent,kilinto,Kombolcha Industrial Park,"Building D, Floor 2",2021-06-26T00:23:31.979425,1013,513.91,13.88,Generic Brand,Generic Brand-520,SN4081276,180,2025-10-17T00:23:31.979425,2026-04-15T00:23:31.979425,2024-06-25T00:23:31.979425,1659,9,85,5.45,2021-06-26T00:23:31.979425,2026-01-10T00:23:31.979425
asset_0044,FUR-868634-522,Generic Brand Furniture #45,Generic Brand industrial furniture for manufacturing operations,furniture,repair,poor,kombolcha,Bole Lemi Industrial Park,"Building A, Floor 3",2022-10-19T00:23:31.979425,1332,716.38,17.48,Generic Brand,Generic Brand-259,SN8849932,180,2025-08-25T00:23:31.979425,2026-02-21T00:23:31.979425,2023-10-19T00:23:31.979425,1179,6,138,15.32,2022-10-19T00:23:31.979425,2026-01-10T00:23:31.979425
asset_0045,INF-411190-535,Komatsu Infrastructure #46,Komatsu industrial infrastructure for manufacturing operations,infrastructure,operational,good,hawassa-park,Bole Lemi Industrial Park,"Building A, Floor 1",2025-06-19T00:23:31.979425,559228,532572.35,8.33,Komatsu,Komatsu-617,SN7691782,180,2025-12-19T00:23:31.979425,2026-06-17T00:23:31.979425,2026-06-19T00:23:31.979425,205,1,22,7.06,2025-06-19T00:23:31.979425,2026-01-10T00:23:31.979425
asset_0046,SAF-755459-204,Generic Brand Safety Equipment #47,Generic Brand industrial safety-equipment for manufacturing operations,safety-equipment,operational,excellent,bole-lemi,Kombolcha Industrial Park,"Building C, Floor 3",2024-02-19T00:23:31.979425,1253,833.1,19.41,Generic Brand,Generic Brand-271,SN6721508,180,2025-12-04T00:23:31.979425,2026-06-02T00:23:31.979425,2027-02-18T00:23:31.979425,691,3,37,5.19,2024-02-19T00:23:31.979425,2026-01-10T00:23:31.979425
asset_0047,OTH-826337-318,Generic Brand Other #48,Generic Brand industrial other for manufacturing operations,other,operational,poor,kombolcha,Bole Lemi Industrial Park,"Building A, Floor 1",2022-08-24T00:23:31.979425,37402,22888.99,13.52,Generic Brand,Generic Brand-921,SN9738201,180,2025-09-30T00:23:31.979425,2026-03-29T00:23:31.979425,2025-08-23T00:23:31.979425,1235,6,102,15.34,2022-08-24T00:23:31.979425,2026-01-10T00:23:31.979425
asset_0048,MAC-486140-916,Honeywell Machinery #49,Honeywell industrial machinery for manufacturing operations,machinery,operational,good,bole-lemi,Kombolcha Industrial Park,"Building B, Floor 2",2021-12-05T00:23:31.979425,488682,300726.46,11.17,Honeywell,Honeywell-801,SN7306861,90,2025-11-21T00:23:31.979425,2026-02-19T00:23:31.979425,2024-12-04T00:23:31.979425,1497,16,50,7.41,2021-12-05T00:23:31.979425,2026-01-10T00:23:31.979425
asset_0049,IT--253592-715,Huawei It Equipment #50,Huawei industrial it-equipment for manufacturing operations,it-equipment,operational,poor,kombolcha,Hawassa Industrial Park,"Building B, Floor 1",2023-06-29T00:23:31.979425,9016,5529.96,17.54,Huawei,Huawei-302,SN5473206,365,2025-03-02T00:23:31.979425,2026-03-02T00:23:31.979425,2024-06-28T00:23:31.979425,926,2,314,15.25,2023-06-29T00:23:31.979425,2026-01-10T00:23:31.979425
asset_0050,INF-422568-337,Komatsu Infrastructure #51,Komatsu industrial infrastructure for manufacturing operations,infrastructure,reserved,fair,kilinto,Hawassa Industrial Park,"Building A, Floor 1",2024-11-15T00:23:31.979425,243491,212137.36,11.27,Komatsu,Komatsu-181,SN8724979,180,2026-01-06T00:23:31.979425,2026-07-05T00:23:31.979425,2027-11-15T00:23:31.979425,421,2,4,10.12,2024-11-15T00:23:31.979425,2026-01-10T00:23:31.979425
asset_0051,VEH-565426-469,Volvo Vehicle #52,Volvo industrial vehicle for manufacturing operations,vehicle,operational,fair,hawassa-park,Hawassa Industrial Park,"Building C, Floor 1",2023-03-06T00:23:31.979425,122011,84547.59,12.08,Volvo,Volvo-313,SN8347612,120,2025-11-01T00:23:31.979425,2026-03-01T00:23:31.979425,2026-03-05T00:23:31.979425,1041,8,70,10.29,2023-03-06T00:23:31.979425,2026-01-10T00:23:31.979425
asset_0052,OTH-253993-670,Generic Brand Other #53,Generic Brand industrial other for manufacturing operations,other,repair,fair,hawassa-park,Kombolcha Industrial Park,"Building C, Floor 2",2024-09-22T00:23:31.979425,47500,38432.14,15.03,Generic Brand,Generic Brand-175,SN2770833,180,2025-08-27T00:23:31.979425,2026-02-23T00:23:31.979425,2027-09-22T00:23:31.979425,475,2,136,10.13,2024-09-22T00:23:31.979425,2026-01-10T00:23:31.979425
asset_0053,IT--228744-161,Lenovo It Equipment #54,Lenovo industrial it-equipment for manufacturing operations,it-equipment,operational,good,hawassa-park,Bole Lemi Industrial Park,"Building C, Floor 2",2024-09-25T00:23:31.979425,1602,1375.64,11.12,Lenovo,Lenovo-803,SN2618531,365,2025-09-07T00:23:31.979425,2026-09-07T00:23:31.979425,2026-09-25T00:23:31.979425,472,1,125,7.13,2024-09-25T00:23:31.979425,2026-01-10T00:23:31.979425
asset_0054,MAC-307237-374,Honeywell Machinery #55,Honeywell industrial machinery for manufacturing operations,machinery,operational,good,kilinto,Kilinto Industrial Park,"Building C, Floor 1",2022-04-06T00:23:31.979425,342919,278770.27,5.35,Honeywell,Honeywell-635,SN5437300,90,2025-10-29T00:23:31.979425,2026-01-27T00:23:31.979425,2025-04-05T00:23:31.979425,1375,15,73,7.38,2022-04-06T00:23:31.979425,2026-01-10T00:23:31.979425
asset_0055,VEH-165640-359,Isuzu Vehicle #56,Isuzu industrial vehicle for manufacturing operations,vehicle,maintenance,good,kombolcha,Hawassa Industrial Park,"Building C, Floor 3",2022-03-22T00:23:31.979425,66251,39952.46,12.44,Isuzu,Isuzu-379,SN2320846,120,2025-09-19T00:23:31.979425,2026-01-17T00:23:31.979425,2023-03-22T00:23:31.979425,1390,11,113,7.38,2022-03-22T00:23:31.979425,2026-01-10T00:23:31.979425
asset_0056,VEH-591859-915,Mercedes-Benz Vehicle #57,Mercedes-Benz industrial vehicle for manufacturing operations,vehicle,operational,fair,hawassa-park,Kombolcha Industrial Park,"Building A, Floor 2",2021-03-10T00:23:31.979425,143074,70416.72,13.63,Mercedes-Benz,Mercedes-Benz-684,SN9878481,120,2025-11-20T00:23:31.979425,2026-03-20T00:23:31.979425,2024-03-09T00:23:31.979425,1767,14,51,10.48,2021-03-10T00:23:31.979425,2026-01-10T00:23:31.979425
asset_0057,FUR-904324-931,Generic Brand Furniture #58,Generic Brand industrial furniture for manufacturing operations,furniture,operational,excellent,kilinto,Kilinto Industrial Park,"Building B, Floor 3",2025-10-16T00:23:31.979425,2321,2258.28,10.98,Generic Brand,Generic Brand-152,SN1960364,180,2025-08-12T00:23:31.979425,2026-02-08T00:23:31.979425,2028-10-15T00:23:31.979425,86,0,151,5.02,2025-10-16T00:23:31.979425,2026-01-10T00:23:31.979425
asset_0058,FUR-421210-921,Generic Brand Furniture #59,Generic Brand industrial furniture for manufacturing operations,furniture,repair,fair,kilinto,Kombolcha Industrial Park,"Building C, Floor 1",2022-08-12T00:23:31.979425,3374,2636.56,6.97,Generic Brand,Generic Brand-734,SN2427827,180,2025-08-04T00:23:31.979425,2026-01-31T00:23:31.979425,2024-08-11T00:23:31.979425,1247,6,159,10.34,2022-08-12T00:23:31.979425,2026-01-10T00:23:31.979425
asset_0059,IT--779617-836,Huawei It Equipment #60,Huawei industrial it-equipment for manufacturing operations,it-equipment,maintenance,good,hawassa-park,Kilinto Industrial Park,"Building B, Floor 2",2021-12-16T00:23:31.979425,8909,4310.01,16.35,Huawei,Huawei-420,SN1630099,365,2025-11-03T00:23:31.979425,2026-11-03T00:23:31.979425,2023-12-16T00:23:31.979425,1486,4,68,7.41,2021-12-16T00:23:31.979425,2026-01-10T00:23:31.979425
asset_0060,OTH-553276-628,Generic Brand Other #61,Generic Brand industrial other for manufacturing operations,other,damaged,poor,bole-lemi,Hawassa Industrial Park,"Building B, Floor 3",2022-08-11T00:23:31.979425,48962,27308.42,15.71,Generic Brand,Generic Brand-164,SN8792091,180,2025-10-14T00:23:31.979425,2026-04-12T00:23:31.979425,2023-08-11T00:23:31.979425,1248,6,88,15.34,2022-08-11T00:23:31.979425,2026-01-10T00:23:31.979425
asset_0061,FUR-111173-994,Generic Brand Furniture #62,Generic Brand industrial furniture for manufacturing operations,furniture,maintenance,good,kilinto,Kombolcha Industrial Park,"Building C, Floor 3",2021-08-04T00:23:31.979425,3816,1939.45,14.15,Generic Brand,Generic Brand-485,SN9634377,180,2025-12-23T00:23:31.979425,2026-06-21T00:23:31.979425,2024-08-03T00:23:31.979425,1620,9,18,7.44,2021-08-04T00:23:31.979425,2026-01-10T00:23:31.979425
asset_0062,SAF-784040-799,Generic Brand Safety Equipment #63,Generic Brand industrial safety-equipment for manufacturing operations,safety-equipment,operational,fair,hawassa-park,Kombolcha Industrial Park,"Building C, Floor 2",2023-06-14T00:23:31.979425,5708,3934.91,13.44,Generic Brand,Generic Brand-552,SN7422091,180,2025-09-06T00:23:31.979425,2026-03-05T00:23:31.979425,2025-06-13T00:23:31.979425,941,5,126,10.26,2023-06-14T00:23:31.979425,2026-01-10T00:23:31.979425
asset_0063,OTH-342083-905,Generic Brand Other #64,Generic Brand industrial other for manufacturing operations,other,reserved,fair,hawassa-park,Bole Lemi Industrial Park,"Building D, Floor 1",2023-11-18T00:23:31.979425,49401,41947.95,7.34,Generic Brand,Generic Brand-218,SN7545494,180,2025-09-02T00:23:31.979425,2026-03-01T00:23:31.979425,2024-11-17T00:23:31.979425,784,4,130,10.21,2023-11-18T00:23:31.979425,2026-01-10T00:23:31.979425
asset_0064,VEH-910635-593,Volvo Vehicle #65,Volvo industrial vehicle for manufacturing operations,vehicle,reserved,fair,kombolcha,Hawassa Industrial Park,"Building C, Floor 1",2024-06-07T00:23:31.979425,57679,52666.35,5.55,Volvo,Volvo-119,SN1021269,120,2025-12-13T00:23:31.979425,2026-04-12T00:23:31.979425,2027-06-07T00:23:31.979425,582,4,28,10.16,2024-06-07T00:23:31.979425,2026-01-10T00:23:31.979425
asset_0065,TOO-433118-768,Generic Brand Tool #66,Generic Brand industrial tool for manufacturing operations,tool,maintenance,poor,bole-lemi,Kombolcha Industrial Park,"Building A, Floor 1",2025-01-14T00:23:31.979425,2487,2318.33,6.86,Generic Brand,Generic Brand-955,SN6326176,180,2025-08-25T00:23:31.979425,2026-02-21T00:23:31.979425,2028-01-14T00:23:31.979425,361,2,138,15.1,2025-01-14T00:23:31.979425,2026-01-10T00:23:31.979425
asset_0066,MAC-770396-773,Honeywell Machinery #67,Honeywell industrial machinery for manufacturing operations,machinery,operational,excellent,kilinto,Hawassa Industrial Park,"Building D, Floor 2",2025-05-08T00:23:31.979425,92870,84374.3,13.23,Honeywell,Honeywell-970,SN3523210,90,2025-11-09T00:23:31.979425,2026-02-07T00:23:31.979425,2028-05-07T00:23:31.979425,247,2,62,5.07,2025-05-08T00:23:31.979425,2026-01-10T00:23:31.979425
asset_0067,SAF-698507-733,Generic Brand Safety Equipment #68,Generic Brand industrial safety-equipment for manufacturing operations,safety-equipment,operational,good,kilinto,Kombolcha Industrial Park,"Building A, Floor 2",2023-10-20T00:23:31.979425,7210,4942.88,15.6,Generic Brand,Generic Brand-540,SN9992599,180,2025-10-04T00:23:31.979425,2026-04-02T00:23:31.979425,2025-10-19T00:23:31.979425,813,4,98,7.22,2023-10-20T00:23:31.979425,2026-01-10T00:23:31.979425
asset_0068,UTI-301444-948,Wilo Utility #69,Wilo industrial utility for manufacturing operations,utility,operational,good,kombolcha,Kilinto Industrial Park,"Building C, Floor 1",2022-07-28T00:23:31.979425,41858,19619.02,19.69,Wilo,Wilo-338,SN7950298,90,2025-12-05T00:23:31.979425,2026-03-05T00:23:31.979425,2025-07-27T00:23:31.979425,1262,14,36,7.35,2022-07-28T00:23:31.979425,2026-01-10T00:23:31.979425
asset_0069,SAF-239312-936,Generic Brand Safety Equipment #70,Generic Brand industrial safety-equipment for manufacturing operations,safety-equipment,operational,fair,kilinto,Kombolcha Industrial Park,"Building B, Floor 2",2022-11-04T00:23:31.979425,333,194.56,15.53,Generic Brand,Generic Brand-274,SN5828991,180,2025-12-16T00:23:31.979425,2026-06-14T00:23:31.979425,2025-11-03T00:23:31.979425,1163,6,25,10.32,2022-11-04T00:23:31.979425,2026-01-10T00:23:31.979425
asset_0070,IT--839808-497,Lenovo It Equipment #71,Lenovo industrial it-equipment for manufacturing operations,it-equipment,maintenance,poor,kilinto,Hawassa Industrial Park,"Building D, Floor 1",2022-04-04T00:23:31.979425,9001,4165.46,18.48,Lenovo,Lenovo-720,SN9877412,365,2025-04-14T00:23:31.979425,2026-04-14T00:23:31.979425,2023-04-04T00:23:31.979425,1377,3,271,15.38,2022-04-04T00:23:31.979425,2026-01-10T00:23:31.979425
asset_0071,TOO-785188-290,Generic Brand Tool #72,Generic Brand industrial tool for manufacturing operations,tool,repair,fair,bole-lemi,Kilinto Industrial Park,"Building A, Floor 3",2023-10-26T00:23:31.979425,3331,2415.97,13.53,Generic Brand,Generic Brand-315,SN5495393,180,2026-01-08T00:23:31.979425,2026-07-07T00:23:31.979425,2024-10-25T00:23:31.979425,807,4,2,10.22,2023-10-26T00:23:31.979425,2026-01-10T00:23:31.979425
asset_0072,OTH-662814-907,Generic Brand Other #73,Generic Brand industrial other for manufacturing operations,other,reserved,excellent,bole-lemi,Hawassa Industrial Park,"Building D, Floor 1",2023-11-05T00:23:31.979425,12664,10648.13,7.64,Generic Brand,Generic Brand-252,SN8850553,180,2025-08-30T00:23:31.979425,2026-02-26T00:23:31.979425,2025-11-04T00:23:31.979425,797,4,133,5.22,2023-11-05T00:23:31.979425,2026-01-10T00:23:31.979425
asset_0073,INF-702885-940,Caterpillar Infrastructure #74,Caterpillar industrial infrastructure for manufacturing operations,infrastructure,operational,good,kilinto,Kilinto Industrial Park,"Building D, Floor 3",2024-03-20T00:23:31.979425,737363,556456.95,14.41,Caterpillar,Caterpillar-619,SN9256390,180,2025-11-14T00:23:31.979425,2026-05-13T00:23:31.979425,2025-03-20T00:23:31.979425,661,3,57,7.18,2024-03-20T00:23:31.979425,2026-01-10T00:23:31.979425
asset_0074,TOO-931551-337,Generic Brand Tool #75,Generic Brand industrial tool for manufacturing operations,tool,damaged,critical,hawassa-park,Kombolcha Industrial Park,"Building B, Floor 1",2021-02-18T00:23:31.979425,1497,1153.18,5.19,Generic Brand,Generic Brand-505,SN1824715,180,2025-07-30T00:23:31.979425,2026-01-26T00:23:31.979425,2022-02-18T00:23:31.979425,1787,9,164,25.49,2021-02-18T00:23:31.979425,2026-01-10T00:23:31.979425
asset_0075,FUR-287462-374,Generic Brand Furniture #76,Generic Brand industrial furniture for manufacturing operations,furniture,operational,excellent,kombolcha,Bole Lemi Industrial Park,"Building B, Floor 3",2025-06-21T00:23:31.979425,1894,1695.27,18.08,Generic Brand,Generic Brand-254,SN5191532,180,2025-10-27T00:23:31.979425,2026-04-25T00:23:31.979425,2028-06-20T00:23:31.979425,203,1,75,5.06,2025-06-21T00:23:31.979425,2026-01-10T00:23:31.979425
asset_0076,SAF-792444-607,Generic Brand Safety Equipment #77,Generic Brand industrial safety-equipment for manufacturing operations,safety-equipment,damaged,poor,kombolcha,Kilinto Industrial Park,"Building A, Floor 3",2021-12-18T00:23:31.979425,2652,1197.39,17.78,Generic Brand,Generic Brand-190,SN3299292,180,2025-07-22T00:23:31.979425,2026-01-18T00:23:31.979425,2023-12-18T00:23:31.979425,1484,8,172,15.41,2021-12-18T00:23:31.979425,2026-01-10T00:23:31.979425
asset_0077,SAF-449709-292,Generic Brand Safety Equipment #78,Generic Brand industrial safety-equipment for manufacturing operations,safety-equipment,operational,fair,kilinto,Kilinto Industrial Park,"Building B, Floor 3",2022-05-12T00:23:31.979425,4573,2162.54,18.48,Generic Brand,Generic Brand-891,SN4000762,180,2025-11-19T00:23:31.979425,2026-05-18T00:23:31.979425,2025-05-11T00:23:31.979425,1339,7,52,10.37,2022-05-12T00:23:31.979425,2026-01-10T00:23:31.979425
asset_0078,VEH-128445-126,Hino Vehicle #79,Hino industrial vehicle for manufacturing operations,vehicle,repair,critical,bole-lemi,Kilinto Industrial Park,"Building D, Floor 3",2023-05-14T00:23:31.979425,60765,37260.93,16.79,Hino,Hino-651,SN6456996,120,2025-11-21T00:23:31.979425,2026-03-21T00:23:31.979425,2026-05-13T00:23:31.979425,972,8,50,25.27,2023-05-14T00:23:31.979425,2026-01-10T00:23:31.979425
asset_0079,VEH-382868-112,Mercedes-Benz Vehicle #80,Mercedes-Benz industrial vehicle for manufacturing operations,vehicle,operational,fair,bole-lemi,Kilinto Industrial Park,"Building C, Floor 3",2021-01-31T00:23:31.979425,84193,29822.29,18.94,Mercedes-Benz,Mercedes-Benz-723,SN3609488,120,2025-12-20T00:23:31.979425,2026-04-19T00:23:31.979425,2023-01-31T00:23:31.979425,1805,15,21,10.49,2021-01-31T00:23:31.979425,2026-01-10T00:23:31.979425
asset_0080,IT--217138-747,Dell It Equipment #81,Dell industrial it-equipment for manufacturing operations,it-equipment,operational,good,kilinto,Kilinto Industrial Park,"Building C, Floor 1",2023-05-25T00:23:31.979425,4527,2559.52,19.49,Dell,Dell-546,SN8460568,365,2025-04-05T00:23:31.979425,2026-04-05T00:23:31.979425,2025-05-24T00:23:31.979425,961,2,280,7.26,2023-05-25T00:23:31.979425,2026-01-10T00:23:31.979425
asset_0081,INF-385991-561,Caterpillar Infrastructure #82,Caterpillar industrial infrastructure for manufacturing operations,infrastructure,operational,good,kilinto,Bole Lemi Industrial Park,"Building A, Floor 2",2022-05-30T00:23:31.979425,205203,141487.9,9.77,Caterpillar,Caterpillar-633,SN3618422,180,2025-12-24T00:23:31.979425,2026-06-22T00:23:31.979425,2025-05-29T00:23:31.979425,1321,7,17,7.36,2022-05-30T00:23:31.979425,2026-01-10T00:23:31.979425
asset_0082,UTI-369842-465,Wilo Utility #83,Wilo industrial utility for manufacturing operations,utility,operational,fair,kilinto,Kilinto Industrial Park,"Building C, Floor 2",2022-10-13T00:23:31.979425,93041,64611.72,10.63,Wilo,Wilo-156,SN5088593,90,2025-11-12T00:23:31.979425,2026-02-10T00:23:31.979425,2024-10-12T00:23:31.979425,1185,13,59,10.32,2022-10-13T00:23:31.979425,2026-01-10T00:23:31.979425
asset_0083,VEH-201210-676,Hino Vehicle #84,Hino industrial vehicle for manufacturing operations,vehicle,operational,fair,kombolcha,Kilinto Industrial Park,"Building C, Floor 3",2024-06-18T00:23:31.979425,58741,50772.7,8.9,Hino,Hino-309,SN9635626,120,2025-11-15T00:23:31.979425,2026-03-15T00:23:31.979425,2025-06-18T00:23:31.979425,571,4,56,10.16,2024-06-18T00:23:31.979425,2026-01-10T00:23:31.979425
asset_0084,MAC-936716-616,Mitsubishi Machinery #85,Mitsubishi industrial machinery for manufacturing operations,machinery,operational,fair,hawassa-park,Bole Lemi Industrial Park,"Building A, Floor 2",2021-04-01T00:23:31.979425,388936,270323.18,7.33,Mitsubishi,Mitsubishi-352,SN2871029,90,2025-12-08T00:23:31.979425,2026-03-08T00:23:31.979425,2023-04-01T00:23:31.979425,1745,19,33,10.48,2021-04-01T00:23:31.979425,2026-01-10T00:23:31.979425
asset_0085,OTH-684394-850,Generic Brand Other #86,Generic Brand industrial other for manufacturing operations,other,repair,poor,kombolcha,Hawassa Industrial Park,"Building B, Floor 3",2024-01-30T00:23:31.979425,21251,15007.92,16.36,Generic Brand,Generic Brand-467,SN2398560,180,2025-07-19T00:23:31.979425,2026-01-15T00:23:31.979425,2026-01-29T00:23:31.979425,711,3,175,15.19,2024-01-30T00:23:31.979425,2026-01-10T00:23:31.979425
asset_0086,MAC-978670-576,ABB Machinery #87,ABB industrial machinery for manufacturing operations,machinery,operational,fair,bole-lemi,Kilinto Industrial Park,"Building A, Floor 3",2024-07-25T00:23:31.979425,169292,145707.04,9.75,ABB,ABB-137,SN3879216,90,2026-01-01T00:23:31.979425,2026-04-01T00:23:31.979425,2026-07-25T00:23:31.979425,534,5,9,10.15,2024-07-25T00:23:31.979425,2026-01-10T00:23:31.979425
asset_0087,OTH-764592-172,Generic Brand Other #88,Generic Brand industrial other for manufacturing operations,other,operational,good,bole-lemi,Hawassa Industrial Park,"Building C, Floor 2",2026-01-10T00:23:31.979425,45295,45295.0,7.35,Generic Brand,Generic Brand-161,SN9543240,180,2025-09-24T00:23:31.979425,2026-03-23T00:23:31.979425,2027-01-10T00:23:31.979425,0,0,108,7.0,2026-01-10T00:23:31.979425,2026-01-10T00:23:31.979425
asset_0088,TOO-414078-570,Generic Brand Tool #89,Generic Brand industrial tool for manufacturing operations,tool,operational,good,kilinto,Kombolcha Industrial Park,"Building B, Floor 1",2024-11-25T00:23:31.979425,4255,3428.99,17.45,Generic Brand,Generic Brand-820,SN3972547,180,2025-11-19T00:23:31.979425,2026-05-18T00:23:31.979425,2025-11-25T00:23:31.979425,411,2,52,7.11,2024-11-25T00:23:31.979425,2026-01-10T00:23:31.979425
asset_0089,IT--764362-599,Cisco It Equipment #90,Cisco industrial it-equipment for manufacturing operations,it-equipment,repair,fair,kombolcha,Kilinto Industrial Park,"Building C, Floor 2",2024-04-25T00:23:31.979425,5159,4485.45,7.85,Cisco,Cisco-706,SN5365379,365,2025-12-29T00:23:31.979425,2026-12-29T00:23:31.979425,2026-04-25T00:23:31.979425,625,1,12,10.17,2024-04-25T00:23:31.979425,2026-01-10T00:23:31.979425
asset_0090,SAF-760736-927,Generic Brand Safety Equipment #91,Generic Brand industrial safety-equipment for manufacturing operations,safety-equipment,operational,excellent,kilinto,Kombolcha Industrial Park,"Building B, Floor 1",2022-11-18T00:23:31.979425,3758,2698.97,9.99,Generic Brand,Generic Brand-150,SN4742667,180,2025-11-25T00:23:31.979425,2026-05-24T00:23:31.979425,2024-11-17T00:23:31.979425,1149,6,46,5.31,2022-11-18T00:23:31.979425,2026-01-10T00:23:31.979425
asset_0091,MAC-171136-545,Honeywell Machinery #92,Honeywell industrial machinery for manufacturing operations,machinery,operational,excellent,kombolcha,Kombolcha Industrial Park,"Building B, Floor 3",2025-10-27T00:23:31.979425,115449,112475.13,11.93,Honeywell,Honeywell-196,SN8388276,90,2025-12-27T00:23:31.979425,2026-03-27T00:23:31.979425,2028-10-26T00:23:31.979425,75,0,14,5.02,2025-10-27T00:23:31.979425,2026-01-10T00:23:31.979425
asset_0092,VEH-463559-861,Toyota Vehicle #93,Toyota industrial vehicle for manufacturing operations,vehicle,operational,good,kilinto,Bole Lemi Industrial Park,"Building A, Floor 1",2023-07-07T00:23:31.979425,79134,55144.09,13.39,Toyota,Toyota-211,SN1358791,120,2025-10-04T00:23:31.979425,2026-02-01T00:23:31.979425,2025-07-06T00:23:31.979425,918,7,98,7.25,2023-07-07T00:23:31.979425,2026-01-10T00:23:31.979425
asset_0093,TOO-857553-663,Generic Brand Tool #94,Generic Brand industrial tool for manufacturing operations,tool,repair,fair,hawassa-park,Hawassa Industrial Park,"Building A, Floor 1",2024-04-11T00:23:31.979425,2652,2145.98,11.4,Generic Brand,Generic Brand-728,SN6565730,180,2025-11-05T00:23:31.979425,2026-05-04T00:23:31.979425,2027-04-11T00:23:31.979425,639,3,66,10.18,2024-04-11T00:23:31.979425,2026-01-10T00:23:31.979425
asset_0094,MAC-115147-167,ABB Machinery #95,ABB industrial machinery for manufacturing operations,machinery,operational,good,bole-lemi,Kilinto Industrial Park,"Building C, Floor 2",2024-09-02T00:23:31.979425,162814,144347.77,8.5,ABB,ABB-567,SN9986330,90,2025-11-05T00:23:31.979425,2026-02-03T00:23:31.979425,2026-09-02T00:23:31.979425,495,5,66,7.14,2024-09-02T00:23:31.979425,2026-01-10T00:23:31.979425
asset_0095,TOO-223896-163,Generic Brand Tool #96,Generic Brand industrial tool for manufacturing operations,tool,maintenance,poor,bole-lemi,Bole Lemi Industrial Park,"Building A, Floor 3",2022-01-23T00:23:31.979425,2898,1646.91,13.29,Generic Brand,Generic Brand-123,SN4091562,180,2025-11-14T00:23:31.979425,2026-05-13T00:23:31.979425,2024-01-23T00:23:31.979425,1448,8,57,15.4,2022-01-23T00:23:31.979425,2026-01-10T00:23:31.979425
asset_0096,OTH-382387-401,Generic Brand Other #97,Generic Brand industrial other for manufacturing operations,other,maintenance,poor,hawassa-park,Kilinto Industrial Park,"Building A, Floor 1",2023-12-02T00:23:31.979425,47880,34184.67,14.77,Generic Brand,Generic Brand-142,SN4461867,180,2025-08-24T00:23:31.979425,2026-02-20T00:23:31.979425,2024-12-01T00:23:31.979425,770,4,139,15.21,2023-12-02T00:23:31.979425,2026-01-10T00:23:31.979425
asset_0097,IT--958070-362,Huawei It Equipment #98,Huawei industrial it-equipment for manufacturing operations,it-equipment,operational,fair,bole-lemi,Kombolcha Industrial Park,"Building B, Floor 2",2024-08-25T00:23:31.979425,7607,6388.8,11.9,Huawei,Huawei-566,SN1193529,365,2025-04-08T00:23:31.979425,2026-04-08T00:23:31.979425,2026-08-25T00:23:31.979425,503,1,277,10.14,2024-08-25T00:23:31.979425,2026-01-10T00:23:31.979425
asset_0098,UTI-742561-737,Wilo Utility #99,Wilo industrial utility for manufacturing operations,utility,operational,fair,bole-lemi,Bole Lemi Industrial Park,"Building A, Floor 2",2025-01-18T00:23:31.979425,72549,62080.88,14.74,Wilo,Wilo-621,SN7222111,90,2025-11-18T00:23:31.979425,2026-02-16T00:23:31.979425,2027-01-18T00:23:31.979425,357,3,53,10.1,2025-01-18T00:23:31.979425,2026-01-10T00:23:31.979425
asset_0099,FUR-581801-403,Generic Brand Furniture #100,Generic Brand industrial furniture for manufacturing operations,furniture,operational,excellent,kilinto,Kombolcha Industrial Park,"Building A, Floor 3",2024-11-05T00:23:31.979425,3525,3278.97,5.95,Generic Brand,Generic Brand-737,SN9930953,180,2025-07-25T00:23:31.979425,2026-01-21T00:23:31.979425,2026-11-05T00:23:31.979425,431,2,169,5.12,2024-11-05T00:23:31.979425,2026-01-10T00:23:31.979425
asset_0100,FUR-634018-709,Generic Brand Furniture #101,Generic Brand industrial furniture for manufacturing operations,furniture,operational,fair,kombolcha,Bole Lemi Industrial Park,"Building C, Floor 3",2023-11-25T00:23:31.979425,4947,4215.79,7.24,Generic Brand,Generic Brand-271,SN7958104,180,2025-11-15T00:23:31.979425,2026-05-14T00:23:31.979425,2026-11-24T00:23:31.979425,777,4,56,10.21,2023-11-25T00:23:31.979425,2026-01-10T00:23:31.979425
asset_0101,MAC-763290-253,Schneider Electric Machinery #102,Schneider Electric industrial machinery for manufacturing operations,machinery,maintenance,critical,kombolcha,Hawassa Industrial Park,"Building B, Floor 2",2022-05-30T00:23:31.979425,303563,199816.07,10.92,Schneider Electric,Schneider Electric-158,SN1343041,90,2025-11-07T00:23:31.979425,2026-02-05T00:23:31.979425,2023-05-30T00:23:31.979425,1321,14,64,25.36,2022-05-30T00:23:31.979425,2026-01-10T00:23:31.979425
asset_0102,INF-495045-111,Komatsu Infrastructure #103,Komatsu industrial infrastructure for manufacturing operations,infrastructure,operational,excellent,kombolcha,Bole Lemi Industrial Park,"Building C, Floor 2",2024-03-11T00:23:31.979425,324374,224317.72,18.21,Komatsu,Komatsu-298,SN7722607,180,2025-08-24T00:23:31.979425,2026-02-20T00:23:31.979425,2027-03-11T00:23:31.979425,670,3,139,5.18,2024-03-11T00:23:31.979425,2026-01-10T00:23:31.979425
asset_0103,UTI-149502-973,KSB Utility #104,KSB industrial utility for manufacturing operations,utility,repair,poor,kombolcha,Bole Lemi Industrial Park,"Building D, Floor 1",2021-09-30T00:23:31.979425,81303,37992.64,16.29,KSB,KSB-767,SN8976185,90,2025-12-03T00:23:31.979425,2026-03-03T00:23:31.979425,2022-09-30T00:23:31.979425,1563,17,38,15.43,2021-09-30T00:23:31.979425,2026-01-10T00:23:31.979425
asset_0104,SAF-806360-963,Generic Brand Safety Equipment #105,Generic Brand industrial safety-equipment for manufacturing operations,safety-equipment,reserved,good,hawassa-park,Kilinto Industrial Park,"Building C, Floor 3",2023-07-21T00:23:31.979425,1625,1340.03,7.49,Generic Brand,Generic Brand-875,SN3276504,180,2025-08-07T00:23:31.979425,2026-02-03T00:23:31.979425,2026-07-20T00:23:31.979425,904,5,156,7.25,2023-07-21T00:23:31.979425,2026-01-10T00:23:31.979425
asset_0105,UTI-350694-180,KSB Utility #106,KSB industrial utility for manufacturing operations,utility,operational,excellent,kombolcha,Hawassa Industrial Park,"Building C, Floor 1",2025-07-26T00:23:31.979425,14347,13728.44,9.14,KSB,KSB-102,SN3393964,90,2025-11-18T00:23:31.979425,2026-02-16T00:23:31.979425,2026-07-26T00:23:31.979425,168,1,53,5.05,2025-07-26T00:23:31.979425,2026-01-10T00:23:31.979425
asset_0106,INF-433055-212,General Electric Infrastructure #107,General Electric industrial infrastructure for manufacturing operations,infrastructure,repair,poor,kombolcha,Kombolcha Industrial Park,"Building D, Floor 3",2022-11-07T00:23:31.979425,791815,659108.68,5.61,General Electric,General Electric-667,SN2679546,180,2025-08-14T00:23:31.979425,2026-02-10T00:23:31.979425,2023-11-07T00:23:31.979425,1160,6,149,15.32,2022-11-07T00:23:31.979425,2026-01-10T00:23:31.979425
asset_0107,VEH-293004-826,Volvo Vehicle #108,Volvo industrial vehicle for manufacturing operations,vehicle,reserved,good,bole-lemi,Bole Lemi Industrial Park,"Building D, Floor 2",2023-01-11T00:23:31.979425,149344,113000.53,8.88,Volvo,Volvo-405,SN1864063,120,2025-10-02T00:23:31.979425,2026-01-30T00:23:31.979425,2025-01-10T00:23:31.979425,1095,9,100,7.3,2023-01-11T00:23:31.979425,2026-01-10T00:23:31.979425
asset_0108,TOO-280804-155,Generic Brand Tool #109,Generic Brand industrial tool for manufacturing operations,tool,operational,excellent,bole-lemi,Bole Lemi Industrial Park,"Building A, Floor 1",2024-03-24T00:23:31.979425,1654,1440.5,7.4,Generic Brand,Generic Brand-709,SN2434360,180,2025-10-19T00:23:31.979425,2026-04-17T00:23:31.979425,2025-03-24T00:23:31.979425,657,3,83,5.18,2024-03-24T00:23:31.979425,2026-01-10T00:23:31.979425
asset_0109,UTI-693251-331,KSB Utility #110,KSB industrial utility for manufacturing operations,utility,operational,fair,hawassa-park,Hawassa Industrial Park,"Building D, Floor 2",2021-12-30T00:23:31.979425,42997,23064.46,14.32,KSB,KSB-416,SN8158519,90,2025-10-18T00:23:31.979425,2026-01-16T00:23:31.979425,2024-12-29T00:23:31.979425,1472,16,84,10.4,2021-12-30T00:23:31.979425,2026-01-10T00:23:31.979425
asset_0110,FUR-237592-920,Generic Brand Furniture #111,Generic Brand industrial furniture for manufacturing operations,furniture,operational,excellent,bole-lemi,Bole Lemi Industrial Park,"Building C, Floor 3",2022-10-18T00:23:31.979425,2228,1424.66,12.93,Generic Brand,Generic Brand-578,SN4950969,180,2025-10-31T00:23:31.979425,2026-04-29T00:23:31.979425,2023-10-18T00:23:31.979425,1180,6,71,5.32,2022-10-18T00:23:31.979425,2026-01-10T00:23:31.979425
asset_0111,SAF-220340-767,Generic Brand Safety Equipment #112,Generic Brand industrial safety-equipment for manufacturing operations,safety-equipment,damaged,poor,kombolcha,Hawassa Industrial Park,"Building A, Floor 1",2024-02-26T00:23:31.979425,6788,5150.65,13.71,Generic Brand,Generic Brand-245,SN4472852,180,2025-12-25T00:23:31.979425,2026-06-23T00:23:31.979425,2025-02-25T00:23:31.979425,684,3,16,15.19,2024-02-26T00:23:31.979425,2026-01-10T00:23:31.979425
asset_0112,VEH-992460-566,Isuzu Vehicle #113,Isuzu industrial vehicle for manufacturing operations,vehicle,operational,excellent,bole-lemi,Bole Lemi Industrial Park,"Building A, Floor 2",2025-08-14T00:23:31.979425,134912,123603.27,19.31,Isuzu,Isuzu-307,SN6094493,120,2025-12-28T00:23:31.979425,2026-04-27T00:23:31.979425,2026-08-14T00:23:31.979425,149,1,13,5.04,2025-08-14T00:23:31.979425,2026-01-10T00:23:31.979425
asset_0113,IT--293982-101,Lenovo It Equipment #114,Lenovo industrial it-equipment for manufacturing operations,it-equipment,damaged,fair,kilinto,Bole Lemi Industrial Park,"Building B, Floor 2",2021-01-23T00:23:31.979425,4167,1607.06,17.47,Lenovo,Lenovo-999,SN6904078,365,2025-10-25T00:23:31.979425,2026-10-25T00:23:31.979425,2023-01-23T00:23:31.979425,1813,4,77,10.5,2021-01-23T00:23:31.979425,2026-01-10T00:23:31.979425
asset_0114,UTI-715617-607,Grundfos Utility #115,Grundfos industrial utility for manufacturing operations,utility,operational,fair,kombolcha,Bole Lemi Industrial Park,"Building B, Floor 1",2023-03-09T00:23:31.979425,51584,28137.67,19.21,Grundfos,Grundfos-396,SN7049882,90,2025-11-16T00:23:31.979425,2026-02-14T00:23:31.979425,2025-03-08T00:23:31.979425,1038,11,55,10.28,2023-03-09T00:23:31.979425,2026-01-10T00:23:31.979425
asset_0115,IT--770123-687,Huawei It Equipment #116,Huawei industrial it-equipment for manufacturing operations,it-equipment,maintenance,poor,bole-lemi,Bole Lemi Industrial Park,"Building D, Floor 1",2022-11-16T00:23:31.979425,6064,3355.69,17.12,Huawei,Huawei-870,SN4274297,365,2025-07-31T00:23:31.979425,2026-07-31T00:23:31.979425,2025-11-15T00:23:31.979425,1151,3,163,15.32,2022-11-16T00:23:31.979425,2026-01-10T00:23:31.979425
asset_0116,SAF-770478-834,Generic Brand Safety Equipment #117,Generic Brand industrial safety-equipment for manufacturing operations,safety-equipment,operational,excellent,bole-lemi,Kilinto Industrial Park,"Building B, Floor 1",2024-09-27T00:23:31.979425,1809,1670.26,6.01,Generic Brand,Generic Brand-893,SN1459626,180,2025-10-25T00:23:31.979425,2026-04-23T00:23:31.979425,2026-09-27T00:23:31.979425,470,2,77,5.13,2024-09-27T00:23:31.979425,2026-01-10T00:23:31.979425
asset_0117,OTH-640508-268,Generic Brand Other #118,Generic Brand industrial other for manufacturing operations,other,operational,excellent,kombolcha,Hawassa Industrial Park,"Building D, Floor 3",2023-10-14T00:23:31.979425,19547,16805.75,6.52,Generic Brand,Generic Brand-435,SN7164906,180,2025-11-26T00:23:31.979425,2026-05-25T00:23:31.979425,2025-10-13T00:23:31.979425,819,4,45,5.22,2023-10-14T00:23:31.979425,2026-01-10T00:23:31.979425
asset_0118,INF-465181-200,Komatsu Infrastructure #119,Komatsu industrial infrastructure for manufacturing operations,infrastructure,operational,fair,kilinto,Kombolcha Industrial Park,"Building B, Floor 1",2023-07-02T00:23:31.979425,653603,439792.58,14.51,Komatsu,Komatsu-557,SN3847279,180,2026-01-03T00:23:31.979425,2026-07-02T00:23:31.979425,2024-07-01T00:23:31.979425,923,5,7,10.25,2023-07-02T00:23:31.979425,2026-01-10T00:23:31.979425
asset_0119,VEH-564133-827,Hino Vehicle #120,Hino industrial vehicle for manufacturing operations,vehicle,operational,excellent,bole-lemi,Bole Lemi Industrial Park,"Building A, Floor 1",2025-09-08T00:23:31.979425,61253,57043.04,18.92,Hino,Hino-554,SN3550191,120,2025-10-13T00:23:31.979425,2026-02-10T00:23:31.979425,2026-09-08T00:23:31.979425,124,1,89,5.03,2025-09-08T00:23:31.979425,2026-01-10T00:23:31.979425
asset_0120,INF-993391-194,Komatsu Infrastructure #121,Komatsu industrial infrastructure for manufacturing operations,infrastructure,repair,excellent,bole-lemi,Hawassa Industrial Park,"Building D, Floor 3",2024-07-28T00:23:31.979425,773167,634915.83,12.67,Komatsu,Komatsu-128,SN4808022,180,2025-10-27T00:23:31.979425,2026-04-25T00:23:31.979425,2025-07-28T00:23:31.979425,531,2,75,5.15,2024-07-28T00:23:31.979425,2026-01-10T00:23:31.979425
asset_0121,IT--970338-258,Cisco It Equipment #122,Cisco industrial it-equipment for manufacturing operations,it-equipment,repair,good,hawassa-park,Hawassa Industrial Park,"Building C, Floor 1",2022-10-06T00:23:31.979425,9893,8043.15,6.15,Cisco,Cisco-415,SN4583597,365,2025-07-22T00:23:31.979425,2026-07-22T00:23:31.979425,2025-10-05T00:23:31.979425,1192,3,172,7.33,2022-10-06T00:23:31.979425,2026-01-10T00:23:31.979425
asset_0122,SAF-192549-725,Generic Brand Safety Equipment #123,Generic Brand industrial safety-equipment for manufacturing operations,safety-equipment,repair,fair,hawassa-park,Hawassa Industrial Park,"Building B, Floor 3",2022-08-08T00:23:31.979425,4065,2998.17,8.5,Generic Brand,Generic Brand-903,SN9974434,180,2025-08-08T00:23:31.979425,2026-02-04T00:23:31.979425,2025-08-07T00:23:31.979425,1251,6,155,10.34,2022-08-08T00:23:31.979425,2026-01-10T00:23:31.979425
asset_0123,TOO-890843-251,Generic Brand Tool #124,Generic Brand industrial tool for manufacturing operations,tool,reserved,fair,kombolcha,Kombolcha Industrial Park,"Building D, Floor 1",2023-11-17T00:23:31.979425,4970,3642.01,13.47,Generic Brand,Generic Brand-875,SN2849479,180,2025-12-25T00:23:31.979425,2026-06-23T00:23:31.979425,2026-11-16T00:23:31.979425,785,4,16,10.22,2023-11-17T00:23:31.979425,2026-01-10T00:23:31.979425
asset_0124,UTI-105375-426,KSB Utility #125,KSB industrial utility for manufacturing operations,utility,operational,fair,kombolcha,Bole Lemi Industrial Park,"Building D, Floor 1",2024-05-06T00:23:31.979425,98645,88229.17,6.42,KSB,KSB-950,SN2925944,90,2025-12-18T00:23:31.979425,2026-03-18T00:23:31.979425,2027-05-06T00:23:31.979425,614,6,23,10.17,2024-05-06T00:23:31.979425,2026-01-10T00:23:31.979425
asset_0125,OTH-577805-372,Generic Brand Other #126,Generic Brand industrial other for manufacturing operations,other,reserved,excellent,kombolcha,Bole Lemi Industrial Park,"Building C, Floor 1",2025-07-24T00:23:31.979425,46652,44218.97,10.87,Generic Brand,Generic Brand-114,SN1966083,180,2025-08-06T00:23:31.979425,2026-02-02T00:23:31.979425,2027-07-24T00:23:31.979425,170,0,157,5.05,2025-07-24T00:23:31.979425,2026-01-10T00:23:31.979425
asset_0126,VEH-206833-688,Volvo Vehicle #127,Volvo industrial vehicle for manufacturing operations,vehicle,operational,fair,kilinto,Kombolcha Industrial Park,"Building B, Floor 1",2023-04-08T00:23:31.979425,118706,95734.71,7.5,Volvo,Volvo-821,SN3260074,120,2025-11-05T00:23:31.979425,2026-03-05T00:23:31.979425,2025-04-07T00:23:31.979425,1008,8,66,10.28,2023-04-08T00:23:31.979425,2026-01-10T00:23:31.979425
asset_0127,UTI-501336-320,KSB Utility #128,KSB industrial utility for manufacturing operations,utility,operational,good,kilinto,Bole Lemi Industrial Park,"Building B, Floor 3",2022-01-04T00:23:31.979425,51914,32826.02,10.79,KSB,KSB-277,SN3665386,90,2025-12-03T00:23:31.979425,2026-03-03T00:23:31.979425,2025-01-03T00:23:31.979425,1467,16,38,7.4,2022-01-04T00:23:31.979425,2026-01-10T00:23:31.979425
asset_0128,VEH-878024-816,Hino Vehicle #129,Hino industrial vehicle for manufacturing operations,vehicle,operational,good,bole-lemi,Kilinto Industrial Park,"Building D, Floor 3",2021-12-20T00:23:31.979425,44674,28963.43,10.13,Hino,Hino-242,SN2120471,120,2025-12-08T00:23:31.979425,2026-04-07T00:23:31.979425,2024-12-19T00:23:31.979425,1482,12,33,7.41,2021-12-20T00:23:31.979425,2026-01-10T00:23:31.979425
asset_0129,FUR-194723-445,Generic Brand Furniture #130,Generic Brand industrial furniture for manufacturing operations,furniture,maintenance,fair,bole-lemi,Kombolcha Industrial Park,"Building C, Floor 2",2024-03-06T00:23:31.979425,3765,2807.43,14.68,Generic Brand,Generic Brand-923,SN4937687,180,2025-11-11T00:23:31.979425,2026-05-10T00:23:31.979425,2027-03-06T00:23:31.979425,675,3,60,10.18,2024-03-06T00:23:31.979425,2026-01-10T00:23:31.979425
asset_0130,INF-398168-799,General Electric Infrastructure #131,General Electric industrial infrastructure for manufacturing operations,infrastructure,operational,good,kilinto,Kilinto Industrial Park,"Building A, Floor 1",2025-07-08T00:23:31.979425,970847,928769.65,8.33,General Electric,General Electric-274,SN9211006,180,2025-07-25T00:23:31.979425,2026-01-21T00:23:31.979425,2027-07-08T00:23:31.979425,186,1,169,7.05,2025-07-08T00:23:31.979425,2026-01-10T00:23:31.979425
asset_0131,FUR-860979-330,Generic Brand Furniture #132,Generic Brand industrial furniture for manufacturing operations,furniture,maintenance,poor,kilinto,Hawassa Industrial Park,"Building D, Floor 1",2022-08-22T00:23:31.979425,919,629.08,10.59,Generic Brand,Generic Brand-335,SN2822673,180,2025-07-24T00:23:31.979425,2026-01-20T00:23:31.979425,2024-08-21T00:23:31.979425,1237,6,170,15.34,2022-08-22T00:23:31.979425,2026-01-10T00:23:31.979425
asset_0132,MAC-698575-169,Siemens Machinery #133,Siemens industrial machinery for manufacturing operations,machinery,repair,critical,bole-lemi,Kilinto Industrial Park,"Building C, Floor 3",2024-12-19T00:23:31.979425,227195,186453.09,17.02,Siemens,Siemens-749,SN8744171,90,2025-10-12T00:23:31.979425,2026-01-10T00:23:31.979425,2026-12-19T00:23:31.979425,387,4,90,25.11,2024-12-19T00:23:31.979425,2026-01-10T00:23:31.979425
asset_0133,VEH-173456-998,Hino Vehicle #134,Hino industrial vehicle for manufacturing operations,vehicle,operational,excellent,kilinto,Hawassa Industrial Park,"Building C, Floor 3",2025-12-03T00:23:31.979425,118331,117485.08,6.66,Hino,Hino-436,SN4290881,120,2026-01-07T00:23:31.979425,2026-05-07T00:23:31.979425,2026-12-03T00:23:31.979425,38,0,3,5.01,2025-12-03T00:23:31.979425,2026-01-10T00:23:31.979425
asset_0134,MAC-178953-727,ABB Machinery #135,ABB industrial machinery for manufacturing operations,machinery,operational,excellent,hawassa-park,Bole Lemi Industrial Park,"Building C, Floor 1",2023-12-14T00:23:31.979425,86042,56684.2,18.22,ABB,ABB-856,SN4486565,90,2025-10-14T00:23:31.979425,2026-01-12T00:23:31.979425,2025-12-13T00:23:31.979425,758,8,88,5.21,2023-12-14T00:23:31.979425,2026-01-10T00:23:31.979425
asset_0135,SAF-967720-660,Generic Brand Safety Equipment #136,Generic Brand industrial safety-equipment for manufacturing operations,safety-equipment,operational,good,kilinto,Hawassa Industrial Park,"Building A, Floor 3",2024-08-13T00:23:31.979425,8808,6762.13,17.09,Generic Brand,Generic Brand-937,SN4391255,180,2025-08-17T00:23:31.979425,2026-02-13T00:23:31.979425,2026-08-13T00:23:31.979425,515,2,146,7.14,2024-08-13T00:23:31.979425,2026-01-10T00:23:31.979425
asset_0136,UTI-390463-645,Grundfos Utility #137,Grundfos industrial utility for manufacturing operations,utility,operational,good,kilinto,Kombolcha Industrial Park,"Building C, Floor 2",2024-03-11T00:23:31.979425,27336,24680.18,5.42,Grundfos,Grundfos-447,SN6831102,90,2025-10-22T00:23:31.979425,2026-01-20T00:23:31.979425,2025-03-11T00:23:31.979425,670,7,80,7.18,2024-03-11T00:23:31.979425,2026-01-10T00:23:31.979425
asset_0137,MAC-858184-415,Mitsubishi Machinery #138,Mitsubishi industrial machinery for manufacturing operations,machinery,operational,fair,kilinto,Hawassa Industrial Park,"Building D, Floor 3",2023-11-29T00:23:31.979425,486370,410128.07,7.74,Mitsubishi,Mitsubishi-836,SN9944316,90,2026-01-04T00:23:31.979425,2026-04-04T00:23:31.979425,2026-11-28T00:23:31.979425,773,8,6,10.21,2023-11-29T00:23:31.979425,2026-01-10T00:23:31.979425
asset_0138,TOO-966234-170,Generic Brand Tool #139,Generic Brand industrial tool for manufacturing operations,tool,operational,excellent,bole-lemi,Hawassa Industrial Park,"Building D, Floor 3",2025-11-17T00:23:31.979425,1201,1184.25,9.06,Generic Brand,Generic Brand-971,SN7142817,180,2025-08-18T00:23:31.979425,2026-02-14T00:23:31.979425,2027-11-17T00:23:31.979425,54,0,145,5.01,2025-11-17T00:23:31.979425,2026-01-10T00:23:31.979425
asset_0139,UTI-552241-358,Grundfos Utility #140,Grundfos industrial utility for manufacturing operations,utility,operational,fair,hawassa-park,Kombolcha Industrial Park,"Building C, Floor 1",2023-12-04T00:23:31.979425,56619,45855.65,9.54,Grundfos,Grundfos-873,SN8502674,90,2025-12-06T00:23:31.979425,2026-03-06T00:23:31.979425,2025-12-03T00:23:31.979425,768,8,35,10.21,2023-12-04T00:23:31.979425,2026-01-10T00:23:31.979425
asset_0140,IT--737985-848,Lenovo It Equipment #141,Lenovo industrial it-equipment for manufacturing operations,it-equipment,operational,good,bole-lemi,Bole Lemi Industrial Park,"Building C, Floor 1",2024-05-23T00:23:31.979425,2753,2305.57,10.28,Lenovo,Lenovo-231,SN1345519,365,2025-09-01T00:23:31.979425,2026-09-01T00:23:31.979425,2025-05-23T00:23:31.979425,597,1,131,7.16,2024-05-23T00:23:31.979425,2026-01-10T00:23:31.979425
asset_0141,OTH-552781-427,Generic Brand Other #142,Generic Brand industrial other for manufacturing operations,other,maintenance,excellent,bole-lemi,Hawassa Industrial Park,"Building C, Floor 1",2025-10-11T00:23:31.979425,45141,42947.74,18.12,Generic Brand,Generic Brand-119,SN8148053,180,2025-12-16T00:23:31.979425,2026-06-14T00:23:31.979425,2027-10-11T00:23:31.979425,91,0,25,5.02,2025-10-11T00:23:31.979425,2026-01-10T00:23:31.979425
asset_0142,MAC-928140-131,Honeywell Machinery #143,Honeywell industrial machinery for manufacturing operations,machinery,maintenance,fair,kombolcha,Hawassa Industrial Park,"Building A, Floor 1",2023-08-08T00:23:31.979425,79726,60910.08,10.5,Honeywell,Honeywell-287,SN3006064,90,2025-11-20T00:23:31.979425,2026-02-18T00:23:31.979425,2026-08-07T00:23:31.979425,886,9,51,10.24,2023-08-08T00:23:31.979425,2026-01-10T00:23:31.979425
asset_0143,OTH-983528-147,Generic Brand Other #144,Generic Brand industrial other for manufacturing operations,other,operational,fair,bole-lemi,Kilinto Industrial Park,"Building A, Floor 3",2022-03-23T00:23:31.979425,12463,7887.69,11.33,Generic Brand,Generic Brand-664,SN5611680,180,2025-12-21T00:23:31.979425,2026-06-19T00:23:31.979425,2024-03-22T00:23:31.979425,1389,7,20,10.38,2022-03-23T00:23:31.979425,2026-01-10T00:23:31.979425
asset_0144,VEH-121315-185,Isuzu Vehicle #145,Isuzu industrial vehicle for manufacturing operations,vehicle,operational,good,kilinto,Kilinto Industrial Park,"Building C, Floor 3",2024-04-18T00:23:31.979425,62152,49569.87,12.25,Isuzu,Isuzu-627,SN1646303,120,2025-10-25T00:23:31.979425,2026-02-22T00:23:31.979425,2026-04-18T00:23:31.979425,632,5,77,7.17,2024-04-18T00:23:31.979425,2026-01-10T00:23:31.979425
asset_0145,TOO-878596-136,Generic Brand Tool #146,Generic Brand industrial tool for manufacturing operations,tool,maintenance,poor,kilinto,Hawassa Industrial Park,"Building C, Floor 3",2024-05-21T00:23:31.979425,3935,3037.49,14.6,Generic Brand,Generic Brand-513,SN2456766,180,2025-07-30T00:23:31.979425,2026-01-26T00:23:31.979425,2025-05-21T00:23:31.979425,599,3,164,15.16,2024-05-21T00:23:31.979425,2026-01-10T00:23:31.979425
asset_0146,IT--859202-586,Cisco It Equipment #147,Cisco industrial it-equipment for manufacturing operations,it-equipment,repair,good,kilinto,Kilinto Industrial Park,"Building C, Floor 3",2025-07-22T00:23:31.979425,8882,8288.98,13.65,Cisco,Cisco-119,SN5638418,365,2025-04-26T00:23:31.979425,2026-04-26T00:23:31.979425,2028-07-21T00:23:31.979425,172,0,259,7.05,2025-07-22T00:23:31.979425,2026-01-10T00:23:31.982399
asset_0147,MAC-151825-368,Schneider Electric Machinery #148,Schneider Electric industrial machinery for manufacturing operations,machinery,repair,poor,kilinto,Bole Lemi Industrial Park,"Building B, Floor 3",2021-10-18T00:23:31.979425,318788,182470.77,12.36,Schneider Electric,Schneider Electric-541,SN2367523,90,2025-12-05T00:23:31.982399,2026-03-05T00:23:31.982399,2024-10-17T00:23:31.979425,1545,17,36,15.42,2021-10-18T00:23:31.979425,2026-01-10T00:23:31.982399
asset_0148,IT--108711-492,Dell It Equipment #149,Dell industrial it-equipment for manufacturing operations,it-equipment,operational,fair,hawassa-park,Kilinto Industrial Park,"Building B, Floor 1",2021-02-27T00:23:31.979425,9270,6758.66,6.28,Dell,Dell-838,SN6998916,365,2025-09-30T00:23:31.982399,2026-09-30T00:23:31.982399,2023-02-27T00:23:31.979425,1778,4,102,10.49,2021-02-27T00:23:31.979425,2026-01-10T00:23:31.982399
asset_0149,VEH-801177-994,Mercedes-Benz Vehicle #150,Mercedes-Benz industrial vehicle for manufacturing operations,vehicle,operational,good,kombolcha,Bole Lemi Industrial Park,"Building C, Floor 2",2025-10-04T00:23:31.979425,74323,71456.02,13.64,Mercedes-Benz,Mercedes-Benz-803,SN9618090,120,2025-11-15T00:23:31.982399,2026-03-15T00:23:31.982399,2026-10-04T00:23:31.979425,98,0,56,7.03,2025-10-04T00:23:31.979425,2026-01-10T00:23:31.982399
asset_0150,INF-809424-474,General Electric Infrastructure #151,General Electric industrial infrastructure for manufacturing operations,infrastructure,operational,good,bole-lemi,Kombolcha Industrial Park,"Building C, Floor 2",2023-10-05T00:23:31.979425,992080,645897.98,17.25,General Electric,General Electric-464,SN3261690,180,2025-12-26T00:23:31.982399,2026-06-24T00:23:31.982399,2026-10-04T00:23:31.979425,828,4,15,7.23,2023-10-05T00:23:31.979425,2026-01-10T00:23:31.982399
asset_0151,IT--645363-378,Cisco It Equipment #152,Cisco industrial it-equipment for manufacturing operations,it-equipment,operational,poor,hawassa-park,Kombolcha Industrial Park,"Building B, Floor 1",2021-05-13T00:23:31.979425,7731,4910.7,9.27,Cisco,Cisco-908,SN2511336,365,2025-10-06T00:23:31.982399,2026-10-06T00:23:31.982399,2023-05-13T00:23:31.979425,1703,4,96,15.47,2021-05-13T00:23:31.979425,2026-01-10T00:23:31.982399
asset_0152,UTI-802493-374,KSB Utility #153,KSB industrial utility for manufacturing operations,utility,operational,excellent,kombolcha,Kilinto Industrial Park,"Building B, Floor 3",2024-08-20T00:23:31.979425,39654,36162.83,6.41,KSB,KSB-797,SN1779757,90,2025-11-06T00:23:31.982399,2026-02-04T00:23:31.982399,2027-08-20T00:23:31.979425,508,5,65,5.14,2024-08-20T00:23:31.979425,2026-01-10T00:23:31.982399
asset_0153,INF-926963-133,Caterpillar Infrastructure #154,Caterpillar industrial infrastructure for manufacturing operations,infrastructure,maintenance,fair,kombolcha,Kombolcha Industrial Park,"Building D, Floor 3",2025-05-04T00:23:31.979425,297780,277904.19,9.56,Caterpillar,Caterpillar-847,SN6605748,180,2025-10-10T00:23:31.982399,2026-04-08T00:23:31.982399,2026-05-04T00:23:31.979425,251,1,92,10.07,2025-05-04T00:23:31.979425,2026-01-10T00:23:31.982399
asset_0154,MAC-334397-892,ABB Machinery #155,ABB industrial machinery for manufacturing operations,machinery,operational,good,kombolcha,Kilinto Industrial Park,"Building A, Floor 1",2023-07-11T00:23:31.979425,366498,250927.24,14.05,ABB,ABB-689,SN9330269,90,2025-11-07T00:23:31.982399,2026-02-05T00:23:31.982399,2025-07-10T00:23:31.979425,914,10,64,7.25,2023-07-11T00:23:31.979425,2026-01-10T00:23:31.982399
asset_0155,TOO-849696-561,Generic Brand Tool #156,Generic Brand industrial tool for manufacturing operations,tool,operational,good,hawassa-park,Hawassa Industrial Park,"Building D, Floor 2",2021-02-28T00:23:31.979425,4550,3171.16,7.15,Generic Brand,Generic Brand-653,SN1881008,180,2025-08-29T00:23:31.982399,2026-02-25T00:23:31.982399,2023-02-28T00:23:31.979425,1777,9,134,7.49,2021-02-28T00:23:31.979425,2026-01-10T00:23:31.982399
asset_0156,UTI-968869-659,KSB Utility #157,KSB industrial utility for manufacturing operations,utility,reserved,poor,kombolcha,Kombolcha Industrial Park,"Building A, Floor 3",2021-06-30T00:23:31.979425,86914,31987.26,19.8,KSB,KSB-819,SN5279519,90,2025-11-16T00:23:31.982399,2026-02-14T00:23:31.982399,2022-06-30T00:23:31.979425,1655,18,55,15.45,2021-06-30T00:23:31.979425,2026-01-10T00:23:31.982399
asset_0157,FUR-480967-641,Generic Brand Furniture #158,Generic Brand industrial furniture for manufacturing operations,furniture,maintenance,fair,hawassa-park,Kilinto Industrial Park,"Building C, Floor 1",2024-04-21T00:23:31.979425,1075,956.12,6.58,Generic Brand,Generic Brand-633,SN3749513,180,2025-10-02T00:23:31.982399,2026-03-31T00:23:31.982399,2027-04-21T00:23:31.979425,629,3,100,10.17,2024-04-21T00:23:31.979425,2026-01-10T00:23:31.982399
asset_0158,TOO-418352-579,Generic Brand Tool #159,Generic Brand industrial tool for manufacturing operations,tool,maintenance,critical,hawassa-park,Kombolcha Industrial Park,"Building C, Floor 2",2021-07-27T00:23:31.979425,4560,2557.9,12.16,Generic Brand,Generic Brand-431,SN7468144,180,2025-08-10T00:23:31.982399,2026-02-06T00:23:31.982399,2023-07-27T00:23:31.979425,1628,9,153,25.45,2021-07-27T00:23:31.979425,2026-01-10T00:23:31.982399
asset_0159,MAC-185590-510,ABB Machinery #160,ABB industrial machinery for manufacturing operations,machinery,operational,fair,kombolcha,Kombolcha Industrial Park,"Building A, Floor 1",2022-06-06T00:23:31.979425,119539,97747.93,5.44,ABB,ABB-863,SN8102291,90,2025-12-01T00:23:31.982399,2026-03-01T00:23:31.982399,2024-06-05T00:23:31.979425,1314,14,40,10.36,2022-06-06T00:23:31.979425,2026-01-10T00:23:31.982399
asset_0160,SAF-723742-168,Generic Brand Safety Equipment #161,Generic Brand industrial safety-equipment for manufacturing operations,safety-equipment,reserved,fair,kilinto,Hawassa Industrial Park,"Building A, Floor 2",2021-11-03T00:23:31.979425,5057,3808.73,6.55,Generic Brand,Generic Brand-353,SN6860677,180,2025-08-04T00:23:31.982399,2026-01-31T00:23:31.982399,2023-11-03T00:23:31.979425,1529,8,159,10.42,2021-11-03T00:23:31.979425,2026-01-10T00:23:31.982399
asset_0161,INF-235238-237,General Electric Infrastructure #162,General Electric industrial infrastructure for manufacturing operations,infrastructure,operational,fair,hawassa-park,Bole Lemi Industrial Park,"Building A, Floor 3",2023-01-31T00:23:31.979425,485332,390903.84,7.09,General Electric,General Electric-256,SN7550557,180,2025-12-04T00:23:31.982399,2026-06-02T00:23:31.982399,2025-01-30T00:23:31.979425,1075,5,37,10.29,2023-01-31T00:23:31.979425,2026-01-10T00:23:31.982399
asset_0162,TOO-787342-489,Generic Brand Tool #163,Generic Brand industrial tool for manufacturing operations,tool,repair,poor,kilinto,Hawassa Industrial Park,"Building B, Floor 3",2024-02-05T00:23:31.979425,935,622.24,19.02,Generic Brand,Generic Brand-660,SN1239517,180,2025-09-07T00:23:31.982399,2026-03-06T00:23:31.982399,2027-02-04T00:23:31.979425,705,3,125,15.19,2024-02-05T00:23:31.979425,2026-01-10T00:23:31.982399
asset_0163,IT--177679-771,Lenovo It Equipment #164,Lenovo industrial it-equipment for manufacturing operations,it-equipment,operational,excellent,hawassa-park,Kilinto Industrial Park,"Building B, Floor 2",2024-05-18T00:23:31.979425,1888,1474.1,13.94,Lenovo,Lenovo-288,SN7952723,365,2025-04-21T00:23:31.982399,2026-04-21T00:23:31.982399,2027-05-18T00:23:31.979425,602,1,264,5.16,2024-05-18T00:23:31.979425,2026-01-10T00:23:31.982399
asset_0164,MAC-859284-312,Honeywell Machinery #165,Honeywell industrial machinery for manufacturing operations,machinery,repair,poor,bole-lemi,Kilinto Industrial Park,"Building A, Floor 2",2021-10-03T00:23:31.979425,263868,126871.63,15.76,Honeywell,Honeywell-977,SN8092815,90,2025-12-29T00:23:31.982399,2026-03-29T00:23:31.982399,2024-10-02T00:23:31.979425,1560,17,12,15.43,2021-10-03T00:23:31.979425,2026-01-10T00:23:31.982399
asset_0165,TOO-784157-888,Generic Brand Tool #166,Generic Brand industrial tool for manufacturing operations,tool,maintenance,fair,kombolcha,Kilinto Industrial Park,"Building C, Floor 2",2023-10-18T00:23:31.979425,2427,1631.57,16.3,Generic Brand,Generic Brand-306,SN2928500,180,2026-01-08T00:23:31.982399,2026-07-07T00:23:31.982399,2026-10-17T00:23:31.979425,815,4,2,10.22,2023-10-18T00:23:31.979425,2026-01-10T00:23:31.982399
asset_0166,SAF-797864-138,Generic Brand Safety Equipment #167,Generic Brand industrial safety-equipment for manufacturing operations,safety-equipment,operational,fair,hawassa-park,Hawassa Industrial Park,"Building B, Floor 3",2021-06-28T00:23:31.979425,6489,2752.14,17.23,Generic Brand,Generic Brand-309,SN2547110,180,2025-11-12T00:23:31.982399,2026-05-11T00:23:31.982399,2022-06-28T00:23:31.979425,1657,9,59,10.45,2021-06-28T00:23:31.979425,2026-01-10T00:23:31.982399
asset_0167,TOO-745510-119,Generic Brand Tool #168,Generic Brand industrial tool for manufacturing operations,tool,operational,good,kombolcha,Hawassa Industrial Park,"Building B, Floor 1",2023-08-07T00:23:31.979425,2306,1481.37,16.66,Generic Brand,Generic Brand-692,SN6046418,180,2025-09-19T00:23:31.982399,2026-03-18T00:23:31.982399,2024-08-06T00:23:31.979425,887,4,113,7.24,2023-08-07T00:23:31.979425,2026-01-10T00:23:31.982399
asset_0168,SAF-486978-612,Generic Brand Safety Equipment #169,Generic Brand industrial safety-equipment for manufacturing operations,safety-equipment,reserved,good,kilinto,Kombolcha Industrial Park,"Building C, Floor 1",2022-04-25T00:23:31.979425,9597,5882.43,12.35,Generic Brand,Generic Brand-800,SN2563076,180,2025-12-31T00:23:31.982399,2026-06-29T00:23:31.982399,2025-04-24T00:23:31.979425,1356,7,10,7.37,2022-04-25T00:23:31.979425,2026-01-10T00:23:31.982399
asset_0169,TOO-847903-300,Generic Brand Tool #170,Generic Brand industrial tool for manufacturing operations,tool,operational,poor,kombolcha,Bole Lemi Industrial Park,"Building A, Floor 3",2021-08-31T00:23:31.979425,3890,2991.28,5.85,Generic Brand,Generic Brand-613,SN4664197,180,2025-09-16T00:23:31.982399,2026-03-15T00:23:31.982399,2023-08-31T00:23:31.979425,1593,8,116,15.44,2021-08-31T00:23:31.979425,2026-01-10T00:23:31.982399
asset_0170,TOO-501071-140,Generic Brand Tool #171,Generic Brand industrial tool for manufacturing operations,tool,repair,fair,bole-lemi,Kilinto Industrial Park,"Building B, Floor 1",2025-01-11T00:23:31.979425,4898,4120.9,15.92,Generic Brand,Generic Brand-462,SN1765918,180,2025-12-08T00:23:31.982399,2026-06-06T00:23:31.982399,2026-01-11T00:23:31.979425,364,2,33,10.1,2025-01-11T00:23:31.979425,2026-01-10T00:23:31.982399
asset_0171,MAC-776722-981,ABB Machinery #172,ABB industrial machinery for manufacturing operations,machinery,operational,fair,kilinto,Kilinto Industrial Park,"Building B, Floor 3",2021-01-27T00:23:31.979425,415914,315829.54,5.41,ABB,ABB-716,SN6728465,90,2025-12-26T00:23:31.982399,2026-03-26T00:23:31.982399,2023-01-27T00:23:31.979425,1809,20,15,10.5,2021-01-27T00:23:31.979425,2026-01-10T00:23:31.982399
asset_0172,SAF-854012-330,Generic Brand Safety Equipment #173,Generic Brand industrial safety-equipment for manufacturing operations,safety-equipment,repair,good,kilinto,Kilinto Industrial Park,"Building A, Floor 3",2024-01-11T00:23:31.979425,8271,6713.47,9.91,Generic Brand,Generic Brand-825,SN4944844,180,2025-08-23T00:23:31.982399,2026-02-19T00:23:31.982399,2027-01-10T00:23:31.979425,730,4,140,7.2,2024-01-11T00:23:31.979425,2026-01-10T00:23:31.982399
asset_0173,IT--691648-725,Lenovo It Equipment #174,Lenovo industrial it-equipment for manufacturing operations,it-equipment,operational,fair,hawassa-park,Bole Lemi Industrial Park,"Building A, Floor 1",2023-06-02T00:23:31.979425,7908,5192.11,14.89,Lenovo,Lenovo-104,SN9530116,365,2025-10-23T00:23:31.982399,2026-10-23T00:23:31.982399,2025-06-01T00:23:31.979425,953,2,79,10.26,2023-06-02T00:23:31.979425,2026-01-10T00:23:31.982399
asset_0174,IT--275496-421,Cisco It Equipment #175,Cisco industrial it-equipment for manufacturing operations,it-equipment,operational,good,kombolcha,Bole Lemi Industrial Park,"Building A, Floor 2",2024-10-18T00:23:31.979425,7282,5555.49,19.76,Cisco,Cisco-835,SN7125404,365,2025-05-24T00:23:31.982399,2026-05-24T00:23:31.982399,2027-10-18T00:23:31.979425,449,1,231,7.12,2024-10-18T00:23:31.979425,2026-01-10T00:23:31.982399
asset_0175,IT--941653-806,Cisco It Equipment #176,Cisco industrial it-equipment for manufacturing operations,it-equipment,operational,critical,kilinto,Kilinto Industrial Park,"Building C, Floor 3",2021-07-09T00:23:31.979425,6089,3897.97,9.42,Cisco,Cisco-117,SN9281809,365,2025-02-23T00:23:31.982399,2026-02-23T00:23:31.982399,2023-07-09T00:23:31.979425,1646,4,321,25.45,2021-07-09T00:23:31.979425,2026-01-10T00:23:31.982399
asset_0176,FUR-997803-192,Generic Brand Furniture #177,Generic Brand industrial furniture for manufacturing operations,furniture,operational,excellent,kombolcha,Bole Lemi Industrial Park,"Building D, Floor 3",2024-07-15T00:23:31.979425,3482,2567.29,18.5,Generic Brand,Generic Brand-314,SN6170371,180,2025-07-16T00:23:31.982399,2026-01-12T00:23:31.982399,2027-07-15T00:23:31.979425,544,3,178,5.15,2024-07-15T00:23:31.979425,2026-01-10T00:23:31.982399
asset_0177,IT--329263-591,Cisco It Equipment #178,Cisco industrial it-equipment for manufacturing operations,it-equipment,maintenance,good,bole-lemi,Kilinto Industrial Park,"Building D, Floor 2",2024-06-13T00:23:31.979425,3009,2763.5,5.25,Cisco,Cisco-546,SN3128594,365,2025-09-27T00:23:31.982399,2026-09-27T00:23:31.982399,2026-06-13T00:23:31.979425,576,1,105,7.16,2024-06-13T00:23:31.979425,2026-01-10T00:23:31.982399
asset_0178,MAC-667981-682,Siemens Machinery #179,Siemens industrial machinery for manufacturing operations,machinery,repair,fair,kombolcha,Hawassa Industrial Park,"Building D, Floor 1",2023-06-22T00:23:31.979425,445155,382552.65,5.76,Siemens,Siemens-755,SN6048293,90,2025-12-30T00:23:31.982399,2026-03-30T00:23:31.982399,2026-06-21T00:23:31.979425,933,10,11,10.26,2023-06-22T00:23:31.979425,2026-01-10T00:23:31.982399
asset_0179,FUR-780393-549,Generic Brand Furniture #180,Generic Brand industrial furniture for manufacturing operations,furniture,operational,good,bole-lemi,Kombolcha Industrial Park,"Building B, Floor 1",2023-05-29T00:23:31.979425,1271,830.57,14.99,Generic Brand,Generic Brand-933,SN7845984,180,2025-08-14T00:23:31.982399,2026-02-10T00:23:31.982399,2024-05-28T00:23:31.979425,957,5,149,7.26,2023-05-29T00:23:31.979425,2026-01-10T00:23:31.982399
asset_0180,TOO-444435-906,Generic Brand Tool #181,Generic Brand industrial tool for manufacturing operations,tool,reserved,fair,hawassa-park,Kilinto Industrial Park,"Building C, Floor 2",2023-01-16T00:23:31.979425,389,325.08,5.84,Generic Brand,Generic Brand-499,SN7257512,180,2025-08-30T00:23:31.982399,2026-02-26T00:23:31.982399,2025-01-15T00:23:31.979425,1090,6,133,10.3,2023-01-16T00:23:31.979425,2026-01-10T00:23:31.982399
asset_0181,FUR-798865-928,Generic Brand Furniture #182,Generic Brand industrial furniture for manufacturing operations,furniture,reserved,fair,kombolcha,Hawassa Industrial Park,"Building B, Floor 3",2024-12-25T00:23:31.979425,1946,1627.89,15.73,Generic Brand,Generic Brand-296,SN1776788,180,2025-08-29T00:23:31.982399,2026-02-25T00:23:31.982399,2026-12-25T00:23:31.979425,381,2,134,10.1,2024-12-25T00:23:31.979425,2026-01-10T00:23:31.982399
asset_0182,OTH-645370-889,Generic Brand Other #183,Generic Brand industrial other for manufacturing operations,other,maintenance,poor,kombolcha,Kombolcha Industrial Park,"Building D, Floor 1",2021-08-31T00:23:31.979425,20108,8165.26,18.67,Generic Brand,Generic Brand-599,SN2963425,180,2025-12-05T00:23:31.982399,2026-06-03T00:23:31.982399,2024-08-30T00:23:31.979425,1593,8,36,15.44,2021-08-31T00:23:31.979425,2026-01-10T00:23:31.982399
asset_0183,SAF-136386-296,Generic Brand Safety Equipment #184,Generic Brand industrial safety-equipment for manufacturing operations,safety-equipment,operational,good,bole-lemi,Bole Lemi Industrial Park,"Building A, Floor 1",2023-07-06T00:23:31.979425,9911,7880.61,8.71,Generic Brand,Generic Brand-778,SN8143839,180,2025-11-04T00:23:31.982399,2026-05-03T00:23:31.982399,2024-07-05T00:23:31.979425,919,5,67,7.25,2023-07-06T00:23:31.979425,2026-01-10T00:23:31.982399
asset_0184,FUR-110814-837,Generic Brand Furniture #185,Generic Brand industrial furniture for manufacturing operations,furniture,maintenance,fair,bole-lemi,Kombolcha Industrial Park,"Building C, Floor 3",2022-05-12T00:23:31.979425,1673,1199.24,8.68,Generic Brand,Generic Brand-642,SN4613012,180,2025-08-16T00:23:31.982399,2026-02-12T00:23:31.982399,2024-05-11T00:23:31.979425,1339,7,147,10.37,2022-05-12T00:23:31.979425,2026-01-10T00:23:31.983042
asset_0185,MAC-395633-926,Honeywell Machinery #186,Honeywell industrial machinery for manufacturing operations,machinery,operational,fair,bole-lemi,Kilinto Industrial Park,"Building B, Floor 2",2024-10-31T00:23:31.979425,396076,324432.97,15.39,Honeywell,Honeywell-514,SN1700757,90,2026-01-06T00:23:31.983042,2026-04-06T00:23:31.983042,2026-10-31T00:23:31.979425,436,4,4,10.12,2024-10-31T00:23:31.979425,2026-01-10T00:23:31.983042
asset_0186,MAC-979164-340,ABB Machinery #187,ABB industrial machinery for manufacturing operations,machinery,operational,fair,hawassa-park,Kilinto Industrial Park,"Building C, Floor 2",2021-02-10T00:23:31.979425,494956,238700.11,13.79,ABB,ABB-418,SN5274517,90,2025-10-30T00:23:31.983042,2026-01-28T00:23:31.983042,2022-02-10T00:23:31.979425,1795,19,72,10.49,2021-02-10T00:23:31.979425,2026-01-10T00:23:31.983042
asset_0187,TOO-519762-325,Generic Brand Tool #188,Generic Brand industrial tool for manufacturing operations,tool,operational,fair,bole-lemi,Bole Lemi Industrial Park,"Building A, Floor 1",2022-05-23T00:23:31.979425,3906,1779.21,19.45,Generic Brand,Generic Brand-847,SN3391029,180,2025-10-07T00:23:31.983042,2026-04-05T00:23:31.983042,2023-05-23T00:23:31.979425,1328,7,95,10.36,2022-05-23T00:23:31.979425,2026-01-10T00:23:31.983042
asset_0188,UTI-997307-587,Grundfos Utility #189,Grundfos industrial utility for manufacturing operations,utility,operational,good,kombolcha,Hawassa Industrial Park,"Building C, Floor 3",2025-10-21T00:23:31.979425,95915,94122.4,8.16,Grundfos,Grundfos-250,SN9260553,90,2025-10-18T00:23:31.983042,2026-01-16T00:23:31.983042,2027-10-21T00:23:31.979425,81,0,84,7.02,2025-10-21T00:23:31.979425,2026-01-10T00:23:31.983042
asset_0189,INF-460654-513,General Electric Infrastructure #190,General Electric industrial infrastructure for manufacturing operations,infrastructure,operational,excellent,bole-lemi,Bole Lemi Industrial Park,"Building A, Floor 3",2024-05-14T00:23:31.979425,815646,703258.74,8.55,General Electric,General Electric-293,SN9378953,180,2025-09-21T00:23:31.983042,2026-03-20T00:23:31.983042,2025-05-14T00:23:31.979425,606,3,111,5.17,2024-05-14T00:23:31.979425,2026-01-10T00:23:31.983042
asset_0190,FUR-623575-868,Generic Brand Furniture #191,Generic Brand industrial furniture for manufacturing operations,furniture,maintenance,fair,kilinto,Bole Lemi Industrial Park,"Building A, Floor 2",2022-11-15T00:23:31.979425,2789,1932.88,10.98,Generic Brand,Generic Brand-405,SN7853429,180,2025-09-20T00:23:31.983042,2026-03-19T00:23:31.983042,2023-11-15T00:23:31.979425,1152,6,112,10.32,2022-11-15T00:23:31.979425,2026-01-10T00:23:31.983042
asset_0191,VEH-177382-979,Hino Vehicle #192,Hino industrial vehicle for manufacturing operations,vehicle,operational,poor,kombolcha,Bole Lemi Industrial Park,"Building D, Floor 2",2025-08-22T00:23:31.979425,69785,66386.19,12.13,Hino,Hino-794,SN1388789,120,2025-11-18T00:23:31.983042,2026-03-18T00:23:31.983042,2028-08-21T00:23:31.979425,141,1,53,15.04,2025-08-22T00:23:31.979425,2026-01-10T00:23:31.983042
asset_0192,UTI-790548-725,KSB Utility #193,KSB industrial utility for manufacturing operations,utility,reserved,good,bole-lemi,Bole Lemi Industrial Park,"Building C, Floor 1",2021-03-30T00:23:31.979425,45134,30675.75,7.76,KSB,KSB-251,SN2181503,90,2026-01-07T00:23:31.983042,2026-04-07T00:23:31.983042,2024-03-29T00:23:31.979425,1747,19,3,7.48,2021-03-30T00:23:31.979425,2026-01-10T00:23:31.983042
asset_0193,INF-872517-259,General Electric Infrastructure #194,General Electric industrial infrastructure for manufacturing operations,infrastructure,repair,poor,kilinto,Kombolcha Industrial Park,"Building B, Floor 2",2021-03-27T00:23:31.979425,237235,102696.77,16.03,General Electric,General Electric-136,SN8960624,180,2025-12-24T00:23:31.983042,2026-06-22T00:23:31.983042,2024-03-26T00:23:31.979425,1750,9,17,15.48,2021-03-27T00:23:31.979425,2026-01-10T00:23:31.983042
asset_0194,TOO-341661-864,Generic Brand Tool #195,Generic Brand industrial tool for manufacturing operations,tool,operational,fair,kombolcha,Kombolcha Industrial Park,"Building A, Floor 3",2021-06-09T00:23:31.979425,2181,1019.69,15.27,Generic Brand,Generic Brand-177,SN8649502,180,2025-10-08T00:23:31.983042,2026-04-06T00:23:31.983042,2023-06-09T00:23:31.979425,1676,9,94,10.46,2021-06-09T00:23:31.979425,2026-01-10T00:23:31.983042
asset_0195,INF-634829-136,Caterpillar Infrastructure #196,Caterpillar industrial infrastructure for manufacturing operations,infrastructure,operational,poor,kombolcha,Kilinto Industrial Park,"Building D, Floor 2",2023-04-29T00:23:31.979425,971016,768576.96,8.29,Caterpillar,Caterpillar-197,SN5809173,180,2025-08-03T00:23:31.983042,2026-01-30T00:23:31.983042,2024-04-28T00:23:31.979425,987,5,160,15.27,2023-04-29T00:23:31.979425,2026-01-10T00:23:31.983042
asset_0196,UTI-784696-965,Wilo Utility #197,Wilo industrial utility for manufacturing operations,utility,maintenance,fair,kilinto,Kilinto Industrial Park,"Building D, Floor 2",2021-02-21T00:23:31.979425,58259,41028.04,6.93,Wilo,Wilo-848,SN5815934,90,2025-11-15T00:23:31.983042,2026-02-13T00:23:31.983042,2024-02-21T00:23:31.979425,1784,19,56,10.49,2021-02-21T00:23:31.979425,2026-01-10T00:23:31.983042
asset_0197,TOO-975666-578,Generic Brand Tool #198,Generic Brand industrial tool for manufacturing operations,tool,operational,excellent,bole-lemi,Bole Lemi Industrial Park,"Building A, Floor 2",2025-07-21T00:23:31.979425,4026,3892.95,6.85,Generic Brand,Generic Brand-986,SN5087920,180,2025-12-19T00:23:31.983042,2026-06-17T00:23:31.983042,2028-07-20T00:23:31.979425,173,0,22,5.05,2025-07-21T00:23:31.979425,2026-01-10T00:23:31.983042
asset_0198,TOO-776351-402,Generic Brand Tool #199,Generic Brand industrial tool for manufacturing operations,tool,operational,poor,hawassa-park,Kombolcha Industrial Park,"Building C, Floor 2",2021-10-12T00:23:31.979425,4374,3183.17,7.21,Generic Brand,Generic Brand-931,SN8768066,180,2025-08-10T00:23:31.983042,2026-02-06T00:23:31.983042,2022-10-12T00:23:31.979425,1551,8,153,15.42,2021-10-12T00:23:31.979425,2026-01-10T00:23:31.983042
asset_0199,INF-448974-908,Komatsu Infrastructure #200,Komatsu industrial infrastructure for manufacturing operations,infrastructure,maintenance,poor,bole-lemi,Kombolcha Industrial Park,"Building B, Floor 1",2024-08-22T00:23:31.979425,754459,618396.32,13.37,Komatsu,Komatsu-410,SN1832584,180,2025-10-03T00:23:31.983042,2026-04-01T00:23:31.983042,2026-08-22T00:23:31.979425,506,2,99,15.14,2024-08-22T00:23:31.979425,2026-01-10T00:23:31.983042
asset_0200,IT--923951-466,Lenovo It Equipment #201,Lenovo industrial it-equipment for manufacturing operations,it-equipment,operational,fair,kilinto,Kombolcha Industrial Park,"Building B, Floor 2",2024-04-20T00:23:31.979425,9562,8102.45,9.16,Lenovo,Lenovo-166,SN4859227,365,2025-12-18T00:23:31.983042,2026-12-18T00:23:31.983042,2027-04-20T00:23:31.979425,630,1,23,10.17,2024-04-20T00:23:31.979425,2026-01-10T00:23:31.983042
asset_0201,SAF-313453-389,Generic Brand Safety Equipment #202,Generic Brand industrial safety-equipment for manufacturing operations,safety-equipment,maintenance,good,hawassa-park,Kombolcha Industrial Park,"Building D, Floor 1",2021-07-07T00:23:31.979425,6361,3156.75,14.38,Generic Brand,Generic Brand-407,SN3034131,180,2026-01-01T00:23:31.983042,2026-06-30T00:23:31.983042,2024-07-06T00:23:31.979425,1648,9,9,7.45,2021-07-07T00:23:31.979425,2026-01-10T00:23:31.983042
asset_0202,OTH-959810-209,Generic Brand Other #203,Generic Brand industrial other for manufacturing operations,other,operational,good,bole-lemi,Kilinto Industrial Park,"Building A, Floor 2",2025-02-24T00:23:31.979425,47147,39888.03,17.37,Generic Brand,Generic Brand-771,SN7581676,180,2025-12-29T00:23:31.983042,2026-06-27T00:23:31.983042,2027-02-24T00:23:31.979425,320,1,12,7.09,2025-02-24T00:23:31.979425,2026-01-10T00:23:31.983042
asset_0203,FUR-410596-549,Generic Brand Furniture #204,Generic Brand industrial furniture for manufacturing operations,furniture,damaged,fair,kilinto,Kilinto Industrial Park,"Building A, Floor 2",2024-01-10T00:23:31.979425,565,471.12,8.68,Generic Brand,Generic Brand-403,SN5908163,180,2025-10-09T00:23:31.983042,2026-04-07T00:23:31.983042,2026-01-09T00:23:31.979425,731,4,93,10.2,2024-01-10T00:23:31.979425,2026-01-10T00:23:31.983042
asset_0204,UTI-786255-233,KSB Utility #205,KSB industrial utility for manufacturing operations,utility,operational,excellent,kilinto,Kilinto Industrial Park,"Building B, Floor 2",2025-04-08T00:23:31.979425,25018,23914.13,5.78,KSB,KSB-533,SN5026348,90,2025-12-13T00:23:31.983042,2026-03-13T00:23:31.983042,2027-04-08T00:23:31.979425,277,3,28,5.08,2025-04-08T00:23:31.979425,2026-01-10T00:23:31.983042
asset_0205,VEH-281364-341,Toyota Vehicle #206,Toyota industrial vehicle for manufacturing operations,vehicle,operational,good,kombolcha,Hawassa Industrial Park,"Building A, Floor 1",2021-09-23T00:23:31.979425,109256,77214.29,7.76,Toyota,Toyota-502,SN3417175,120,2025-09-22T00:23:31.983042,2026-01-20T00:23:31.983042,2022-09-23T00:23:31.979425,1570,13,110,7.43,2021-09-23T00:23:31.979425,2026-01-10T00:23:31.983042
asset_0206,TOO-923782-515,Generic Brand Tool #207,Generic Brand industrial tool for manufacturing operations,tool,maintenance,poor,kombolcha,Bole Lemi Industrial Park,"Building A, Floor 1",2023-06-23T00:23:31.979425,1309,928.53,12.59,Generic Brand,Generic Brand-140,SN8923376,180,2025-11-14T00:23:31.983042,2026-05-13T00:23:31.983042,2025-06-22T00:23:31.979425,932,5,57,15.26,2023-06-23T00:23:31.979425,2026-01-10T00:23:31.983042
asset_0207,FUR-592722-844,Generic Brand Furniture #208,Generic Brand industrial furniture for manufacturing operations,furniture,reserved,fair,kilinto,Hawassa Industrial Park,"Building A, Floor 3",2023-04-09T00:23:31.979425,1902,1104.09,17.9,Generic Brand,Generic Brand-909,SN5048022,180,2025-12-31T00:23:31.983042,2026-06-29T00:23:31.983042,2026-04-08T00:23:31.979425,1007,5,10,10.28,2023-04-09T00:23:31.979425,2026-01-10T00:23:31.983042
asset_0208,OTH-739915-478,Generic Brand Other #209,Generic Brand industrial other for manufacturing operations,other,operational,good,kilinto,Kombolcha Industrial Park,"Building C, Floor 1",2025-02-16T00:23:31.979425,1497,1346.83,11.11,Generic Brand,Generic Brand-433,SN4640877,180,2025-09-10T00:23:31.983042,2026-03-09T00:23:31.983042,2026-02-16T00:23:31.979425,328,1,122,7.09,2025-02-16T00:23:31.979425,2026-01-10T00:23:31.983042
asset_0209,TOO-417315-559,Generic Brand Tool #210,Generic Brand industrial tool for manufacturing operations,tool,operational,fair,kilinto,Kilinto Industrial Park,"Building B, Floor 1",2023-08-30T00:23:31.979425,1576,1169.77,11.84,Generic Brand,Generic Brand-451,SN7848233,180,2025-08-02T00:23:31.983042,2026-01-29T00:23:31.983042,2026-08-29T00:23:31.979425,864,4,161,10.24,2023-08-30T00:23:31.979425,2026-01-10T00:23:31.983042
asset_0210,INF-630354-846,Komatsu Infrastructure #211,Komatsu industrial infrastructure for manufacturing operations,infrastructure,operational,excellent,kilinto,Kombolcha Industrial Park,"Building A, Floor 3",2025-07-16T00:23:31.979425,356115,334437.26,12.09,Komatsu,Komatsu-649,SN6843473,180,2025-11-11T00:23:31.983042,2026-05-10T00:23:31.983042,2026-07-16T00:23:31.979425,178,0,60,5.05,2025-07-16T00:23:31.979425,2026-01-10T00:23:31.983042
asset_0211,OTH-150500-304,Generic Brand Other #212,Generic Brand industrial other for manufacturing operations,other,operational,good,kombolcha,Kilinto Industrial Park,"Building B, Floor 2",2025-12-12T00:23:31.979425,26512,26203.97,13.69,Generic Brand,Generic Brand-955,SN9169722,180,2025-07-14T00:23:31.983042,2026-01-10T00:23:31.983042,2027-12-12T00:23:31.979425,29,0,180,7.01,2025-12-12T00:23:31.979425,2026-01-10T00:23:31.983042
asset_0212,UTI-676968-360,Grundfos Utility #213,Grundfos industrial utility for manufacturing operations,utility,operational,fair,kilinto,Hawassa Industrial Park,"Building A, Floor 2",2021-01-30T00:23:31.979425,20000,15192.65,5.41,Grundfos,Grundfos-714,SN6421827,90,2026-01-07T00:23:31.983042,2026-04-07T00:23:31.983042,2023-01-30T00:23:31.979425,1806,20,3,10.49,2021-01-30T00:23:31.979425,2026-01-10T00:23:31.983042
asset_0213,INF-946688-254,Caterpillar Infrastructure #214,Caterpillar industrial infrastructure for manufacturing operations,infrastructure,repair,fair,hawassa-park,Kilinto Industrial Park,"Building B, Floor 1",2023-05-04T00:23:31.979425,230243,129523.29,19.26,Caterpillar,Caterpillar-984,SN7966744,180,2025-09-05T00:23:31.983042,2026-03-04T00:23:31.983042,2024-05-03T00:23:31.979425,982,5,127,10.27,2023-05-04T00:23:31.979425,2026-01-10T00:23:31.983042
asset_0214,INF-518717-681,Komatsu Infrastructure #215,Komatsu industrial infrastructure for manufacturing operations,infrastructure,operational,excellent,bole-lemi,Kilinto Industrial Park,"Building A, Floor 3",2024-10-07T00:23:31.979425,656520,604302.87,6.37,Komatsu,Komatsu-604,SN7961191,180,2025-11-12T00:23:31.983042,2026-05-11T00:23:31.983042,2025-10-07T00:23:31.979425,460,2,59,5.13,2024-10-07T00:23:31.979425,2026-01-10T00:23:31.983042
asset_0215,MAC-774383-207,ABB Machinery #216,ABB industrial machinery for manufacturing operations,machinery,operational,good,bole-lemi,Kilinto Industrial Park,"Building B, Floor 2",2023-11-15T00:23:31.979425,468644,297487.54,19.02,ABB,ABB-196,SN8619347,90,2025-12-06T00:23:31.983042,2026-03-06T00:23:31.983042,2026-11-14T00:23:31.979425,787,8,35,7.22,2023-11-15T00:23:31.979425,2026-01-10T00:23:31.983042
asset_0216,TOO-501732-218,Generic Brand Tool #217,Generic Brand industrial tool for manufacturing operations,tool,operational,good,kilinto,Bole Lemi Industrial Park,"Building C, Floor 3",2024-11-02T00:23:31.979425,4541,3604.76,17.66,Generic Brand,Generic Brand-895,SN3339328,180,2025-11-28T00:23:31.983042,2026-05-27T00:23:31.983042,2027-11-02T00:23:31.979425,434,2,43,7.12,2024-11-02T00:23:31.979425,2026-01-10T00:23:31.983042
asset_0217,VEH-928251-390,Volvo Vehicle #218,Volvo industrial vehicle for manufacturing operations,vehicle,operational,good,kilinto,Bole Lemi Industrial Park,"Building C, Floor 1",2026-01-07T00:23:31.979425,75394,75325.35,10.5,Volvo,Volvo-965,SN1630768,120,2025-09-19T00:23:31.983042,2026-01-17T00:23:31.983042,2028-01-07T00:23:31.979425,3,0,113,7.0,2026-01-07T00:23:31.979425,2026-01-10T00:23:31.983042
asset_0218,SAF-504653-359,Generic Brand Safety Equipment #219,Generic Brand industrial safety-equipment for manufacturing operations,safety-equipment,maintenance,poor,kilinto,Bole Lemi Industrial Park,"Building D, Floor 2",2025-01-01T00:23:31.979425,4472,3706.71,16.75,Generic Brand,Generic Brand-596,SN5238241,180,2025-10-01T00:23:31.983042,2026-03-30T00:23:31.983042,2026-01-01T00:23:31.979425,374,2,101,15.1,2025-01-01T00:23:31.979425,2026-01-10T00:23:31.983042
asset_0219,TOO-584225-398,Generic Brand Tool #220,Generic Brand industrial tool for manufacturing operations,tool,operational,good,hawassa-park,Hawassa Industrial Park,"Building C, Floor 3",2024-08-31T00:23:31.979425,378,302.74,15.06,Generic Brand,Generic Brand-121,SN3414311,180,2025-10-25T00:23:31.983042,2026-04-23T00:23:31.983042,2025-08-31T00:23:31.979425,497,2,77,7.14,2024-08-31T00:23:31.979425,2026-01-10T00:23:31.983042
asset_0220,FUR-408048-483,Generic Brand Furniture #221,Generic Brand industrial furniture for manufacturing operations,furniture,maintenance,good,kilinto,Hawassa Industrial Park,"Building C, Floor 2",2023-08-01T00:23:31.979425,3017,1817.97,18.71,Generic Brand,Generic Brand-372,SN8024630,180,2025-12-29T00:23:31.983042,2026-06-27T00:23:31.983042,2025-07-31T00:23:31.979425,893,4,12,7.24,2023-08-01T00:23:31.979425,2026-01-10T00:23:31.983042
asset_0221,UTI-793100-108,Grundfos Utility #222,Grundfos industrial utility for manufacturing operations,utility,operational,good,kombolcha,Kilinto Industrial Park,"Building C, Floor 2",2023-07-23T00:23:31.979425,72017,54056.53,10.97,Grundfos,Grundfos-613,SN7950609,90,2025-11-16T00:23:31.983042,2026-02-14T00:23:31.983042,2024-07-22T00:23:31.979425,902,10,55,7.25,2023-07-23T00:23:31.979425,2026-01-10T00:23:31.983042
asset_0222,OTH-622396-594,Generic Brand Other #223,Generic Brand industrial other for manufacturing operations,other,operational,fair,bole-lemi,Bole Lemi Industrial Park,"Building C, Floor 2",2024-09-30T00:23:31.979425,19432,16112.94,13.63,Generic Brand,Generic Brand-963,SN4461198,180,2025-12-05T00:23:31.983042,2026-06-03T00:23:31.983042,2025-09-30T00:23:31.979425,467,2,36,10.13,2024-09-30T00:23:31.979425,2026-01-10T00:23:31.983042
asset_0223,FUR-363115-389,Generic Brand Furniture #224,Generic Brand industrial furniture for manufacturing operations,furniture,operational,excellent,kilinto,Kilinto Industrial Park,"Building C, Floor 2",2025-11-19T00:23:31.979425,4568,4440.27,18.06,Generic Brand,Generic Brand-889,SN9073471,180,2025-08-19T00:23:31.983042,2026-02-15T00:23:31.983042,2028-11-18T00:23:31.979425,52,0,144,5.01,2025-11-19T00:23:31.979425,2026-01-10T00:23:31.983042
asset_0224,VEH-800993-240,Isuzu Vehicle #225,Isuzu industrial vehicle for manufacturing operations,vehicle,reserved,fair,bole-lemi,Kilinto Industrial Park,"Building C, Floor 3",2023-12-25T00:23:31.979425,131998,99369.38,12.96,Isuzu,Isuzu-635,SN9079078,120,2025-10-07T00:23:31.983042,2026-02-04T00:23:31.983042,2026-12-24T00:23:31.979425,747,6,95,10.2,2023-12-25T00:23:31.979425,2026-01-10T00:23:31.983042
asset_0225,VEH-351971-704,Toyota Vehicle #226,Toyota industrial vehicle for manufacturing operations,vehicle,operational,good,bole-lemi,Bole Lemi Industrial Park,"Building C, Floor 1",2024-08-04T00:23:31.979425,91992,71455.9,16.15,Toyota,Toyota-244,SN7584218,120,2025-10-20T00:23:31.983042,2026-02-17T00:23:31.983042,2025-08-04T00:23:31.979425,524,4,82,7.14,2024-08-04T00:23:31.979425,2026-01-10T00:23:31.983042
asset_0226,FUR-965753-163,Generic Brand Furniture #227,Generic Brand industrial furniture for manufacturing operations,furniture,maintenance,poor,kilinto,Kombolcha Industrial Park,"Building D, Floor 1",2023-04-25T00:23:31.979425,4374,3320.98,9.65,Generic Brand,Generic Brand-298,SN5601188,180,2025-11-19T00:23:31.983042,2026-05-18T00:23:31.983042,2024-04-24T00:23:31.979425,991,5,52,15.27,2023-04-25T00:23:31.979425,2026-01-10T00:23:31.983042
asset_0227,INF-139561-374,Caterpillar Infrastructure #228,Caterpillar industrial infrastructure for manufacturing operations,infrastructure,maintenance,good,kilinto,Kombolcha Industrial Park,"Building C, Floor 2",2024-02-23T00:23:31.979425,633150,431294.14,18.46,Caterpillar,Caterpillar-453,SN4859406,180,2025-08-17T00:23:31.983042,2026-02-13T00:23:31.983042,2026-02-22T00:23:31.979425,687,3,146,7.19,2024-02-23T00:23:31.979425,2026-01-10T00:23:31.983042
asset_0228,FUR-304325-136,Generic Brand Furniture #229,Generic Brand industrial furniture for manufacturing operations,furniture,operational,poor,kilinto,Hawassa Industrial Park,"Building A, Floor 3",2022-05-16T00:23:31.979425,1546,1068.24,9.62,Generic Brand,Generic Brand-356,SN3874049,180,2025-10-10T00:23:31.983042,2026-04-08T00:23:31.983042,2023-05-16T00:23:31.979425,1335,7,92,15.37,2022-05-16T00:23:31.979425,2026-01-10T00:23:31.983042
asset_0229,UTI-965726-106,KSB Utility #230,KSB industrial utility for manufacturing operations,utility,repair,critical,kilinto,Bole Lemi Industrial Park,"Building B, Floor 3",2023-01-27T00:23:31.979425,95392,63571.34,12.84,KSB,KSB-881,SN4160976,90,2025-10-20T00:23:31.983042,2026-01-18T00:23:31.983042,2024-01-27T00:23:31.979425,1079,11,82,25.3,2023-01-27T00:23:31.979425,2026-01-10T00:23:31.983042
asset_0230,SAF-737030-734,Generic Brand Safety Equipment #231,Generic Brand industrial safety-equipment for manufacturing operations,safety-equipment,operational,excellent,hawassa-park,Bole Lemi Industrial Park,"Building C, Floor 1",2025-11-05T00:23:31.979425,6388,6223.87,13.42,Generic Brand,Generic Brand-405,SN9547739,180,2025-10-21T00:23:31.983042,2026-04-19T00:23:31.983042,2028-11-04T00:23:31.979425,66,0,81,5.02,2025-11-05T00:23:31.979425,2026-01-10T00:23:31.983042
asset_0231,VEH-198816-201,Hino Vehicle #232,Hino industrial vehicle for manufacturing operations,vehicle,damaged,poor,kilinto,Kilinto Industrial Park,"Building D, Floor 3",2021-05-05T00:23:31.979425,62410,35960.47,11.1,Hino,Hino-538,SN8308262,120,2025-12-21T00:23:31.983042,2026-04-20T00:23:31.983042,2024-05-04T00:23:31.979425,1711,14,20,15.47,2021-05-05T00:23:31.979425,2026-01-10T00:23:31.983042
asset_0232,FUR-576319-282,Generic Brand Furniture #233,Generic Brand industrial furniture for manufacturing operations,furniture,operational,fair,bole-lemi,Hawassa Industrial Park,"Building A, Floor 2",2023-01-03T00:23:31.979425,899,481.73,18.67,Generic Brand,Generic Brand-822,SN7871320,180,2025-09-01T00:23:31.983042,2026-02-28T00:23:31.983042,2024-01-03T00:23:31.979425,1103,6,131,10.3,2023-01-03T00:23:31.979425,2026-01-10T00:23:31.983042
asset_0233,TOO-565577-409,Generic Brand Tool #234,Generic Brand industrial tool for manufacturing operations,tool,operational,excellent,hawassa-park,Hawassa Industrial Park,"Building C, Floor 3",2022-04-26T00:23:31.979425,1786,1020.31,14.01,Generic Brand,Generic Brand-982,SN8594813,180,2025-11-15T00:23:31.983042,2026-05-14T00:23:31.983042,2023-04-26T00:23:31.979425,1355,7,56,5.37,2022-04-26T00:23:31.979425,2026-01-10T00:23:31.983042
asset_0234,TOO-440590-412,Generic Brand Tool #235,Generic Brand industrial tool for manufacturing operations,tool,maintenance,poor,kombolcha,Kombolcha Industrial Park,"Building C, Floor 1",2022-04-04T00:23:31.979425,3221,2048.53,11.31,Generic Brand,Generic Brand-232,SN7897128,180,2025-08-27T00:23:31.983042,2026-02-23T00:23:31.983042,2023-04-04T00:23:31.979425,1377,7,136,15.38,2022-04-04T00:23:31.979425,2026-01-10T00:23:31.983042
asset_0235,IT--481293-495,Huawei It Equipment #236,Huawei industrial it-equipment for manufacturing operations,it-equipment,maintenance,poor,kombolcha,Bole Lemi Industrial Park,"Building B, Floor 3",2022-06-21T00:23:31.979425,1901,1063.03,15.08,Huawei,Huawei-124,SN9684262,365,2025-04-16T00:23:31.983042,2026-04-16T00:23:31.983042,2025-06-20T00:23:31.979425,1299,3,269,15.36,2022-06-21T00:23:31.979425,2026-01-10T00:23:31.983042
asset_0236,SAF-606018-571,Generic Brand Safety Equipment #237,Generic Brand industrial safety-equipment for manufacturing operations,safety-equipment,operational,good,kombolcha,Kilinto Industrial Park,"Building D, Floor 2",2023-10-12T00:23:31.979425,8825,7684.5,5.97,Generic Brand,Generic Brand-186,SN2802082,180,2025-07-23T00:23:31.983042,2026-01-19T00:23:31.983042,2024-10-11T00:23:31.979425,821,4,171,7.22,2023-10-12T00:23:31.979425,2026-01-10T00:23:31.983042
asset_0237,TOO-458468-444,Generic Brand Tool #238,Generic Brand industrial tool for manufacturing operations,tool,operational,excellent,bole-lemi,Kilinto Industrial Park,"Building D, Floor 1",2025-02-23T00:23:31.979425,4193,3487.32,18.92,Generic Brand,Generic Brand-840,SN5167143,180,2025-08-28T00:23:31.983042,2026-02-24T00:23:31.983042,2027-02-23T00:23:31.979425,321,1,135,5.09,2025-02-23T00:23:31.979425,2026-01-10T00:23:31.983042
asset_0238,SAF-696759-900,Generic Brand Safety Equipment #239,Generic Brand industrial safety-equipment for manufacturing operations,safety-equipment,operational,poor,kilinto,Kombolcha Industrial Park,"Building D, Floor 1",2021-07-07T00:23:31.979425,9996,4548.6,16.01,Generic Brand,Generic Brand-345,SN5024166,180,2025-12-13T00:23:31.983042,2026-06-11T00:23:31.983042,2022-07-07T00:23:31.979425,1648,9,28,15.45,2021-07-07T00:23:31.979425,2026-01-10T00:23:31.983042
asset_0239,UTI-686047-894,Grundfos Utility #240,Grundfos industrial utility for manufacturing operations,utility,operational,excellent,kilinto,Bole Lemi Industrial Park,"Building B, Floor 1",2023-01-10T00:23:31.979425,93387,73736.12,7.57,Grundfos,Grundfos-218,SN3959779,90,2025-12-29T00:23:31.983042,2026-03-29T00:23:31.983042,2024-01-10T00:23:31.979425,1096,12,12,5.3,2023-01-10T00:23:31.979425,2026-01-10T00:23:31.983042
asset_0240,INF-129674-414,Komatsu Infrastructure #241,Komatsu industrial infrastructure for manufacturing operations,infrastructure,operational,good,kombolcha,Kilinto Industrial Park,"Building C, Floor 2",2025-05-08T00:23:31.979425,920988,804542.76,18.12,Komatsu,Komatsu-605,SN9364411,180,2025-07-17T00:23:31.983042,2026-01-13T00:23:31.983042,2027-05-08T00:23:31.979425,247,1,177,7.07,2025-05-08T00:23:31.979425,2026-01-10T00:23:31.983042
asset_0241,TOO-613707-858,Generic Brand Tool #242,Generic Brand industrial tool for manufacturing operations,tool,reserved,fair,bole-lemi,Kombolcha Industrial Park,"Building A, Floor 2",2022-05-03T00:23:31.979425,2100,1132.16,15.41,Generic Brand,Generic Brand-383,SN6230895,180,2025-09-19T00:23:31.983042,2026-03-18T00:23:31.983042,2025-05-02T00:23:31.979425,1348,7,113,10.37,2022-05-03T00:23:31.979425,2026-01-10T00:23:31.983042
asset_0242,TOO-935559-738,Generic Brand Tool #243,Generic Brand industrial tool for manufacturing operations,tool,operational,good,kilinto,Kilinto Industrial Park,"Building B, Floor 3",2025-10-03T00:23:31.979425,4203,3981.48,18.11,Generic Brand,Generic Brand-796,SN3896743,180,2025-10-05T00:23:31.983042,2026-04-03T00:23:31.983042,2027-10-03T00:23:31.979425,99,0,97,7.03,2025-10-03T00:23:31.979425,2026-01-10T00:23:31.983042
asset_0243,INF-479735-911,Caterpillar Infrastructure #244,Caterpillar industrial infrastructure for manufacturing operations,infrastructure,reserved,excellent,bole-lemi,Kombolcha Industrial Park,"Building C, Floor 1",2024-05-08T00:23:31.979425,927864,763823.98,10.96,Caterpillar,Caterpillar-237,SN1255306,180,2025-12-29T00:23:31.983042,2026-06-27T00:23:31.983042,2027-05-08T00:23:31.979425,612,3,12,5.17,2024-05-08T00:23:31.979425,2026-01-10T00:23:31.983042
asset_0244,FUR-445654-215,Generic Brand Furniture #245,Generic Brand industrial furniture for manufacturing operations,furniture,operational,poor,kilinto,Bole Lemi Industrial Park,"Building B, Floor 1",2023-12-06T00:23:31.979425,2272,1432.4,19.75,Generic Brand,Generic Brand-247,SN5734407,180,2025-10-10T00:23:31.983042,2026-04-08T00:23:31.983042,2026-12-05T00:23:31.979425,766,4,92,15.21,2023-12-06T00:23:31.979425,2026-01-10T00:23:31.983042
asset_0245,INF-159056-278,General Electric Infrastructure #246,General Electric industrial infrastructure for manufacturing operations,infrastructure,repair,poor,bole-lemi,Kombolcha Industrial Park,"Building A, Floor 1",2022-05-17T00:23:31.979425,797081,590271.75,7.9,General Electric,General Electric-662,SN7534257,180,2025-10-14T00:23:31.983042,2026-04-12T00:23:31.983042,2024-05-16T00:23:31.979425,1334,7,88,15.37,2022-05-17T00:23:31.979425,2026-01-10T00:23:31.983042
asset_0246,INF-333586-878,Komatsu Infrastructure #247,Komatsu industrial infrastructure for manufacturing operations,infrastructure,repair,poor,bole-lemi,Hawassa Industrial Park,"Building A, Floor 2",2022-10-17T00:23:31.979425,204365,114838.09,16.33,Komatsu,Komatsu-710,SN4545944,180,2025-07-15T00:23:31.983042,2026-01-11T00:23:31.983042,2025-10-16T00:23:31.979425,1181,6,179,15.32,2022-10-17T00:23:31.979425,2026-01-10T00:23:31.983042
asset_0247,OTH-766655-611,Generic Brand Other #248,Generic Brand industrial other for manufacturing operations,other,repair,poor,kombolcha,Bole Lemi Industrial Park,"Building C, Floor 2",2021-10-06T00:23:31.979425,26466,17747.83,8.95,Generic Brand,Generic Brand-969,SN4736830,180,2025-12-21T00:23:31.983042,2026-06-19T00:23:31.983042,2023-10-06T00:23:31.979425,1557,8,20,15.43,2021-10-06T00:23:31.979425,2026-01-10T00:23:31.983042
asset_0248,SAF-149282-442,Generic Brand Safety Equipment #249,Generic Brand industrial safety-equipment for manufacturing operations,safety-equipment,operational,fair,kilinto,Kombolcha Industrial Park,"Building B, Floor 1",2022-10-27T00:23:31.979425,7331,6123.89,5.46,Generic Brand,Generic Brand-570,SN3652650,180,2025-07-24T00:23:31.983042,2026-01-20T00:23:31.983042,2023-10-27T00:23:31.979425,1171,6,170,10.32,2022-10-27T00:23:31.979425,2026-01-10T00:23:31.983042
asset_0249,OTH-937305-418,Generic Brand Other #250,Generic Brand industrial other for manufacturing operations,other,operational,excellent,bole-lemi,Bole Lemi Industrial Park,"Building C, Floor 2",2025-03-28T00:23:31.979425,12627,10933.2,16.7,Generic Brand,Generic Brand-902,SN9652339,180,2025-08-17T00:23:31.983042,2026-02-13T00:23:31.983042,2026-03-28T00:23:31.979425,288,1,146,5.08,2025-03-28T00:23:31.979425,2026-01-10T00:23:31.983042
asset_0250,VEH-122377-619,Mercedes-Benz Vehicle #251,Mercedes-Benz industrial vehicle for manufacturing operations,vehicle,operational,good,hawassa-park,Bole Lemi Industrial Park,"Building C, Floor 1",2024-10-18T00:23:31.979425,85353,66457.11,18.42,Mercedes-Benz,Mercedes-Benz-119,SN2578837,120,2025-11-06T00:23:31.983042,2026-03-06T00:23:31.983042,2027-10-18T00:23:31.979425,449,3,65,7.12,2024-10-18T00:23:31.979425,2026-01-10T00:23:31.983042
asset_0251,INF-955114-990,General Electric Infrastructure #252,General Electric industrial infrastructure for manufacturing operations,infrastructure,operational,good,kilinto,Kilinto Industrial Park,"Building D, Floor 3",2021-09-04T00:23:31.979425,851164,429446.6,14.55,General Electric,General Electric-575,SN7216474,180,2026-01-02T00:23:31.983042,2026-07-01T00:23:31.983042,2022-09-04T00:23:31.979425,1589,8,8,7.44,2021-09-04T00:23:31.979425,2026-01-10T00:23:31.983042
asset_0252,VEH-330932-303,Volvo Vehicle #253,Volvo industrial vehicle for manufacturing operations,vehicle,maintenance,poor,hawassa-park,Kombolcha Industrial Park,"Building C, Floor 3",2021-04-28T00:23:31.979425,59639,37970.56,9.15,Volvo,Volvo-638,SN7981878,120,2025-10-10T00:23:31.983042,2026-02-07T00:23:31.983042,2024-04-27T00:23:31.979425,1718,14,92,15.47,2021-04-28T00:23:31.979425,2026-01-10T00:23:31.983042
asset_0253,INF-761868-955,Komatsu Infrastructure #254,Komatsu industrial infrastructure for manufacturing operations,infrastructure,reserved,good,hawassa-park,Kombolcha Industrial Park,"Building C, Floor 3",2023-06-22T00:23:31.979425,221280,132890.86,18.1,Komatsu,Komatsu-204,SN8529348,180,2025-10-09T00:23:31.983042,2026-04-07T00:23:31.983042,2025-06-21T00:23:31.979425,933,5,93,7.26,2023-06-22T00:23:31.979425,2026-01-10T00:23:31.983042
asset_0254,MAC-494156-413,Mitsubishi Machinery #255,Mitsubishi industrial machinery for manufacturing operations,machinery,repair,good,kombolcha,Kombolcha Industrial Park,"Building D, Floor 3",2023-10-20T00:23:31.979425,280371,225210.74,9.37,Mitsubishi,Mitsubishi-410,SN7186571,90,2025-10-24T00:23:31.983042,2026-01-22T00:23:31.983042,2026-10-19T00:23:31.979425,813,9,78,7.22,2023-10-20T00:23:31.979425,2026-01-10T00:23:31.983042
asset_0255,FUR-305821-674,Generic Brand Furniture #256,Generic Brand industrial furniture for manufacturing operations,furniture,operational,fair,hawassa-park,Hawassa Industrial Park,"Building D, Floor 2",2022-03-20T00:23:31.979425,585,297.08,16.29,Generic Brand,Generic Brand-622,SN8204769,180,2025-11-19T00:23:31.983042,2026-05-18T00:23:31.983042,2025-03-19T00:23:31.979425,1392,7,52,10.38,2022-03-20T00:23:31.979425,2026-01-10T00:23:31.983042
asset_0256,UTI-505984-491,KSB Utility #257,KSB industrial utility for manufacturing operations,utility,repair,poor,bole-lemi,Kilinto Industrial Park,"Building C, Floor 1",2021-05-09T00:23:31.979425,22745,9787.2,16.51,KSB,KSB-447,SN2152076,90,2025-12-12T00:23:31.983042,2026-03-12T00:23:31.983042,2023-05-09T00:23:31.979425,1707,18,29,15.47,2021-05-09T00:23:31.979425,2026-01-10T00:23:31.983042
asset_0257,TOO-692110-633,Generic Brand Tool #258,Generic Brand industrial tool for manufacturing operations,tool,operational,good,hawassa-park,Kilinto Industrial Park,"Building B, Floor 1",2025-09-17T00:23:31.979425,1376,1334.77,9.21,Generic Brand,Generic Brand-579,SN6923391,180,2025-12-14T00:23:31.983042,2026-06-12T00:23:31.983042,2026-09-17T00:23:31.979425,115,0,27,7.03,2025-09-17T00:23:31.979425,2026-01-10T00:23:31.983042
asset_0258,FUR-787746-140,Generic Brand Furniture #259,Generic Brand industrial furniture for manufacturing operations,furniture,maintenance,fair,kilinto,Kilinto Industrial Park,"Building A, Floor 3",2025-11-26T00:23:31.979425,538,530.79,10.37,Generic Brand,Generic Brand-873,SN5016040,180,2025-09-19T00:23:31.983042,2026-03-18T00:23:31.983042,2026-11-26T00:23:31.979425,45,0,113,10.01,2025-11-26T00:23:31.979425,2026-01-10T00:23:31.983042
asset_0259,VEH-735776-624,Mercedes-Benz Vehicle #260,Mercedes-Benz industrial vehicle for manufacturing operations,vehicle,operational,excellent,kombolcha,Kombolcha Industrial Park,"Building D, Floor 3",2021-05-21T00:23:31.979425,120127,46270.24,18.58,Mercedes-Benz,Mercedes-Benz-604,SN1149003,120,2025-12-21T00:23:31.983042,2026-04-20T00:23:31.983042,2022-05-21T00:23:31.979425,1695,14,20,5.46,2021-05-21T00:23:31.979425,2026-01-10T00:23:31.983042
asset_0260,TOO-603844-541,Generic Brand Tool #261,Generic Brand industrial tool for manufacturing operations,tool,maintenance,excellent,kilinto,Kilinto Industrial Park,"Building A, Floor 1",2025-02-15T00:23:31.979425,3221,3061.95,5.47,Generic Brand,Generic Brand-926,SN5555467,180,2025-12-18T00:23:31.983042,2026-06-16T00:23:31.983042,2028-02-15T00:23:31.979425,329,1,23,5.09,2025-02-15T00:23:31.979425,2026-01-10T00:23:31.983042
asset_0261,IT--893152-655,Cisco It Equipment #262,Cisco industrial it-equipment for manufacturing operations,it-equipment,operational,poor,hawassa-park,Bole Lemi Industrial Park,"Building C, Floor 1",2021-02-23T00:23:31.979425,1732,821.32,14.18,Cisco,Cisco-142,SN8227847,365,2025-05-30T00:23:31.983042,2026-05-30T00:23:31.983042,2023-02-23T00:23:31.979425,1782,4,225,15.49,2021-02-23T00:23:31.979425,2026-01-10T00:23:31.983042
asset_0262,INF-666909-736,General Electric Infrastructure #263,General Electric industrial infrastructure for manufacturing operations,infrastructure,maintenance,fair,kombolcha,Bole Lemi Industrial Park,"Building B, Floor 3",2023-06-24T00:23:31.979425,947221,604452.9,16.16,General Electric,General Electric-502,SN9056394,180,2025-09-24T00:23:31.983042,2026-03-23T00:23:31.983042,2024-06-23T00:23:31.979425,931,5,108,10.26,2023-06-24T00:23:31.979425,2026-01-10T00:23:31.983042
asset_0263,OTH-245083-464,Generic Brand Other #264,Generic Brand industrial other for manufacturing operations,other,operational,fair,bole-lemi,Kilinto Industrial Park,"Building D, Floor 2",2022-01-15T00:23:31.979425,2605,1485.4,13.14,Generic Brand,Generic Brand-986,SN3404795,180,2025-12-16T00:23:31.983042,2026-06-14T00:23:31.983042,2024-01-15T00:23:31.979425,1456,8,25,10.4,2022-01-15T00:23:31.979425,2026-01-10T00:23:31.983042
asset_0264,OTH-259320-983,Generic Brand Other #265,Generic Brand industrial other for manufacturing operations,other,operational,fair,kilinto,Kombolcha Industrial Park,"Building A, Floor 1",2024-06-24T00:23:31.979425,31069,27023.89,8.62,Generic Brand,Generic Brand-938,SN9743877,180,2025-08-13T00:23:31.983042,2026-02-09T00:23:31.983042,2026-06-24T00:23:31.979425,565,3,150,10.15,2024-06-24T00:23:31.979425,2026-01-10T00:23:31.983042
asset_0265,FUR-111501-709,Generic Brand Furniture #266,Generic Brand industrial furniture for manufacturing operations,furniture,damaged,critical,kombolcha,Kilinto Industrial Park,"Building C, Floor 3",2022-03-15T00:23:31.979425,1678,955.09,13.7,Generic Brand,Generic Brand-482,SN3952980,180,2025-08-20T00:23:31.983042,2026-02-16T00:23:31.983042,2025-03-14T00:23:31.979425,1397,7,143,25.38,2022-03-15T00:23:31.979425,2026-01-10T00:23:31.983042
asset_0266,FUR-640320-903,Generic Brand Furniture #267,Generic Brand industrial furniture for manufacturing operations,furniture,operational,good,kombolcha,Bole Lemi Industrial Park,"Building A, Floor 3",2021-12-22T00:23:31.979425,1060,562.43,14.48,Generic Brand,Generic Brand-745,SN8104631,180,2025-10-23T00:23:31.983042,2026-04-21T00:23:31.983042,2024-12-21T00:23:31.979425,1480,8,79,7.41,2021-12-22T00:23:31.979425,2026-01-10T00:23:31.983042
asset_0267,UTI-773335-752,KSB Utility #268,KSB industrial utility for manufacturing operations,utility,operational,fair,kombolcha,Kombolcha Industrial Park,"Building A, Floor 1",2024-10-01T00:23:31.979425,35965,33078.59,6.35,KSB,KSB-494,SN9944293,90,2025-12-03T00:23:31.983042,2026-03-03T00:23:31.983042,2027-10-01T00:23:31.979425,466,5,38,10.13,2024-10-01T00:23:31.979425,2026-01-10T00:23:31.983042
asset_0268,UTI-595113-846,KSB Utility #269,KSB industrial utility for manufacturing operations,utility,maintenance,poor,bole-lemi,Hawassa Industrial Park,"Building B, Floor 1",2022-03-18T00:23:31.979425,61756,28892.57,18.05,KSB,KSB-365,SN8237186,90,2025-11-22T00:23:31.983042,2026-02-20T00:23:31.983042,2024-03-17T00:23:31.979425,1394,15,49,15.38,2022-03-18T00:23:31.979425,2026-01-10T00:23:31.983042
asset_0269,MAC-904039-625,ABB Machinery #270,ABB industrial machinery for manufacturing operations,machinery,operational,good,bole-lemi,Hawassa Industrial Park,"Building C, Floor 2",2025-05-27T00:23:31.979425,266667,237568.19,16.9,ABB,ABB-357,SN3834097,90,2025-10-12T00:23:31.983042,2026-01-10T00:23:31.983042,2026-05-27T00:23:31.979425,228,2,90,7.06,2025-05-27T00:23:31.979425,2026-01-10T00:23:31.983042
asset_0270,TOO-578078-981,Generic Brand Tool #271,Generic Brand industrial tool for manufacturing operations,tool,operational,fair,bole-lemi,Bole Lemi Industrial Park,"Building B, Floor 2",2022-10-16T00:23:31.979425,1362,947.89,10.6,Generic Brand,Generic Brand-413,SN7715963,180,2025-12-21T00:23:31.983042,2026-06-19T00:23:31.983042,2023-10-16T00:23:31.979425,1182,6,20,10.32,2022-10-16T00:23:31.979425,2026-01-10T00:23:31.983042
asset_0271,SAF-170695-658,Generic Brand Safety Equipment #272,Generic Brand industrial safety-equipment for manufacturing operations,safety-equipment,maintenance,good,hawassa-park,Hawassa Industrial Park,"Building D, Floor 2",2022-02-21T00:23:31.979425,9903,7810.65,5.93,Generic Brand,Generic Brand-398,SN5715440,180,2025-09-01T00:23:31.983042,2026-02-28T00:23:31.983042,2024-02-21T00:23:31.979425,1419,7,131,7.39,2022-02-21T00:23:31.979425,2026-01-10T00:23:31.983042
asset_0272,FUR-512568-112,Generic Brand Furniture #273,Generic Brand industrial furniture for manufacturing operations,furniture,maintenance,critical,kombolcha,Hawassa Industrial Park,"Building C, Floor 2",2021-06-26T00:23:31.979425,1923,1357.77,7.38,Generic Brand,Generic Brand-259,SN8368414,180,2025-12-18T00:23:31.983042,2026-06-16T00:23:31.983042,2024-06-25T00:23:31.979425,1659,9,23,25.45,2021-06-26T00:23:31.979425,2026-01-10T00:23:31.983042
asset_0273,OTH-291631-151,Generic Brand Other #274,Generic Brand industrial other for manufacturing operations,other,repair,poor,bole-lemi,Bole Lemi Industrial Park,"Building B, Floor 3",2023-06-07T00:23:31.979425,9815,8370.22,5.95,Generic Brand,Generic Brand-230,SN3070918,180,2025-09-25T00:23:31.983042,2026-03-24T00:23:31.983042,2026-06-06T00:23:31.979425,948,5,107,15.26,2023-06-07T00:23:31.979425,2026-01-10T00:23:31.983042
asset_0274,MAC-989287-565,Siemens Machinery #275,Siemens industrial machinery for manufacturing operations,machinery,operational,good,kombolcha,Kilinto Industrial Park,"Building B, Floor 3",2025-09-12T00:23:31.979425,146574,140607.28,11.88,Siemens,Siemens-791,SN4752386,90,2025-11-25T00:23:31.983042,2026-02-23T00:23:31.983042,2028-09-11T00:23:31.979425,120,1,46,7.03,2025-09-12T00:23:31.979425,2026-01-10T00:23:31.983042
asset_0275,INF-609174-433,General Electric Infrastructure #276,General Electric industrial infrastructure for manufacturing operations,infrastructure,repair,fair,kilinto,Kombolcha Industrial Park,"Building C, Floor 2",2024-04-14T00:23:31.979425,308740,248109.95,11.8,General Electric,General Electric-651,SN4498893,180,2025-10-04T00:23:31.983042,2026-04-02T00:23:31.983042,2025-04-14T00:23:31.979425,636,3,98,10.17,2024-04-14T00:23:31.979425,2026-01-10T00:23:31.983042
asset_0276,INF-537869-953,General Electric Infrastructure #277,General Electric industrial infrastructure for manufacturing operations,infrastructure,operational,excellent,hawassa-park,Hawassa Industrial Park,"Building C, Floor 1",2024-06-01T00:23:31.979425,587925,440678.26,16.4,General Electric,General Electric-264,SN8988368,180,2025-07-31T00:23:31.983042,2026-01-27T00:23:31.983042,2026-06-01T00:23:31.979425,588,3,163,5.16,2024-06-01T00:23:31.979425,2026-01-10T00:23:31.983042
asset_0277,IT--185996-789,HP It Equipment #278,HP industrial it-equipment for manufacturing operations,it-equipment,operational,fair,kilinto,Hawassa Industrial Park,"Building C, Floor 3",2021-10-02T00:23:31.979425,2584,1293.34,14.95,HP,HP-291,SN5057248,365,2025-04-30T00:23:31.983042,2026-04-30T00:23:31.983042,2022-10-02T00:23:31.979425,1561,4,255,10.43,2021-10-02T00:23:31.979425,2026-01-10T00:23:31.983042
asset_0278,SAF-186882-625,Generic Brand Safety Equipment #279,Generic Brand industrial safety-equipment for manufacturing operations,safety-equipment,operational,critical,kilinto,Hawassa Industrial Park,"Building A, Floor 1",2023-01-20T00:23:31.979425,892,704.7,7.62,Generic Brand,Generic Brand-591,SN8486954,180,2025-09-08T00:23:31.983042,2026-03-07T00:23:31.983042,2025-01-19T00:23:31.979425,1086,6,124,25.3,2023-01-20T00:23:31.979425,2026-01-10T00:23:31.983042
asset_0279,FUR-909249-901,Generic Brand Furniture #280,Generic Brand industrial furniture for manufacturing operations,furniture,maintenance,critical,kilinto,Hawassa Industrial Park,"Building B, Floor 3",2022-02-07T00:23:31.979425,2143,922.97,19.32,Generic Brand,Generic Brand-252,SN5932030,180,2025-10-12T00:23:31.983042,2026-04-10T00:23:31.983042,2023-02-07T00:23:31.979425,1433,7,90,25.39,2022-02-07T00:23:31.979425,2026-01-10T00:23:31.983042
asset_0280,INF-227585-905,Caterpillar Infrastructure #281,Caterpillar industrial infrastructure for manufacturing operations,infrastructure,operational,poor,kombolcha,Bole Lemi Industrial Park,"Building C, Floor 3",2021-02-11T00:23:31.979425,241150,133135.91,11.39,Caterpillar,Caterpillar-928,SN5952786,180,2025-12-13T00:23:31.983042,2026-06-11T00:23:31.983042,2023-02-11T00:23:31.979425,1794,9,28,15.49,2021-02-11T00:23:31.979425,2026-01-10T00:23:31.983042
asset_0281,FUR-477637-674,Generic Brand Furniture #282,Generic Brand industrial furniture for manufacturing operations,furniture,maintenance,good,bole-lemi,Kilinto Industrial Park,"Building A, Floor 2",2025-07-27T00:23:31.979425,4109,3843.62,13.59,Generic Brand,Generic Brand-291,SN9651408,180,2025-09-20T00:23:31.983042,2026-03-19T00:23:31.983042,2026-07-27T00:23:31.979425,167,0,112,7.05,2025-07-27T00:23:31.979425,2026-01-10T00:23:31.983042
asset_0282,MAC-947014-435,ABB Machinery #283,ABB industrial machinery for manufacturing operations,machinery,damaged,critical,kilinto,Hawassa Industrial Park,"Building B, Floor 1",2023-09-03T00:23:31.979425,222578,144745.77,16.7,ABB,ABB-355,SN7022694,90,2026-01-07T00:23:31.983042,2026-04-07T00:23:31.983042,2026-09-02T00:23:31.979425,860,9,3,25.24,2023-09-03T00:23:31.979425,2026-01-10T00:23:31.983042
asset_0283,VEH-996384-731,Isuzu Vehicle #284,Isuzu industrial vehicle for manufacturing operations,vehicle,operational,fair,hawassa-park,Bole Lemi Industrial Park,"Building C, Floor 2",2024-04-24T00:23:31.979425,127911,103712.81,11.52,Isuzu,Isuzu-100,SN2599834,120,2025-12-15T00:23:31.983042,2026-04-14T00:23:31.983042,2025-04-24T00:23:31.979425,626,5,26,10.17,2024-04-24T00:23:31.979425,2026-01-10T00:23:31.983042
asset_0284,SAF-229135-239,Generic Brand Safety Equipment #285,Generic Brand industrial safety-equipment for manufacturing operations,safety-equipment,operational,excellent,kombolcha,Kombolcha Industrial Park,"Building B, Floor 3",2023-10-06T00:23:31.979425,990,613.03,19.08,Generic Brand,Generic Brand-876,SN1382230,180,2025-07-31T00:23:31.983042,2026-01-27T00:23:31.983042,2026-10-05T00:23:31.979425,827,4,163,5.23,2023-10-06T00:23:31.979425,2026-01-10T00:23:31.983042
asset_0285,INF-728449-128,General Electric Infrastructure #286,General Electric industrial infrastructure for manufacturing operations,infrastructure,repair,poor,kilinto,Hawassa Industrial Park,"Building B, Floor 1",2022-08-12T00:23:31.979425,451748,226484.38,18.31,General Electric,General Electric-529,SN9190187,180,2025-11-06T00:23:31.983042,2026-05-05T00:23:31.983042,2024-08-11T00:23:31.979425,1247,6,65,15.34,2022-08-12T00:23:31.979425,2026-01-10T00:23:31.983042
asset_0286,VEH-616786-120,Toyota Vehicle #287,Toyota industrial vehicle for manufacturing operations,vehicle,operational,good,bole-lemi,Kombolcha Industrial Park,"Building C, Floor 3",2026-01-01T00:23:31.979425,54507,54296.08,14.56,Toyota,Toyota-942,SN8674536,120,2025-12-06T00:23:31.983042,2026-04-05T00:23:31.983042,2027-01-01T00:23:31.979425,9,0,35,7.0,2026-01-01T00:23:31.979425,2026-01-10T00:23:31.983042
asset_0287,FUR-187565-140,Generic Brand Furniture #288,Generic Brand industrial furniture for manufacturing operations,furniture,maintenance,poor,kombolcha,Kilinto Industrial Park,"Building A, Floor 2",2023-11-21T00:23:31.979425,3421,2695.38,10.55,Generic Brand,Generic Brand-895,SN5769392,180,2025-10-07T00:23:31.983042,2026-04-05T00:23:31.983042,2025-11-20T00:23:31.979425,781,4,95,15.21,2023-11-21T00:23:31.979425,2026-01-10T00:23:31.983042
asset_0288,OTH-955396-835,Generic Brand Other #289,Generic Brand industrial other for manufacturing operations,other,operational,fair,hawassa-park,Kilinto Industrial Park,"Building A, Floor 2",2025-05-04T00:23:31.979425,24322,22450.66,11.0,Generic Brand,Generic Brand-216,SN7038383,180,2025-09-01T00:23:31.983042,2026-02-28T00:23:31.983042,2026-05-04T00:23:31.979425,251,1,131,10.07,2025-05-04T00:23:31.979425,2026-01-10T00:23:31.983042
asset_0289,VEH-785317-186,Toyota Vehicle #290,Toyota industrial vehicle for manufacturing operations,vehicle,damaged,fair,kombolcha,Hawassa Industrial Park,"Building B, Floor 3",2025-07-18T00:23:31.979425,128154,119443.29,13.59,Toyota,Toyota-149,SN1023707,120,2025-09-21T00:23:31.983042,2026-01-19T00:23:31.983042,2027-07-18T00:23:31.979425,176,1,111,10.05,2025-07-18T00:23:31.979425,2026-01-10T00:23:31.983042
asset_0290,FUR-614065-428,Generic Brand Furniture #291,Generic Brand industrial furniture for manufacturing operations,furniture,repair,poor,kombolcha,Kilinto Industrial Park,"Building C, Floor 1",2023-04-24T00:23:31.979425,709,582.15,7.0,Generic Brand,Generic Brand-421,SN4189152,180,2025-08-07T00:23:31.983042,2026-02-03T00:23:31.983042,2026-04-23T00:23:31.979425,992,5,156,15.27,2023-04-24T00:23:31.979425,2026-01-10T00:23:31.983042
asset_0291,OTH-871609-839,Generic Brand Other #292,Generic Brand industrial other for manufacturing operations,other,operational,excellent,kilinto,Hawassa Industrial Park,"Building A, Floor 1",2023-07-10T00:23:31.979425,21010,18312.52,5.34,Generic Brand,Generic Brand-609,SN9990809,180,2025-07-30T00:23:31.983042,2026-01-26T00:23:31.983042,2025-07-09T00:23:31.979425,915,5,164,5.25,2023-07-10T00:23:31.979425,2026-01-10T00:23:31.983042
asset_0292,MAC-574589-857,Schneider Electric Machinery #293,Schneider Electric industrial machinery for manufacturing operations,machinery,maintenance,poor,kombolcha,Hawassa Industrial Park,"Building B, Floor 1",2022-02-19T00:23:31.979425,275113,134052.84,16.87,Schneider Electric,Schneider Electric-264,SN8848608,90,2026-01-02T00:23:31.983042,2026-04-02T00:23:31.983042,2024-02-19T00:23:31.979425,1421,15,8,15.39,2022-02-19T00:23:31.979425,2026-01-10T00:23:31.983042
asset_0293,SAF-231749-430,Generic Brand Safety Equipment #294,Generic Brand industrial safety-equipment for manufacturing operations,safety-equipment,repair,good,bole-lemi,Bole Lemi Industrial Park,"Building B, Floor 2",2023-08-24T00:23:31.979425,6593,5563.91,6.88,Generic Brand,Generic Brand-156,SN6502489,180,2026-01-02T00:23:31.983042,2026-07-01T00:23:31.983042,2024-08-23T00:23:31.979425,870,4,8,7.24,2023-08-24T00:23:31.979425,2026-01-10T00:23:31.983042
asset_0294,VEH-788633-911,Mercedes-Benz Vehicle #295,Mercedes-Benz industrial vehicle for manufacturing operations,vehicle,operational,good,kilinto,Kilinto Industrial Park,"Building B, Floor 2",2024-09-17T00:23:31.979425,137355,115995.52,12.07,Mercedes-Benz,Mercedes-Benz-647,SN3031725,120,2025-09-25T00:23:31.983042,2026-01-23T00:23:31.983042,2027-09-17T00:23:31.979425,480,4,107,7.13,2024-09-17T00:23:31.979425,2026-01-10T00:23:31.983042
asset_0295,MAC-606525-746,Siemens Machinery #296,Siemens industrial machinery for manufacturing operations,machinery,operational,fair,bole-lemi,Kombolcha Industrial Park,"Building D, Floor 1",2021-03-31T00:23:31.979425,88826,51991.05,10.6,Siemens,Siemens-803,SN8435078,90,2025-11-26T00:23:31.983042,2026-02-24T00:23:31.983042,2023-03-31T00:23:31.979425,1746,19,45,10.48,2021-03-31T00:23:31.979425,2026-01-10T00:23:31.983042
asset_0296,SAF-572755-150,Generic Brand Safety Equipment #297,Generic Brand industrial safety-equipment for manufacturing operations,safety-equipment,maintenance,poor,kilinto,Bole Lemi Industrial Park,"Building B, Floor 3",2023-04-03T00:23:31.979425,8763,5129.91,17.56,Generic Brand,Generic Brand-885,SN3500923,180,2025-09-16T00:23:31.983042,2026-03-15T00:23:31.983042,2025-04-02T00:23:31.979425,1013,5,116,15.28,2023-04-03T00:23:31.979425,2026-01-10T00:23:31.983042
asset_0297,OTH-512166-363,Generic Brand Other #298,Generic Brand industrial other for manufacturing operations,other,maintenance,fair,bole-lemi,Bole Lemi Industrial Park,"Building D, Floor 3",2021-10-09T00:23:31.979425,47900,21372.93,17.28,Generic Brand,Generic Brand-197,SN4792405,180,2025-10-08T00:23:31.983042,2026-04-06T00:23:31.983042,2024-10-08T00:23:31.979425,1554,8,94,10.43,2021-10-09T00:23:31.979425,2026-01-10T00:23:31.983042
asset_0298,VEH-550027-111,Mercedes-Benz Vehicle #299,Mercedes-Benz industrial vehicle for manufacturing operations,vehicle,operational,good,kilinto,Kilinto Industrial Park,"Building B, Floor 1",2024-10-01T00:23:31.979425,98026,85505.76,10.16,Mercedes-Benz,Mercedes-Benz-877,SN7427587,120,2025-11-19T00:23:31.983042,2026-03-19T00:23:31.983042,2025-10-01T00:23:31.979425,466,3,52,7.13,2024-10-01T00:23:31.979425,2026-01-10T00:23:31.983042
asset_0299,INF-680948-196,Caterpillar Infrastructure #300,Caterpillar industrial infrastructure for manufacturing operations,infrastructure,operational,good,kombolcha,Kombolcha Industrial Park,"Building B, Floor 2",2022-11-16T00:23:31.979425,486234,336344.28,11.04,Caterpillar,Caterpillar-479,SN6125563,180,2025-12-17T00:23:31.983042,2026-06-15T00:23:31.983042,2024-11-15T00:23:31.979425,1151,6,24,7.32,2022-11-16T00:23:31.979425,2026-01-10T00:23:31.983042
asset_0300,MAC-699252-373,Siemens Machinery #301,Siemens industrial machinery for manufacturing operations,machinery,operational,fair,kilinto,Hawassa Industrial Park,"Building C, Floor 3",2024-09-15T00:23:31.979425,414890,363903.66,9.46,Siemens,Siemens-410,SN5283884,90,2025-11-27T00:23:31.983042,2026-02-25T00:23:31.983042,2025-09-15T00:23:31.979425,482,5,44,10.13,2024-09-15T00:23:31.979425,2026-01-10T00:23:31.983042
asset_0301,OTH-549336-254,Generic Brand Other #302,Generic Brand industrial other for manufacturing operations,other,operational,good,kilinto,Hawassa Industrial Park,"Building D, Floor 3",2023-12-06T00:23:31.979425,5315,4350.09,9.11,Generic Brand,Generic Brand-709,SN4785143,180,2025-12-28T00:23:31.983042,2026-06-26T00:23:31.983042,2026-12-05T00:23:31.979425,766,4,13,7.21,2023-12-06T00:23:31.979425,2026-01-10T00:23:31.983042
asset_0302,OTH-700357-189,Generic Brand Other #303,Generic Brand industrial other for manufacturing operations,other,maintenance,excellent,kombolcha,Bole Lemi Industrial Park,"Building A, Floor 3",2025-06-05T00:23:31.979425,31683,29192.81,12.76,Generic Brand,Generic Brand-446,SN5289193,180,2025-07-24T00:23:31.983042,2026-01-20T00:23:31.983042,2027-06-05T00:23:31.979425,219,1,170,5.06,2025-06-05T00:23:31.979425,2026-01-10T00:23:31.983042
asset_0303,TOO-990842-917,Generic Brand Tool #304,Generic Brand industrial tool for manufacturing operations,tool,repair,fair,kilinto,Kombolcha Industrial Park,"Building C, Floor 3",2024-07-31T00:23:31.979425,1707,1326.88,15.99,Generic Brand,Generic Brand-710,SN4547243,180,2026-01-08T00:23:31.983042,2026-07-07T00:23:31.983042,2026-07-31T00:23:31.979425,528,2,2,10.14,2024-07-31T00:23:31.979425,2026-01-10T00:23:31.983042
asset_0304,MAC-773178-168,Schneider Electric Machinery #305,Schneider Electric industrial machinery for manufacturing operations,machinery,operational,fair,bole-lemi,Bole Lemi Industrial Park,"Building B, Floor 1",2025-01-10T00:23:31.979425,372184,337780.57,9.25,Schneider Electric,Schneider Electric-723,SN4886721,90,2025-11-22T00:23:31.983042,2026-02-20T00:23:31.983042,2026-01-10T00:23:31.979425,365,4,49,10.1,2025-01-10T00:23:31.979425,2026-01-10T00:23:31.983042
asset_0305,INF-160604-273,Komatsu Infrastructure #306,Komatsu industrial infrastructure for manufacturing operations,infrastructure,maintenance,fair,hawassa-park,Bole Lemi Industrial Park,"Building C, Floor 2",2022-09-16T00:23:31.979425,418056,202976.09,19.57,Komatsu,Komatsu-473,SN6547487,180,2025-12-26T00:23:31.983042,2026-06-24T00:23:31.983042,2023-09-16T00:23:31.979425,1212,6,15,10.33,2022-09-16T00:23:31.979425,2026-01-10T00:23:31.983042
asset_0306,SAF-354904-621,Generic Brand Safety Equipment #307,Generic Brand industrial safety-equipment for manufacturing operations,safety-equipment,repair,poor,hawassa-park,Hawassa Industrial Park,"Building B, Floor 1",2022-04-04T00:23:31.979425,2486,1202.31,17.53,Generic Brand,Generic Brand-854,SN9587645,180,2025-10-22T00:23:31.983042,2026-04-20T00:23:31.983042,2024-04-03T00:23:31.979425,1377,7,80,15.38,2022-04-04T00:23:31.979425,2026-01-10T00:23:31.983042
asset_0307,FUR-426561-979,Generic Brand Furniture #308,Generic Brand industrial furniture for manufacturing operations,furniture,repair,fair,bole-lemi,Kombolcha Industrial Park,"Building C, Floor 1",2024-03-07T00:23:31.979425,4432,3038.89,18.49,Generic Brand,Generic Brand-429,SN1216148,180,2025-07-20T00:23:31.983042,2026-01-16T00:23:31.983042,2026-03-07T00:23:31.979425,674,3,174,10.18,2024-03-07T00:23:31.979425,2026-01-10T00:23:31.983042
asset_0308,VEH-900545-632,Toyota Vehicle #309,Toyota industrial vehicle for manufacturing operations,vehicle,maintenance,good,kilinto,Kilinto Industrial Park,"Building C, Floor 1",2021-08-15T00:23:31.979425,135532,69731.89,14.0,Toyota,Toyota-150,SN1752879,120,2025-11-22T00:23:31.983042,2026-03-22T00:23:31.983042,2024-08-14T00:23:31.979425,1609,13,49,7.44,2021-08-15T00:23:31.979425,2026-01-10T00:23:31.983042
asset_0309,OTH-579003-978,Generic Brand Other #310,Generic Brand industrial other for manufacturing operations,other,operational,good,hawassa-park,Kilinto Industrial Park,"Building D, Floor 3",2024-03-28T00:23:31.979425,33855,29832.45,6.83,Generic Brand,Generic Brand-533,SN5606360,180,2025-09-29T00:23:31.983042,2026-03-28T00:23:31.983042,2026-03-28T00:23:31.979425,653,3,103,7.18,2024-03-28T00:23:31.979425,2026-01-10T00:23:31.983042
asset_0310,IT--976498-526,Dell It Equipment #311,Dell industrial it-equipment for manufacturing operations,it-equipment,maintenance,poor,kilinto,Kombolcha Industrial Park,"Building B, Floor 1",2022-04-06T00:23:31.979425,4470,1993.14,19.31,Dell,Dell-891,SN8424524,365,2025-06-25T00:23:31.983042,2026-06-25T00:23:31.983042,2025-04-05T00:23:31.979425,1375,3,199,15.38,2022-04-06T00:23:31.979425,2026-01-10T00:23:31.983042
asset_0311,OTH-574811-974,Generic Brand Other #312,Generic Brand industrial other for manufacturing operations,other,maintenance,poor,bole-lemi,Kombolcha Industrial Park,"Building B, Floor 2",2022-10-13T00:23:31.979425,34215,20413.15,14.72,Generic Brand,Generic Brand-675,SN5123561,180,2025-11-20T00:23:31.983042,2026-05-19T00:23:31.983042,2023-10-13T00:23:31.979425,1185,6,51,15.32,2022-10-13T00:23:31.979425,2026-01-10T00:23:31.983042
asset_0312,MAC-648113-973,Honeywell Machinery #313,Honeywell industrial machinery for manufacturing operations,machinery,operational,poor,kombolcha,Kilinto Industrial Park,"Building C, Floor 2",2021-02-28T00:23:31.979425,230291,151945.12,8.19,Honeywell,Honeywell-725,SN2534965,90,2025-11-01T00:23:31.983042,2026-01-30T00:23:31.983042,2024-02-28T00:23:31.979425,1777,19,70,15.49,2021-02-28T00:23:31.979425,2026-01-10T00:23:31.983042
asset_0313,IT--329740-266,Lenovo It Equipment #314,Lenovo industrial it-equipment for manufacturing operations,it-equipment,repair,poor,hawassa-park,Kombolcha Industrial Park,"Building B, Floor 3",2021-10-11T00:23:31.979425,1536,815.59,13.84,Lenovo,Lenovo-717,SN9240375,365,2025-09-17T00:23:31.983042,2026-09-17T00:23:31.983042,2022-10-11T00:23:31.979425,1552,4,115,15.43,2021-10-11T00:23:31.979425,2026-01-10T00:23:31.983042
asset_0314,IT--351089-534,Cisco It Equipment #315,Cisco industrial it-equipment for manufacturing operations,it-equipment,operational,good,hawassa-park,Kilinto Industrial Park,"Building C, Floor 1",2024-10-10T00:23:31.979425,4977,3843.12,18.67,Cisco,Cisco-873,SN6340943,365,2025-03-02T00:23:31.983042,2026-03-02T00:23:31.983042,2026-10-10T00:23:31.979425,457,1,314,7.13,2024-10-10T00:23:31.979425,2026-01-10T00:23:31.983042
asset_0315,VEH-536339-970,Hino Vehicle #316,Hino industrial vehicle for manufacturing operations,vehicle,operational,excellent,kombolcha,Bole Lemi Industrial Park,"Building D, Floor 3",2024-09-09T00:23:31.979425,116590,92787.59,15.71,Hino,Hino-922,SN3801699,120,2025-10-26T00:23:31.983042,2026-02-23T00:23:31.983042,2026-09-09T00:23:31.979425,488,4,76,5.13,2024-09-09T00:23:31.979425,2026-01-10T00:23:31.983042
asset_0316,OTH-302196-427,Generic Brand Other #317,Generic Brand industrial other for manufacturing operations,other,operational,good,kilinto,Bole Lemi Industrial Park,"Building B, Floor 1",2023-09-21T00:23:31.979425,35094,30970.72,5.28,Generic Brand,Generic Brand-758,SN8592270,180,2025-07-24T00:23:31.983042,2026-01-20T00:23:31.983042,2025-09-20T00:23:31.979425,842,4,170,7.23,2023-09-21T00:23:31.979425,2026-01-10T00:23:31.983042
asset_0317,UTI-619042-271,Wilo Utility #318,Wilo industrial utility for manufacturing operations,utility,operational,good,kombolcha,Kombolcha Industrial Park,"Building B, Floor 1",2024-05-18T00:23:31.979425,96610,69006.44,18.47,Wilo,Wilo-841,SN4078772,90,2025-10-21T00:23:31.983042,2026-01-19T00:23:31.983042,2026-05-18T00:23:31.979425,602,6,81,7.16,2024-05-18T00:23:31.979425,2026-01-10T00:23:31.983042
asset_0318,SAF-343480-886,Generic Brand Safety Equipment #319,Generic Brand industrial safety-equipment for manufacturing operations,safety-equipment,operational,good,bole-lemi,Bole Lemi Industrial Park,"Building B, Floor 1",2023-04-28T00:23:31.979425,5812,4998.19,5.42,Generic Brand,Generic Brand-687,SN7289183,180,2025-09-29T00:23:31.983042,2026-03-28T00:23:31.983042,2025-04-27T00:23:31.979425,988,5,103,7.27,2023-04-28T00:23:31.979425,2026-01-10T00:23:31.983042
asset_0319,FUR-564186-613,Generic Brand Furniture #320,Generic Brand industrial furniture for manufacturing operations,furniture,maintenance,excellent,kilinto,Bole Lemi Industrial Park,"Building B, Floor 1",2025-02-05T00:23:31.979425,4572,4030.98,12.69,Generic Brand,Generic Brand-227,SN5970686,180,2025-09-07T00:23:31.983042,2026-03-06T00:23:31.983042,2026-02-05T00:23:31.979425,339,1,125,5.09,2025-02-05T00:23:31.979425,2026-01-10T00:23:31.985103
asset_0320,MAC-573861-727,Schneider Electric Machinery #321,Schneider Electric industrial machinery for manufacturing operations,machinery,maintenance,fair,kombolcha,Bole Lemi Industrial Park,"Building A, Floor 3",2025-10-10T00:23:31.979425,429410,421700.9,6.94,Schneider Electric,Schneider Electric-372,SN3185212,90,2025-11-09T00:23:31.985103,2026-02-07T00:23:31.985103,2028-10-09T00:23:31.979425,92,1,62,10.03,2025-10-10T00:23:31.979425,2026-01-10T00:23:31.985103
asset_0321,MAC-760558-823,ABB Machinery #322,ABB industrial machinery for manufacturing operations,machinery,repair,excellent,kilinto,Kombolcha Industrial Park,"Building C, Floor 3",2024-12-20T00:23:31.979425,122963,106308.71,12.87,ABB,ABB-583,SN3629462,90,2025-12-30T00:23:31.985103,2026-03-30T00:23:31.985103,2025-12-20T00:23:31.979425,386,4,11,5.11,2024-12-20T00:23:31.979425,2026-01-10T00:23:31.985103
asset_0322,VEH-403338-837,Isuzu Vehicle #323,Isuzu industrial vehicle for manufacturing operations,vehicle,operational,fair,bole-lemi,Bole Lemi Industrial Park,"Building C, Floor 1",2024-11-28T00:23:31.979425,86473,69672.58,17.58,Isuzu,Isuzu-513,SN8085397,120,2025-12-21T00:23:31.985103,2026-04-20T00:23:31.985103,2026-11-28T00:23:31.979425,408,3,20,10.11,2024-11-28T00:23:31.979425,2026-01-10T00:23:31.985103
asset_0323,TOO-459845-153,Generic Brand Tool #324,Generic Brand industrial tool for manufacturing operations,tool,operational,fair,hawassa-park,Kilinto Industrial Park,"Building C, Floor 1",2021-02-23T00:23:31.979425,948,503.01,12.18,Generic Brand,Generic Brand-987,SN6825050,180,2025-12-27T00:23:31.985103,2026-06-25T00:23:31.985103,2024-02-23T00:23:31.979425,1782,9,14,10.49,2021-02-23T00:23:31.979425,2026-01-10T00:23:31.985103
asset_0324,UTI-236190-781,Grundfos Utility #325,Grundfos industrial utility for manufacturing operations,utility,operational,good,kombolcha,Kilinto Industrial Park,"Building A, Floor 2",2025-08-22T00:23:31.979425,20788,19177.25,18.85,Grundfos,Grundfos-223,SN2844287,90,2025-11-19T00:23:31.985103,2026-02-17T00:23:31.985103,2028-08-21T00:23:31.979425,141,1,52,7.04,2025-08-22T00:23:31.979425,2026-01-10T00:23:31.985103
asset_0325,MAC-183577-333,Siemens Machinery #326,Siemens industrial machinery for manufacturing operations,machinery,operational,good,kombolcha,Bole Lemi Industrial Park,"Building A, Floor 1",2021-07-12T00:23:31.979425,342045,191213.23,12.13,Siemens,Siemens-624,SN5801164,90,2025-12-05T00:23:31.985103,2026-03-05T00:23:31.985103,2024-07-11T00:23:31.979425,1643,18,36,7.45,2021-07-12T00:23:31.979425,2026-01-10T00:23:31.985103
asset_0326,IT--255406-875,Lenovo It Equipment #327,Lenovo industrial it-equipment for manufacturing operations,it-equipment,operational,poor,kilinto,Bole Lemi Industrial Park,"Building A, Floor 3",2024-10-03T00:23:31.979425,6988,6403.1,6.65,Lenovo,Lenovo-300,SN3667895,365,2025-02-16T00:23:31.985103,2026-02-16T00:23:31.985103,2027-10-03T00:23:31.979425,464,1,328,15.13,2024-10-03T00:23:31.979425,2026-01-10T00:23:31.985103
asset_0327,OTH-839954-328,Generic Brand Other #328,Generic Brand industrial other for manufacturing operations,other,operational,fair,hawassa-park,Kilinto Industrial Park,"Building C, Floor 1",2024-03-01T00:23:31.979425,1126,865.01,13.21,Generic Brand,Generic Brand-807,SN6626601,180,2025-07-14T00:23:31.985103,2026-01-10T00:23:31.985103,2025-03-01T00:23:31.979425,680,3,180,10.19,2024-03-01T00:23:31.979425,2026-01-10T00:23:31.985103
asset_0328,IT--769752-895,Dell It Equipment #329,Dell industrial it-equipment for manufacturing operations,it-equipment,repair,poor,kombolcha,Kilinto Industrial Park,"Building D, Floor 1",2021-07-21T00:23:31.979425,2891,2227.46,5.66,Dell,Dell-591,SN1851550,365,2025-01-24T00:23:31.985103,2026-01-24T00:23:31.985103,2022-07-21T00:23:31.979425,1634,4,351,15.45,2021-07-21T00:23:31.979425,2026-01-10T00:23:31.985103
asset_0329,VEH-685256-686,Mercedes-Benz Vehicle #330,Mercedes-Benz industrial vehicle for manufacturing operations,vehicle,operational,fair,bole-lemi,Kombolcha Industrial Park,"Building A, Floor 3",2025-09-26T00:23:31.979425,52847,51375.39,9.27,Mercedes-Benz,Mercedes-Benz-756,SN9739335,120,2025-12-05T00:23:31.985103,2026-04-04T00:23:31.985103,2026-09-26T00:23:31.979425,106,0,36,10.03,2025-09-26T00:23:31.979425,2026-01-10T00:23:31.985103
asset_0330,VEH-774415-626,Volvo Vehicle #331,Volvo industrial vehicle for manufacturing operations,vehicle,operational,excellent,hawassa-park,Kombolcha Industrial Park,"Building A, Floor 2",2025-02-14T00:23:31.979425,112272,99272.8,12.73,Volvo,Volvo-157,SN9180169,120,2025-11-18T00:23:31.985103,2026-03-18T00:23:31.985103,2026-02-14T00:23:31.979425,330,2,53,5.09,2025-02-14T00:23:31.979425,2026-01-10T00:23:31.985103
asset_0331,MAC-218085-273,ABB Machinery #332,ABB industrial machinery for manufacturing operations,machinery,repair,good,kombolcha,Kombolcha Industrial Park,"Building D, Floor 2",2024-10-27T00:23:31.979425,205371,189702.65,6.38,ABB,ABB-988,SN9890533,90,2025-10-18T00:23:31.985103,2026-01-16T00:23:31.985103,2025-10-27T00:23:31.979425,440,4,84,7.12,2024-10-27T00:23:31.979425,2026-01-10T00:23:31.985103
asset_0332,VEH-980545-617,Hino Vehicle #333,Hino industrial vehicle for manufacturing operations,vehicle,repair,poor,bole-lemi,Bole Lemi Industrial Park,"Building A, Floor 3",2021-08-14T00:23:31.979425,89829,38505.11,17.48,Hino,Hino-130,SN8489579,120,2025-12-31T00:23:31.985103,2026-04-30T00:23:31.985103,2023-08-14T00:23:31.979425,1610,13,10,15.44,2021-08-14T00:23:31.979425,2026-01-10T00:23:31.985103
asset_0333,FUR-838026-330,Generic Brand Furniture #334,Generic Brand industrial furniture for manufacturing operations,furniture,operational,excellent,kilinto,Kombolcha Industrial Park,"Building D, Floor 2",2024-03-20T00:23:31.979425,1861,1308.5,17.69,Generic Brand,Generic Brand-924,SN6978630,180,2025-11-05T00:23:31.985103,2026-05-04T00:23:31.985103,2026-03-20T00:23:31.979425,661,3,66,5.18,2024-03-20T00:23:31.979425,2026-01-10T00:23:31.985103
asset_0334,SAF-545046-977,Generic Brand Safety Equipment #335,Generic Brand industrial safety-equipment for manufacturing operations,safety-equipment,operational,fair,bole-lemi,Bole Lemi Industrial Park,"Building B, Floor 1",2023-08-04T00:23:31.979425,2658,1976.42,11.45,Generic Brand,Generic Brand-454,SN4393040,180,2025-11-25T00:23:31.985103,2026-05-24T00:23:31.985103,2025-08-03T00:23:31.979425,890,4,46,10.24,2023-08-04T00:23:31.979425,2026-01-10T00:23:31.985103
asset_0335,INF-373075-624,Komatsu Infrastructure #336,Komatsu industrial infrastructure for manufacturing operations,infrastructure,operational,fair,kilinto,Kilinto Industrial Park,"Building B, Floor 1",2021-07-27T00:23:31.979425,991271,410782.65,17.93,Komatsu,Komatsu-246,SN6037292,180,2025-10-13T00:23:31.985103,2026-04-11T00:23:31.985103,2023-07-27T00:23:31.979425,1628,9,89,10.45,2021-07-27T00:23:31.979425,2026-01-10T00:23:31.985103
asset_0336,MAC-947804-417,ABB Machinery #337,ABB industrial machinery for manufacturing operations,machinery,operational,poor,kombolcha,Bole Lemi Industrial Park,"Building A, Floor 1",2021-09-02T00:23:31.979425,439808,252074.14,12.0,ABB,ABB-809,SN7700579,90,2025-12-25T00:23:31.985103,2026-03-25T00:23:31.985103,2023-09-02T00:23:31.979425,1591,17,16,15.44,2021-09-02T00:23:31.979425,2026-01-10T00:23:31.985103
asset_0337,UTI-522841-680,Wilo Utility #338,Wilo industrial utility for manufacturing operations,utility,operational,fair,kombolcha,Kilinto Industrial Park,"Building A, Floor 2",2022-04-29T00:23:31.979425,96883,55945.67,13.79,Wilo,Wilo-986,SN9364786,90,2025-12-13T00:23:31.985103,2026-03-13T00:23:31.985103,2024-04-28T00:23:31.979425,1352,15,28,10.37,2022-04-29T00:23:31.979425,2026-01-10T00:23:31.985103
asset_0338,MAC-485016-193,Honeywell Machinery #339,Honeywell industrial machinery for manufacturing operations,machinery,maintenance,fair,kilinto,Kombolcha Industrial Park,"Building A, Floor 2",2022-01-17T00:23:31.979425,436458,255656.62,12.57,Honeywell,Honeywell-581,SN7179165,90,2025-10-25T00:23:31.985103,2026-01-23T00:23:31.985103,2025-01-16T00:23:31.979425,1454,16,77,10.4,2022-01-17T00:23:31.979425,2026-01-10T00:23:31.985103
asset_0339,UTI-755962-939,Grundfos Utility #340,Grundfos industrial utility for manufacturing operations,utility,maintenance,good,bole-lemi,Kilinto Industrial Park,"Building B, Floor 2",2023-07-03T00:23:31.979425,12131,10452.42,5.73,Grundfos,Grundfos-146,SN2076475,90,2025-10-12T00:23:31.985103,2026-01-10T00:23:31.985103,2025-07-02T00:23:31.979425,922,10,90,7.25,2023-07-03T00:23:31.979425,2026-01-10T00:23:31.985103
asset_0340,UTI-790191-341,KSB Utility #341,KSB industrial utility for manufacturing operations,utility,operational,good,kombolcha,Hawassa Industrial Park,"Building C, Floor 2",2024-03-09T00:23:31.979425,61802,50250.34,10.64,KSB,KSB-511,SN8104979,90,2025-10-29T00:23:31.985103,2026-01-27T00:23:31.985103,2026-03-09T00:23:31.979425,672,7,73,7.18,2024-03-09T00:23:31.979425,2026-01-10T00:23:31.985103
asset_0341,INF-650964-588,Caterpillar Infrastructure #342,Caterpillar industrial infrastructure for manufacturing operations,infrastructure,operational,fair,kombolcha,Kombolcha Industrial Park,"Building A, Floor 3",2022-01-02T00:23:31.979425,577312,335445.69,12.63,Caterpillar,Caterpillar-938,SN3728508,180,2025-07-20T00:23:31.985103,2026-01-16T00:23:31.985103,2025-01-01T00:23:31.979425,1469,8,174,10.4,2022-01-02T00:23:31.979425,2026-01-10T00:23:31.985103
asset_0342,FUR-149427-639,Generic Brand Furniture #343,Generic Brand industrial furniture for manufacturing operations,furniture,operational,good,hawassa-park,Kombolcha Industrial Park,"Building A, Floor 1",2023-04-19T00:23:31.979425,4476,3356.0,10.01,Generic Brand,Generic Brand-501,SN2442259,180,2025-10-20T00:23:31.985103,2026-04-18T00:23:31.985103,2025-04-18T00:23:31.979425,997,5,82,7.27,2023-04-19T00:23:31.979425,2026-01-10T00:23:31.985103
asset_0343,UTI-647262-233,KSB Utility #344,KSB industrial utility for manufacturing operations,utility,operational,critical,bole-lemi,Kilinto Industrial Park,"Building B, Floor 3",2021-05-17T00:23:31.979425,17768,6716.83,18.87,KSB,KSB-274,SN2309970,90,2025-12-18T00:23:31.985103,2026-03-18T00:23:31.985103,2022-05-17T00:23:31.979425,1699,18,23,25.47,2021-05-17T00:23:31.979425,2026-01-10T00:23:31.985103
asset_0344,MAC-495042-156,ABB Machinery #345,ABB industrial machinery for manufacturing operations,machinery,operational,poor,kilinto,Kombolcha Industrial Park,"Building C, Floor 2",2022-08-09T00:23:31.979425,490775,370898.88,7.86,ABB,ABB-260,SN8499420,90,2025-11-09T00:23:31.985103,2026-02-07T00:23:31.985103,2024-08-08T00:23:31.979425,1250,13,62,15.34,2022-08-09T00:23:31.979425,2026-01-10T00:23:31.985103
asset_0345,MAC-353506-723,Schneider Electric Machinery #346,Schneider Electric industrial machinery for manufacturing operations,machinery,operational,excellent,hawassa-park,Hawassa Industrial Park,"Building A, Floor 3",2025-04-16T00:23:31.979425,177168,162808.22,10.84,Schneider Electric,Schneider Electric-871,SN1096306,90,2026-01-03T00:23:31.985103,2026-04-03T00:23:31.985103,2026-04-16T00:23:31.979425,269,2,7,5.07,2025-04-16T00:23:31.979425,2026-01-10T00:23:31.985103
asset_0346,UTI-354091-755,KSB Utility #347,KSB industrial utility for manufacturing operations,utility,operational,fair,kombolcha,Hawassa Industrial Park,"Building A, Floor 3",2022-09-17T00:23:31.979425,70682,48695.35,10.63,KSB,KSB-801,SN1502332,90,2025-12-12T00:23:31.985103,2026-03-12T00:23:31.985103,2023-09-17T00:23:31.979425,1211,13,29,10.33,2022-09-17T00:23:31.979425,2026-01-10T00:23:31.985103
asset_0347,MAC-336665-761,ABB Machinery #348,ABB industrial machinery for manufacturing operations,machinery,operational,good,hawassa-park,Hawassa Industrial Park,"Building C, Floor 1",2024-03-17T00:23:31.979425,186736,150382.65,11.23,ABB,ABB-267,SN3447186,90,2026-01-07T00:23:31.985103,2026-04-07T00:23:31.985103,2027-03-17T00:23:31.979425,664,7,3,7.18,2024-03-17T00:23:31.979425,2026-01-10T00:23:31.985103
asset_0348,MAC-250593-990,Honeywell Machinery #349,Honeywell industrial machinery for manufacturing operations,machinery,repair,critical,bole-lemi,Hawassa Industrial Park,"Building D, Floor 1",2022-12-18T00:23:31.979425,121327,98616.34,6.54,Honeywell,Honeywell-832,SN5047738,90,2025-11-09T00:23:31.985103,2026-02-07T00:23:31.985103,2024-12-17T00:23:31.979425,1119,12,62,25.31,2022-12-18T00:23:31.979425,2026-01-10T00:23:31.985103
asset_0349,SAF-964175-886,Generic Brand Safety Equipment #350,Generic Brand industrial safety-equipment for manufacturing operations,safety-equipment,operational,fair,hawassa-park,Hawassa Industrial Park,"Building C, Floor 2",2022-10-19T00:23:31.979425,7464,4013.8,17.48,Generic Brand,Generic Brand-713,SN9083231,180,2025-09-12T00:23:31.985103,2026-03-11T00:23:31.985103,2025-10-18T00:23:31.979425,1179,6,120,10.32,2022-10-19T00:23:31.979425,2026-01-10T00:23:31.985103
asset_0350,MAC-583851-779,Schneider Electric Machinery #351,Schneider Electric industrial machinery for manufacturing operations,machinery,operational,good,hawassa-park,Bole Lemi Industrial Park,"Building C, Floor 2",2023-11-06T00:23:31.979425,412499,257244.25,19.48,Schneider Electric,Schneider Electric-155,SN8422365,90,2025-11-12T00:23:31.985103,2026-02-10T00:23:31.985103,2025-11-05T00:23:31.979425,796,8,59,7.22,2023-11-06T00:23:31.979425,2026-01-10T00:23:31.985103
asset_0351,SAF-691518-295,Generic Brand Safety Equipment #352,Generic Brand industrial safety-equipment for manufacturing operations,safety-equipment,maintenance,poor,bole-lemi,Kilinto Industrial Park,"Building C, Floor 3",2023-11-02T00:23:31.979425,7490,5666.88,11.96,Generic Brand,Generic Brand-651,SN4024903,180,2025-11-27T00:23:31.985103,2026-05-26T00:23:31.985103,2024-11-01T00:23:31.979425,800,4,44,15.22,2023-11-02T00:23:31.979425,2026-01-10T00:23:31.985103
asset_0352,TOO-440805-605,Generic Brand Tool #353,Generic Brand industrial tool for manufacturing operations,tool,operational,excellent,kombolcha,Bole Lemi Industrial Park,"Building D, Floor 1",2025-08-08T00:23:31.979425,2231,2053.87,17.71,Generic Brand,Generic Brand-372,SN5751423,180,2025-08-28T00:23:31.985103,2026-02-24T00:23:31.985103,2026-08-08T00:23:31.979425,155,0,135,5.04,2025-08-08T00:23:31.979425,2026-01-10T00:23:31.985103
asset_0353,OTH-407092-324,Generic Brand Other #354,Generic Brand industrial other for manufacturing operations,other,operational,good,kombolcha,Kilinto Industrial Park,"Building A, Floor 1",2025-01-16T00:23:31.979425,8630,7501.14,13.29,Generic Brand,Generic Brand-733,SN1683403,180,2025-11-15T00:23:31.985103,2026-05-14T00:23:31.985103,2026-01-16T00:23:31.979425,359,1,56,7.1,2025-01-16T00:23:31.979425,2026-01-10T00:23:31.985103
asset_0354,MAC-796566-398,Mitsubishi Machinery #355,Mitsubishi industrial machinery for manufacturing operations,machinery,maintenance,critical,kilinto,Kombolcha Industrial Park,"Building D, Floor 2",2021-10-29T00:23:31.979425,91419,39933.74,17.9,Mitsubishi,Mitsubishi-526,SN8451544,90,2025-11-15T00:23:31.985103,2026-02-13T00:23:31.985103,2024-10-28T00:23:31.979425,1534,17,56,25.42,2021-10-29T00:23:31.979425,2026-01-10T00:23:31.985103
asset_0355,MAC-396550-810,Siemens Machinery #356,Siemens industrial machinery for manufacturing operations,machinery,damaged,fair,kilinto,Bole Lemi Industrial Park,"Building D, Floor 1",2023-12-31T00:23:31.979425,193830,165824.79,7.4,Siemens,Siemens-666,SN9092046,90,2025-12-08T00:23:31.985103,2026-03-08T00:23:31.985103,2024-12-30T00:23:31.979425,741,8,33,10.2,2023-12-31T00:23:31.979425,2026-01-10T00:23:31.985103
asset_0356,TOO-506603-170,Generic Brand Tool #357,Generic Brand industrial tool for manufacturing operations,tool,maintenance,critical,bole-lemi,Hawassa Industrial Park,"Building A, Floor 1",2024-11-12T00:23:31.979425,3952,3337.06,13.56,Generic Brand,Generic Brand-131,SN7397710,180,2025-11-17T00:23:31.985103,2026-05-16T00:23:31.985103,2026-11-12T00:23:31.979425,424,2,54,25.12,2024-11-12T00:23:31.979425,2026-01-10T00:23:31.985103
asset_0357,OTH-866875-431,Generic Brand Other #358,Generic Brand industrial other for manufacturing operations,other,maintenance,fair,kombolcha,Bole Lemi Industrial Park,"Building D, Floor 3",2023-05-22T00:23:31.979425,23779,13752.21,18.74,Generic Brand,Generic Brand-919,SN2071629,180,2025-09-18T00:23:31.985103,2026-03-17T00:23:31.985103,2026-05-21T00:23:31.979425,964,5,114,10.26,2023-05-22T00:23:31.979425,2026-01-10T00:23:31.985103
asset_0358,INF-764187-379,Komatsu Infrastructure #359,Komatsu industrial infrastructure for manufacturing operations,infrastructure,operational,good,bole-lemi,Kombolcha Industrial Park,"Building C, Floor 1",2023-05-04T00:23:31.979425,841023,637829.27,9.77,Komatsu,Komatsu-284,SN2721713,180,2025-11-07T00:23:31.985103,2026-05-06T00:23:31.985103,2024-05-03T00:23:31.979425,982,5,64,7.27,2023-05-04T00:23:31.979425,2026-01-10T00:23:31.985103
asset_0359,OTH-723397-407,Generic Brand Other #360,Generic Brand industrial other for manufacturing operations,other,operational,good,hawassa-park,Kilinto Industrial Park,"Building C, Floor 2",2025-10-08T00:23:31.979425,4763,4604.59,12.32,Generic Brand,Generic Brand-343,SN1787435,180,2026-01-10T00:23:31.985103,2026-07-09T00:23:31.985103,2026-10-08T00:23:31.979425,94,0,0,7.03,2025-10-08T00:23:31.979425,2026-01-10T00:23:31.985103
asset_0360,TOO-186580-430,Generic Brand Tool #361,Generic Brand industrial tool for manufacturing operations,tool,operational,excellent,bole-lemi,Kombolcha Industrial Park,"Building B, Floor 2",2025-05-08T00:23:31.979425,2812,2653.81,8.21,Generic Brand,Generic Brand-817,SN4696431,180,2025-09-12T00:23:31.985103,2026-03-11T00:23:31.985103,2028-05-07T00:23:31.979425,247,1,120,5.07,2025-05-08T00:23:31.979425,2026-01-10T00:23:31.985103
asset_0361,UTI-883702-738,KSB Utility #362,KSB industrial utility for manufacturing operations,utility,reserved,poor,bole-lemi,Bole Lemi Industrial Park,"Building B, Floor 1",2022-03-04T00:23:31.979425,96773,65272.05,9.71,KSB,KSB-284,SN1615168,90,2025-10-12T00:23:31.985103,2026-01-10T00:23:31.985103,2023-03-04T00:23:31.979425,1408,15,90,15.39,2022-03-04T00:23:31.979425,2026-01-10T00:23:31.985103
asset_0362,INF-538686-544,Komatsu Infrastructure #363,Komatsu industrial infrastructure for manufacturing operations,infrastructure,maintenance,fair,bole-lemi,Hawassa Industrial Park,"Building B, Floor 1",2025-11-02T00:23:31.979425,976313,956575.01,10.25,Komatsu,Komatsu-429,SN9934394,180,2025-09-24T00:23:31.985103,2026-03-23T00:23:31.985103,2027-11-02T00:23:31.979425,69,0,108,10.02,2025-11-02T00:23:31.979425,2026-01-10T00:23:31.985103
asset_0363,INF-535592-847,Caterpillar Infrastructure #364,Caterpillar industrial infrastructure for manufacturing operations,infrastructure,operational,fair,kilinto,Kombolcha Industrial Park,"Building D, Floor 1",2021-04-30T00:23:31.979425,721010,553992.33,5.45,Caterpillar,Caterpillar-215,SN7667554,180,2025-08-19T00:23:31.985103,2026-02-15T00:23:31.985103,2023-04-30T00:23:31.979425,1716,9,144,10.47,2021-04-30T00:23:31.979425,2026-01-10T00:23:31.985103
asset_0364,INF-408452-896,Caterpillar Infrastructure #365,Caterpillar industrial infrastructure for manufacturing operations,infrastructure,operational,good,kilinto,Bole Lemi Industrial Park,"Building C, Floor 2",2025-12-27T00:23:31.979425,667654,663522.26,14.95,Caterpillar,Caterpillar-988,SN7915947,180,2025-10-19T00:23:31.985103,2026-04-17T00:23:31.985103,2026-12-27T00:23:31.979425,14,0,83,7.0,2025-12-27T00:23:31.979425,2026-01-10T00:23:31.985103
asset_0365,INF-608350-334,Komatsu Infrastructure #366,Komatsu industrial infrastructure for manufacturing operations,infrastructure,operational,fair,kilinto,Hawassa Industrial Park,"Building B, Floor 3",2022-07-22T00:23:31.979425,877162,521585.23,13.91,Komatsu,Komatsu-852,SN5145322,180,2025-07-21T00:23:31.985103,2026-01-17T00:23:31.985103,2024-07-21T00:23:31.979425,1268,7,173,10.35,2022-07-22T00:23:31.979425,2026-01-10T00:23:31.985103
asset_0366,INF-246175-587,General Electric Infrastructure #367,General Electric industrial infrastructure for manufacturing operations,infrastructure,operational,fair,hawassa-park,Bole Lemi Industrial Park,"Building C, Floor 2",2024-02-13T00:23:31.979425,139309,119839.24,7.59,General Electric,General Electric-144,SN8810152,180,2025-11-25T00:23:31.985103,2026-05-24T00:23:31.985103,2025-02-12T00:23:31.979425,697,3,46,10.19,2024-02-13T00:23:31.979425,2026-01-10T00:23:31.985103
asset_0367,VEH-522893-742,Hino Vehicle #368,Hino industrial vehicle for manufacturing operations,vehicle,maintenance,fair,kombolcha,Bole Lemi Industrial Park,"Building D, Floor 3",2021-09-22T00:23:31.979425,73531,34343.1,16.22,Hino,Hino-989,SN2494972,120,2025-12-18T00:23:31.985103,2026-04-17T00:23:31.985103,2024-09-21T00:23:31.979425,1571,13,23,10.43,2021-09-22T00:23:31.979425,2026-01-10T00:23:31.985103
asset_0368,VEH-407045-118,Mercedes-Benz Vehicle #369,Mercedes-Benz industrial vehicle for manufacturing operations,vehicle,operational,fair,kilinto,Kombolcha Industrial Park,"Building A, Floor 2",2024-09-30T00:23:31.979425,107779,90262.93,12.95,Mercedes-Benz,Mercedes-Benz-792,SN8142451,120,2025-10-24T00:23:31.985103,2026-02-21T00:23:31.985103,2027-09-30T00:23:31.979425,467,3,78,10.13,2024-09-30T00:23:31.979425,2026-01-10T00:23:31.985103
asset_0369,VEH-228606-617,Mercedes-Benz Vehicle #370,Mercedes-Benz industrial vehicle for manufacturing operations,vehicle,operational,good,hawassa-park,Kombolcha Industrial Park,"Building A, Floor 3",2024-11-11T00:23:31.979425,141469,122892.51,11.39,Mercedes-Benz,Mercedes-Benz-483,SN2607466,120,2025-12-14T00:23:31.985103,2026-04-13T00:23:31.985103,2027-11-11T00:23:31.979425,425,3,27,7.12,2024-11-11T00:23:31.979425,2026-01-10T00:23:31.985103
asset_0370,VEH-256910-538,Toyota Vehicle #371,Toyota industrial vehicle for manufacturing operations,vehicle,operational,good,hawassa-park,Kilinto Industrial Park,"Building B, Floor 2",2024-07-26T00:23:31.979425,119976,97616.64,13.18,Toyota,Toyota-274,SN7719429,120,2025-10-21T00:23:31.985103,2026-02-18T00:23:31.985103,2025-07-26T00:23:31.979425,533,4,81,7.15,2024-07-26T00:23:31.979425,2026-01-10T00:23:31.985103
asset_0371,OTH-607415-755,Generic Brand Other #372,Generic Brand industrial other for manufacturing operations,other,repair,poor,kilinto,Kilinto Industrial Park,"Building A, Floor 2",2021-03-30T00:23:31.979425,21059,14197.31,7.91,Generic Brand,Generic Brand-474,SN1450808,180,2025-07-15T00:23:31.985103,2026-01-11T00:23:31.985103,2023-03-30T00:23:31.979425,1747,9,179,15.48,2021-03-30T00:23:31.979425,2026-01-10T00:23:31.985103
asset_0372,INF-671197-215,General Electric Infrastructure #373,General Electric industrial infrastructure for manufacturing operations,infrastructure,operational,good,bole-lemi,Bole Lemi Industrial Park,"Building C, Floor 1",2023-06-23T00:23:31.979425,843957,644233.16,10.04,General Electric,General Electric-450,SN5039301,180,2025-09-30T00:23:31.985103,2026-03-29T00:23:31.985103,2026-06-22T00:23:31.979425,932,5,102,7.26,2023-06-23T00:23:31.979425,2026-01-10T00:23:31.985103
asset_0373,INF-618549-680,General Electric Infrastructure #374,General Electric industrial infrastructure for manufacturing operations,infrastructure,maintenance,poor,kilinto,Hawassa Industrial Park,"Building B, Floor 3",2021-01-26T00:23:31.979425,146464,48967.11,19.84,General Electric,General Electric-512,SN2567598,180,2025-08-20T00:23:31.985103,2026-02-16T00:23:31.985103,2022-01-26T00:23:31.979425,1810,10,143,15.5,2021-01-26T00:23:31.979425,2026-01-10T00:23:31.985103
asset_0374,SAF-373877-592,Generic Brand Safety Equipment #375,Generic Brand industrial safety-equipment for manufacturing operations,safety-equipment,operational,fair,hawassa-park,Kombolcha Industrial Park,"Building C, Floor 3",2022-06-02T00:23:31.979425,3581,1938.01,15.65,Generic Brand,Generic Brand-802,SN8893573,180,2025-08-01T00:23:31.985103,2026-01-28T00:23:31.985103,2023-06-02T00:23:31.979425,1318,7,162,10.36,2022-06-02T00:23:31.979425,2026-01-10T00:23:31.985103
asset_0375,OTH-195654-347,Generic Brand Other #376,Generic Brand industrial other for manufacturing operations,other,operational,poor,kombolcha,Kombolcha Industrial Park,"Building D, Floor 1",2023-10-09T00:23:31.979425,40901,27312.9,16.39,Generic Brand,Generic Brand-236,SN1827334,180,2025-12-02T00:23:31.985103,2026-05-31T00:23:31.985103,2024-10-08T00:23:31.979425,824,4,39,15.23,2023-10-09T00:23:31.979425,2026-01-10T00:23:31.985103
asset_0376,TOO-163376-944,Generic Brand Tool #377,Generic Brand industrial tool for manufacturing operations,tool,operational,good,kombolcha,Hawassa Industrial Park,"Building B, Floor 2",2025-01-04T00:23:31.979425,4530,3800.11,15.88,Generic Brand,Generic Brand-214,SN8900945,180,2025-11-17T00:23:31.985103,2026-05-16T00:23:31.985103,2026-01-04T00:23:31.979425,371,2,54,7.1,2025-01-04T00:23:31.979425,2026-01-10T00:23:31.985103
asset_0377,SAF-701086-277,Generic Brand Safety Equipment #378,Generic Brand industrial safety-equipment for manufacturing operations,safety-equipment,operational,excellent,kombolcha,Kilinto Industrial Park,"Building C, Floor 1",2025-06-24T00:23:31.979425,8161,7753.71,8.93,Generic Brand,Generic Brand-846,SN7389528,180,2025-12-14T00:23:31.985103,2026-06-12T00:23:31.985103,2027-06-24T00:23:31.979425,200,1,27,5.05,2025-06-24T00:23:31.979425,2026-01-10T00:23:31.985103
asset_0378,SAF-361726-575,Generic Brand Safety Equipment #379,Generic Brand industrial safety-equipment for manufacturing operations,safety-equipment,operational,excellent,bole-lemi,Bole Lemi Industrial Park,"Building C, Floor 1",2024-02-10T00:23:31.979425,3684,2906.26,11.64,Generic Brand,Generic Brand-298,SN8706179,180,2025-08-22T00:23:31.985103,2026-02-18T00:23:31.985103,2026-02-09T00:23:31.979425,700,3,141,5.19,2024-02-10T00:23:31.979425,2026-01-10T00:23:31.985103
asset_0379,FUR-396168-220,Generic Brand Furniture #380,Generic Brand industrial furniture for manufacturing operations,furniture,operational,excellent,hawassa-park,Kilinto Industrial Park,"Building A, Floor 2",2025-12-10T00:23:31.979425,2033,2017.81,8.46,Generic Brand,Generic Brand-535,SN8463815,180,2025-08-16T00:23:31.985103,2026-02-12T00:23:31.985103,2026-12-10T00:23:31.979425,31,0,147,5.01,2025-12-10T00:23:31.979425,2026-01-10T00:23:31.985103
asset_0380,TOO-235200-900,Generic Brand Tool #381,Generic Brand industrial tool for manufacturing operations,tool,repair,fair,kombolcha,Kilinto Industrial Park,"Building D, Floor 1",2023-11-14T00:23:31.979425,1137,940.54,8.42,Generic Brand,Generic Brand-470,SN9784250,180,2025-12-19T00:23:31.985103,2026-06-17T00:23:31.985103,2025-11-13T00:23:31.979425,788,4,22,10.22,2023-11-14T00:23:31.979425,2026-01-10T00:23:31.985103
asset_0381,SAF-542535-277,Generic Brand Safety Equipment #382,Generic Brand industrial safety-equipment for manufacturing operations,safety-equipment,repair,good,kombolcha,Bole Lemi Industrial Park,"Building A, Floor 1",2025-04-11T00:23:31.979425,4222,3609.01,18.87,Generic Brand,Generic Brand-686,SN2332988,180,2025-11-04T00:23:31.985103,2026-05-03T00:23:31.985103,2026-04-11T00:23:31.979425,274,1,67,7.08,2025-04-11T00:23:31.979425,2026-01-10T00:23:31.985103
asset_0382,VEH-723395-340,Toyota Vehicle #383,Toyota industrial vehicle for manufacturing operations,vehicle,reserved,good,kilinto,Hawassa Industrial Park,"Building C, Floor 2",2023-06-01T00:23:31.979425,55892,32930.46,18.33,Toyota,Toyota-246,SN3399064,120,2025-12-16T00:23:31.985103,2026-04-15T00:23:31.985103,2025-05-31T00:23:31.979425,954,7,25,7.26,2023-06-01T00:23:31.979425,2026-01-10T00:23:31.985103
asset_0383,SAF-439925-988,Generic Brand Safety Equipment #384,Generic Brand industrial safety-equipment for manufacturing operations,safety-equipment,damaged,fair,kilinto,Kilinto Industrial Park,"Building A, Floor 3",2022-04-07T00:23:31.979425,9067,5371.96,12.99,Generic Brand,Generic Brand-447,SN1730902,180,2025-12-24T00:23:31.985103,2026-06-22T00:23:31.985103,2023-04-07T00:23:31.979425,1374,7,17,10.38,2022-04-07T00:23:31.979425,2026-01-10T00:23:31.985103
asset_0384,INF-167816-582,Caterpillar Infrastructure #385,Caterpillar industrial infrastructure for manufacturing operations,infrastructure,repair,fair,hawassa-park,Hawassa Industrial Park,"Building A, Floor 3",2025-06-07T00:23:31.979425,492586,454842.33,12.56,Caterpillar,Caterpillar-211,SN1582224,180,2025-09-25T00:23:31.985103,2026-03-24T00:23:31.985103,2026-06-07T00:23:31.979425,217,1,107,10.06,2025-06-07T00:23:31.979425,2026-01-10T00:23:31.985103
asset_0385,MAC-637034-875,Siemens Machinery #386,Siemens industrial machinery for manufacturing operations,machinery,operational,good,kombolcha,Kombolcha Industrial Park,"Building C, Floor 3",2022-08-25T00:23:31.979425,227107,118237.35,17.57,Siemens,Siemens-662,SN1602493,90,2025-11-03T00:23:31.985103,2026-02-01T00:23:31.985103,2023-08-25T00:23:31.979425,1234,13,68,7.34,2022-08-25T00:23:31.979425,2026-01-10T00:23:31.985103
asset_0386,SAF-756279-874,Generic Brand Safety Equipment #387,Generic Brand industrial safety-equipment for manufacturing operations,safety-equipment,operational,poor,hawassa-park,Kombolcha Industrial Park,"Building A, Floor 1",2021-09-01T00:23:31.979425,9719,3871.39,19.04,Generic Brand,Generic Brand-760,SN3638961,180,2025-11-10T00:23:31.985103,2026-05-09T00:23:31.985103,2022-09-01T00:23:31.979425,1592,8,61,15.44,2021-09-01T00:23:31.979425,2026-01-10T00:23:31.985103
asset_0387,SAF-313391-776,Generic Brand Safety Equipment #388,Generic Brand industrial safety-equipment for manufacturing operations,safety-equipment,operational,excellent,kilinto,Bole Lemi Industrial Park,"Building D, Floor 1",2025-04-17T00:23:31.979425,6135,5885.35,5.5,Generic Brand,Generic Brand-269,SN4009262,180,2025-08-24T00:23:31.985103,2026-02-20T00:23:31.985103,2028-04-16T00:23:31.979425,268,1,139,5.07,2025-04-17T00:23:31.979425,2026-01-10T00:23:31.985103
asset_0388,UTI-907439-853,KSB Utility #389,KSB industrial utility for manufacturing operations,utility,maintenance,poor,hawassa-park,Bole Lemi Industrial Park,"Building C, Floor 2",2022-12-02T00:23:31.979425,76669,58075.23,8.55,KSB,KSB-807,SN9854806,90,2026-01-05T00:23:31.985103,2026-04-05T00:23:31.985103,2025-12-01T00:23:31.979425,1135,12,5,15.31,2022-12-02T00:23:31.979425,2026-01-10T00:23:31.985103
asset_0389,IT--609530-531,HP It Equipment #390,HP industrial it-equipment for manufacturing operations,it-equipment,operational,good,kilinto,Hawassa Industrial Park,"Building B, Floor 3",2025-06-21T00:23:31.979425,8275,7710.8,11.93,HP,HP-324,SN1705207,365,2025-02-27T00:23:31.985103,2026-02-27T00:23:31.985103,2027-06-21T00:23:31.979425,203,0,317,7.06,2025-06-21T00:23:31.979425,2026-01-10T00:23:31.985103
asset_0390,FUR-912931-799,Generic Brand Furniture #391,Generic Brand industrial furniture for manufacturing operations,furniture,operational,excellent,kilinto,Kilinto Industrial Park,"Building B, Floor 3",2025-02-27T00:23:31.979425,4251,3834.45,11.2,Generic Brand,Generic Brand-147,SN1041831,180,2025-11-05T00:23:31.985103,2026-05-04T00:23:31.985103,2026-02-27T00:23:31.979425,317,1,66,5.09,2025-02-27T00:23:31.979425,2026-01-10T00:23:31.985103
asset_0391,TOO-806255-363,Generic Brand Tool #392,Generic Brand industrial tool for manufacturing operations,tool,maintenance,poor,kilinto,Bole Lemi Industrial Park,"Building A, Floor 1",2021-06-05T00:23:31.979425,2285,873.57,18.86,Generic Brand,Generic Brand-383,SN1593245,180,2025-07-15T00:23:31.985103,2026-01-11T00:23:31.985103,2022-06-05T00:23:31.979425,1680,9,179,15.46,2021-06-05T00:23:31.979425,2026-01-10T00:23:31.985103
asset_0392,TOO-865384-752,Generic Brand Tool #393,Generic Brand industrial tool for manufacturing operations,tool,operational,poor,kilinto,Bole Lemi Industrial Park,"Building D, Floor 2",2021-05-24T00:23:31.979425,2266,888.02,18.31,Generic Brand,Generic Brand-162,SN6720329,180,2025-12-07T00:23:31.985103,2026-06-05T00:23:31.985103,2024-05-23T00:23:31.979425,1692,9,34,15.46,2021-05-24T00:23:31.979425,2026-01-10T00:23:31.985103
asset_0393,IT--336941-346,Lenovo It Equipment #394,Lenovo industrial it-equipment for manufacturing operations,it-equipment,operational,excellent,bole-lemi,Kilinto Industrial Park,"Building D, Floor 2",2025-08-26T00:23:31.979425,8345,7811.17,16.16,Lenovo,Lenovo-287,SN6460074,365,2025-04-28T00:23:31.985103,2026-04-28T00:23:31.985103,2028-08-25T00:23:31.979425,137,0,257,5.04,2025-08-26T00:23:31.979425,2026-01-10T00:23:31.985103
asset_0394,IT--198310-894,Cisco It Equipment #395,Cisco industrial it-equipment for manufacturing operations,it-equipment,operational,fair,kombolcha,Hawassa Industrial Park,"Building D, Floor 1",2021-04-22T00:23:31.979425,3741,1689.21,15.5,Cisco,Cisco-768,SN6590419,365,2025-11-27T00:23:31.985103,2026-11-27T00:23:31.985103,2024-04-21T00:23:31.979425,1724,4,44,10.47,2021-04-22T00:23:31.979425,2026-01-10T00:23:31.985103
asset_0395,VEH-884615-370,Isuzu Vehicle #396,Isuzu industrial vehicle for manufacturing operations,vehicle,operational,fair,kombolcha,Hawassa Industrial Park,"Building C, Floor 2",2023-12-04T00:23:31.979425,135217,103249.08,12.04,Isuzu,Isuzu-896,SN3456706,120,2026-01-03T00:23:31.985103,2026-05-03T00:23:31.985103,2025-12-03T00:23:31.979425,768,6,7,10.21,2023-12-04T00:23:31.979425,2026-01-10T00:23:31.985103
asset_0396,SAF-410682-926,Generic Brand Safety Equipment #397,Generic Brand industrial safety-equipment for manufacturing operations,safety-equipment,maintenance,good,kombolcha,Kilinto Industrial Park,"Building C, Floor 1",2025-10-20T00:23:31.979425,674,642.81,19.02,Generic Brand,Generic Brand-971,SN2513725,180,2025-09-06T00:23:31.985103,2026-03-05T00:23:31.985103,2027-10-20T00:23:31.979425,82,0,126,7.02,2025-10-20T00:23:31.979425,2026-01-10T00:23:31.985103
asset_0397,TOO-494304-676,Generic Brand Tool #398,Generic Brand industrial tool for manufacturing operations,tool,repair,poor,bole-lemi,Kilinto Industrial Park,"Building C, Floor 3",2024-03-28T00:23:31.979425,888,655.34,15.63,Generic Brand,Generic Brand-928,SN9265160,180,2025-11-03T00:23:31.985103,2026-05-02T00:23:31.985103,2027-03-28T00:23:31.979425,653,3,68,15.18,2024-03-28T00:23:31.979425,2026-01-10T00:23:31.985103
asset_0398,IT--855435-878,Dell It Equipment #399,Dell industrial it-equipment for manufacturing operations,it-equipment,operational,fair,hawassa-park,Kombolcha Industrial Park,"Building D, Floor 3",2023-07-11T00:23:31.979425,5305,4030.3,10.4,Dell,Dell-717,SN3729126,365,2025-05-05T00:23:31.985103,2026-05-05T00:23:31.985103,2024-07-10T00:23:31.979425,914,2,250,10.25,2023-07-11T00:23:31.979425,2026-01-10T00:23:31.985103
asset_0399,FUR-907260-539,Generic Brand Furniture #400,Generic Brand industrial furniture for manufacturing operations,furniture,reserved,good,kilinto,Kilinto Industrial Park,"Building C, Floor 1",2024-09-06T00:23:31.979425,2621,2434.85,5.33,Generic Brand,Generic Brand-170,SN1403363,180,2026-01-03T00:23:31.985103,2026-07-02T00:23:31.985103,2026-09-06T00:23:31.979425,491,2,7,7.13,2024-09-06T00:23:31.979425,2026-01-10T00:23:31.985103
asset_0400,VEH-984752-361,Isuzu Vehicle #401,Isuzu industrial vehicle for manufacturing operations,vehicle,operational,good,bole-lemi,Bole Lemi Industrial Park,"Building B, Floor 3",2025-03-21T00:23:31.979425,102783,92703.69,12.0,Isuzu,Isuzu-724,SN5633094,120,2025-12-29T00:23:31.985103,2026-04-28T00:23:31.985103,2028-03-20T00:23:31.979425,295,2,12,7.08,2025-03-21T00:23:31.979425,2026-01-10T00:23:31.985103
asset_0401,SAF-914228-931,Generic Brand Safety Equipment #402,Generic Brand industrial safety-equipment for manufacturing operations,safety-equipment,operational,excellent,kombolcha,Bole Lemi Industrial Park,"Building C, Floor 1",2025-02-13T00:23:31.979425,5070,4692.15,8.19,Generic Brand,Generic Brand-765,SN1771279,180,2025-08-18T00:23:31.985103,2026-02-14T00:23:31.985103,2028-02-13T00:23:31.979425,331,1,145,5.09,2025-02-13T00:23:31.979425,2026-01-10T00:23:31.985103
asset_0402,IT--558243-889,HP It Equipment #403,HP industrial it-equipment for manufacturing operations,it-equipment,operational,good,bole-lemi,Kilinto Industrial Park,"Building A, Floor 2",2024-11-19T00:23:31.979425,4385,3701.6,13.79,HP,HP-660,SN6897858,365,2025-03-31T00:23:31.985103,2026-03-31T00:23:31.985103,2026-11-19T00:23:31.979425,417,1,285,7.11,2024-11-19T00:23:31.979425,2026-01-10T00:23:31.985103
asset_0403,UTI-942600-556,KSB Utility #404,KSB industrial utility for manufacturing operations,utility,repair,poor,kombolcha,Kilinto Industrial Park,"Building B, Floor 2",2023-08-27T00:23:31.979425,44729,31414.05,13.83,KSB,KSB-252,SN1996763,90,2025-11-16T00:23:31.985103,2026-02-14T00:23:31.985103,2025-08-26T00:23:31.979425,867,9,55,15.24,2023-08-27T00:23:31.979425,2026-01-10T00:23:31.985103
asset_0404,VEH-753939-168,Volvo Vehicle #405,Volvo industrial vehicle for manufacturing operations,vehicle,reserved,fair,hawassa-park,Kombolcha Industrial Park,"Building B, Floor 3",2023-08-04T00:23:31.979425,107493,81255.29,10.85,Volvo,Volvo-266,SN6338652,120,2025-11-07T00:23:31.985103,2026-03-07T00:23:31.985103,2024-08-03T00:23:31.979425,890,7,64,10.24,2023-08-04T00:23:31.979425,2026-01-10T00:23:31.985103
asset_0405,INF-926825-518,General Electric Infrastructure #406,General Electric industrial infrastructure for manufacturing operations,infrastructure,reserved,good,kombolcha,Bole Lemi Industrial Park,"Building C, Floor 2",2021-12-17T00:23:31.979425,336730,241626.27,7.84,General Electric,General Electric-640,SN8573521,180,2025-08-13T00:23:31.985103,2026-02-09T00:23:31.985103,2022-12-17T00:23:31.979425,1485,8,150,7.41,2021-12-17T00:23:31.979425,2026-01-10T00:23:31.985103
asset_0406,IT--762141-838,Cisco It Equipment #407,Cisco industrial it-equipment for manufacturing operations,it-equipment,operational,good,hawassa-park,Kilinto Industrial Park,"Building D, Floor 3",2025-08-17T00:23:31.979425,5827,5477.42,14.34,Cisco,Cisco-348,SN8247853,365,2025-12-21T00:23:31.985103,2026-12-21T00:23:31.985103,2026-08-17T00:23:31.979425,146,0,20,7.04,2025-08-17T00:23:31.979425,2026-01-10T00:23:31.985103
asset_0407,VEH-398542-690,Isuzu Vehicle #408,Isuzu industrial vehicle for manufacturing operations,vehicle,repair,excellent,kombolcha,Bole Lemi Industrial Park,"Building B, Floor 3",2025-04-16T00:23:31.979425,113846,106752.59,8.36,Isuzu,Isuzu-173,SN1983074,120,2025-11-20T00:23:31.985103,2026-03-20T00:23:31.985103,2028-04-15T00:23:31.979425,269,2,51,5.07,2025-04-16T00:23:31.979425,2026-01-10T00:23:31.985103
asset_0408,IT--909824-461,Dell It Equipment #409,Dell industrial it-equipment for manufacturing operations,it-equipment,operational,good,kilinto,Kombolcha Industrial Park,"Building A, Floor 1",2021-12-10T00:23:31.979425,4250,2221.09,14.69,Dell,Dell-784,SN9907089,365,2025-11-17T00:23:31.985103,2026-11-17T00:23:31.985103,2023-12-10T00:23:31.979425,1492,4,54,7.41,2021-12-10T00:23:31.979425,2026-01-10T00:23:31.985103
asset_0409,FUR-658919-591,Generic Brand Furniture #410,Generic Brand industrial furniture for manufacturing operations,furniture,maintenance,fair,bole-lemi,Bole Lemi Industrial Park,"Building D, Floor 2",2023-10-04T00:23:31.979425,1456,962.14,16.68,Generic Brand,Generic Brand-129,SN9582020,180,2025-11-18T00:23:31.985103,2026-05-17T00:23:31.985103,2025-10-03T00:23:31.979425,829,4,53,10.23,2023-10-04T00:23:31.979425,2026-01-10T00:23:31.985103
asset_0410,INF-694912-288,Caterpillar Infrastructure #411,Caterpillar industrial infrastructure for manufacturing operations,infrastructure,damaged,poor,kombolcha,Kombolcha Industrial Park,"Building A, Floor 2",2022-10-30T00:23:31.979425,968404,627052.73,12.71,Caterpillar,Caterpillar-849,SN1980820,180,2025-09-17T00:23:31.985103,2026-03-16T00:23:31.985103,2025-10-29T00:23:31.979425,1168,6,115,15.32,2022-10-30T00:23:31.979425,2026-01-10T00:23:31.985103
asset_0411,MAC-442349-773,Mitsubishi Machinery #412,Mitsubishi industrial machinery for manufacturing operations,machinery,operational,good,kombolcha,Kombolcha Industrial Park,"Building D, Floor 1",2024-07-30T00:23:31.979425,468474,348065.38,18.55,Mitsubishi,Mitsubishi-809,SN6066412,90,2025-11-12T00:23:31.985103,2026-02-10T00:23:31.985103,2026-07-30T00:23:31.979425,529,5,59,7.14,2024-07-30T00:23:31.979425,2026-01-10T00:23:31.985103
asset_0412,UTI-261533-501,Wilo Utility #413,Wilo industrial utility for manufacturing operations,utility,operational,excellent,hawassa-park,Kilinto Industrial Park,"Building A, Floor 1",2024-07-23T00:23:31.979425,75324,60000.37,14.36,Wilo,Wilo-341,SN8183047,90,2025-12-29T00:23:31.985103,2026-03-29T00:23:31.985103,2026-07-23T00:23:31.979425,536,5,12,5.15,2024-07-23T00:23:31.979425,2026-01-10T00:23:31.985103
asset_0413,MAC-408318-945,Mitsubishi Machinery #414,Mitsubishi industrial machinery for manufacturing operations,machinery,operational,excellent,kombolcha,Kombolcha Industrial Park,"Building C, Floor 2",2025-03-11T00:23:31.979425,436677,395862.86,11.09,Mitsubishi,Mitsubishi-700,SN7774234,90,2025-10-13T00:23:31.985103,2026-01-11T00:23:31.985103,2028-03-10T00:23:31.979425,305,3,89,5.08,2025-03-11T00:23:31.979425,2026-01-10T00:23:31.985103
asset_0414,MAC-581256-606,Siemens Machinery #415,Siemens industrial machinery for manufacturing operations,machinery,repair,poor,bole-lemi,Kilinto Industrial Park,"Building D, Floor 3",2023-08-24T00:23:31.979425,149513,102872.11,14.53,Siemens,Siemens-628,SN7473696,90,2025-12-08T00:23:31.985103,2026-03-08T00:23:31.985103,2026-08-23T00:23:31.979425,870,9,33,15.24,2023-08-24T00:23:31.979425,2026-01-10T00:23:31.985103
asset_0415,IT--791491-142,Cisco It Equipment #416,Cisco industrial it-equipment for manufacturing operations,it-equipment,repair,fair,kombolcha,Kombolcha Industrial Park,"Building B, Floor 3",2022-05-06T00:23:31.979425,1561,1204.95,6.79,Cisco,Cisco-615,SN9216445,365,2025-05-18T00:23:31.985103,2026-05-18T00:23:31.985103,2025-05-05T00:23:31.979425,1345,3,237,10.37,2022-05-06T00:23:31.979425,2026-01-10T00:23:31.985103
asset_0416,UTI-429826-616,Wilo Utility #417,Wilo industrial utility for manufacturing operations,utility,operational,good,hawassa-park,Kombolcha Industrial Park,"Building D, Floor 3",2021-11-17T00:23:31.979425,11569,5902.14,14.98,Wilo,Wilo-815,SN3236475,90,2025-10-14T00:23:31.985103,2026-01-12T00:23:31.985103,2022-11-17T00:23:31.979425,1515,16,88,7.42,2021-11-17T00:23:31.979425,2026-01-10T00:23:31.985103
asset_0417,IT--386209-298,Lenovo It Equipment #418,Lenovo industrial it-equipment for manufacturing operations,it-equipment,maintenance,excellent,hawassa-park,Kilinto Industrial Park,"Building B, Floor 2",2024-10-11T00:23:31.979425,7967,7455.16,5.18,Lenovo,Lenovo-830,SN1434552,365,2025-12-22T00:23:31.985103,2026-12-22T00:23:31.985103,2025-10-11T00:23:31.979425,456,1,19,5.12,2024-10-11T00:23:31.979425,2026-01-10T00:23:31.985103
asset_0418,VEH-121941-153,Isuzu Vehicle #419,Isuzu industrial vehicle for manufacturing operations,vehicle,maintenance,fair,kombolcha,Bole Lemi Industrial Park,"Building B, Floor 1",2024-11-11T00:23:31.979425,40718,33231.84,16.02,Isuzu,Isuzu-173,SN8239688,120,2026-01-01T00:23:31.985103,2026-05-01T00:23:31.985103,2026-11-11T00:23:31.979425,425,3,9,10.12,2024-11-11T00:23:31.979425,2026-01-10T00:23:31.985103
asset_0419,OTH-460468-897,Generic Brand Other #420,Generic Brand industrial other for manufacturing operations,other,operational,fair,bole-lemi,Kombolcha Industrial Park,"Building C, Floor 1",2022-10-21T00:23:31.979425,16106,9717.5,14.51,Generic Brand,Generic Brand-843,SN4506713,180,2025-11-24T00:23:31.985103,2026-05-23T00:23:31.985103,2024-10-20T00:23:31.979425,1177,6,47,10.32,2022-10-21T00:23:31.979425,2026-01-10T00:23:31.985103
asset_0420,OTH-619758-494,Generic Brand Other #421,Generic Brand industrial other for manufacturing operations,other,operational,fair,bole-lemi,Bole Lemi Industrial Park,"Building D, Floor 3",2024-04-28T00:23:31.979425,37050,28239.61,14.74,Generic Brand,Generic Brand-744,SN1904739,180,2025-10-15T00:23:31.985103,2026-04-13T00:23:31.985103,2025-04-28T00:23:31.979425,622,3,87,10.17,2024-04-28T00:23:31.979425,2026-01-10T00:23:31.985103
asset_0421,UTI-644902-243,KSB Utility #422,KSB industrial utility for manufacturing operations,utility,maintenance,poor,hawassa-park,Hawassa Industrial Park,"Building B, Floor 1",2022-06-23T00:23:31.979425,14068,6765.94,18.63,KSB,KSB-821,SN8001017,90,2026-01-05T00:23:31.985103,2026-04-05T00:23:31.985103,2024-06-22T00:23:31.979425,1297,14,5,15.36,2022-06-23T00:23:31.979425,2026-01-10T00:23:31.985103
asset_0422,TOO-701125-880,Generic Brand Tool #423,Generic Brand industrial tool for manufacturing operations,tool,operational,fair,kombolcha,Hawassa Industrial Park,"Building A, Floor 1",2024-05-19T00:23:31.979425,4518,3925.46,8.19,Generic Brand,Generic Brand-273,SN5003691,180,2025-07-19T00:23:31.985103,2026-01-15T00:23:31.985103,2027-05-19T00:23:31.979425,601,3,175,10.16,2024-05-19T00:23:31.979425,2026-01-10T00:23:31.985103
asset_0423,SAF-236857-669,Generic Brand Safety Equipment #424,Generic Brand industrial safety-equipment for manufacturing operations,safety-equipment,operational,fair,kilinto,Hawassa Industrial Park,"Building D, Floor 1",2023-04-12T00:23:31.979425,4539,2852.05,15.55,Generic Brand,Generic Brand-247,SN6523637,180,2025-10-21T00:23:31.985103,2026-04-19T00:23:31.985103,2026-04-11T00:23:31.979425,1004,5,81,10.28,2023-04-12T00:23:31.979425,2026-01-10T00:23:31.985103
asset_0424,VEH-529735-408,Isuzu Vehicle #425,Isuzu industrial vehicle for manufacturing operations,vehicle,operational,fair,bole-lemi,Kilinto Industrial Park,"Building A, Floor 3",2025-10-09T00:23:31.979425,53612,52223.06,9.8,Isuzu,Isuzu-870,SN7330996,120,2025-10-02T00:23:31.985103,2026-01-30T00:23:31.985103,2026-10-09T00:23:31.979425,93,0,100,10.03,2025-10-09T00:23:31.979425,2026-01-10T00:23:31.985103
asset_0425,VEH-724903-536,Volvo Vehicle #426,Volvo industrial vehicle for manufacturing operations,vehicle,repair,fair,bole-lemi,Bole Lemi Industrial Park,"Building A, Floor 1",2025-02-23T00:23:31.979425,87962,74657.78,17.02,Volvo,Volvo-430,SN7419769,120,2025-12-01T00:23:31.985103,2026-03-31T00:23:31.985103,2028-02-23T00:23:31.979425,321,2,40,10.09,2025-02-23T00:23:31.979425,2026-01-10T00:23:31.985103
asset_0426,IT--257279-441,Dell It Equipment #427,Dell industrial it-equipment for manufacturing operations,it-equipment,repair,good,hawassa-park,Kombolcha Industrial Park,"Building A, Floor 1",2021-02-20T00:23:31.979425,4434,3091.46,7.11,Dell,Dell-927,SN1755039,365,2025-09-10T00:23:31.985103,2026-09-10T00:23:31.985103,2023-02-20T00:23:31.979425,1785,4,122,7.49,2021-02-20T00:23:31.979425,2026-01-10T00:23:31.985103
asset_0427,INF-291187-615,Komatsu Infrastructure #428,Komatsu industrial infrastructure for manufacturing operations,infrastructure,repair,critical,bole-lemi,Kombolcha Industrial Park,"Building D, Floor 3",2021-02-14T00:23:31.979425,860418,304602.92,19.08,Komatsu,Komatsu-262,SN5263699,180,2025-09-18T00:23:31.985103,2026-03-17T00:23:31.985103,2024-02-14T00:23:31.979425,1791,9,114,25.49,2021-02-14T00:23:31.979425,2026-01-10T00:23:31.985103
asset_0428,IT--164725-816,Cisco It Equipment #429,Cisco industrial it-equipment for manufacturing operations,it-equipment,operational,fair,kombolcha,Kombolcha Industrial Park,"Building D, Floor 2",2022-02-17T00:23:31.979425,9353,4752.8,15.95,Cisco,Cisco-583,SN4486212,365,2025-08-16T00:23:31.985103,2026-08-16T00:23:31.985103,2023-02-17T00:23:31.979425,1423,3,147,10.39,2022-02-17T00:23:31.979425,2026-01-10T00:23:31.985103
asset_0429,OTH-322282-946,Generic Brand Other #430,Generic Brand industrial other for manufacturing operations,other,operational,fair,hawassa-park,Bole Lemi Industrial Park,"Building C, Floor 2",2024-05-04T00:23:31.979425,29905,22469.24,15.59,Generic Brand,Generic Brand-786,SN1577108,180,2025-10-06T00:23:31.985103,2026-04-04T00:23:31.985103,2025-05-04T00:23:31.979425,616,3,96,10.17,2024-05-04T00:23:31.979425,2026-01-10T00:23:31.985103
asset_0430,OTH-124488-125,Generic Brand Other #431,Generic Brand industrial other for manufacturing operations,other,repair,poor,kombolcha,Kombolcha Industrial Park,"Building D, Floor 3",2022-02-11T00:23:31.979425,25051,10827.32,19.3,Generic Brand,Generic Brand-691,SN3599114,180,2026-01-10T00:23:31.985103,2026-07-09T00:23:31.985103,2025-02-10T00:23:31.979425,1429,7,0,15.39,2022-02-11T00:23:31.979425,2026-01-10T00:23:31.985103
asset_0431,SAF-748443-209,Generic Brand Safety Equipment #432,Generic Brand industrial safety-equipment for manufacturing operations,safety-equipment,operational,excellent,kilinto,Kilinto Industrial Park,"Building B, Floor 2",2025-10-16T00:23:31.979425,2421,2368.06,8.96,Generic Brand,Generic Brand-861,SN7032326,180,2025-12-26T00:23:31.985103,2026-06-24T00:23:31.985103,2027-10-16T00:23:31.979425,86,0,15,5.02,2025-10-16T00:23:31.979425,2026-01-10T00:23:31.985103
asset_0432,MAC-530521-969,Honeywell Machinery #433,Honeywell industrial machinery for manufacturing operations,machinery,repair,fair,bole-lemi,Bole Lemi Industrial Park,"Building D, Floor 3",2021-04-26T00:23:31.979425,234198,91141.38,18.16,Honeywell,Honeywell-666,SN3767171,90,2025-11-08T00:23:31.985103,2026-02-06T00:23:31.985103,2024-04-25T00:23:31.979425,1720,19,63,10.47,2021-04-26T00:23:31.979425,2026-01-10T00:23:31.985103
asset_0433,UTI-336925-445,Grundfos Utility #434,Grundfos industrial utility for manufacturing operations,utility,maintenance,poor,hawassa-park,Kilinto Industrial Park,"Building D, Floor 1",2023-01-16T00:23:31.979425,63805,40255.63,14.3,Grundfos,Grundfos-290,SN5737448,90,2025-10-23T00:23:31.985103,2026-01-21T00:23:31.985103,2026-01-15T00:23:31.979425,1090,12,79,15.3,2023-01-16T00:23:31.979425,2026-01-10T00:23:31.985103
asset_0434,VEH-464869-167,Toyota Vehicle #435,Toyota industrial vehicle for manufacturing operations,vehicle,maintenance,fair,hawassa-park,Kombolcha Industrial Park,"Building A, Floor 3",2023-08-06T00:23:31.979425,149656,91826.16,18.2,Toyota,Toyota-477,SN8756315,120,2025-10-22T00:23:31.985103,2026-02-19T00:23:31.985103,2025-08-05T00:23:31.979425,888,7,80,10.24,2023-08-06T00:23:31.979425,2026-01-10T00:23:31.985103
asset_0435,TOO-748353-434,Generic Brand Tool #436,Generic Brand industrial tool for manufacturing operations,tool,operational,excellent,hawassa-park,Hawassa Industrial Park,"Building C, Floor 3",2023-03-29T00:23:31.979425,867,502.28,17.79,Generic Brand,Generic Brand-838,SN6204387,180,2025-12-11T00:23:31.985103,2026-06-09T00:23:31.985103,2026-03-28T00:23:31.979425,1018,5,30,5.28,2023-03-29T00:23:31.979425,2026-01-10T00:23:31.985103
asset_0436,INF-498811-217,Komatsu Infrastructure #437,Komatsu industrial infrastructure for manufacturing operations,infrastructure,operational,fair,hawassa-park,Kilinto Industrial Park,"Building B, Floor 2",2025-06-04T00:23:31.979425,455980,440754.67,5.48,Komatsu,Komatsu-333,SN6758745,180,2025-09-29T00:23:31.985103,2026-03-28T00:23:31.985103,2026-06-04T00:23:31.979425,220,1,103,10.06,2025-06-04T00:23:31.979425,2026-01-10T00:23:31.985103
asset_0437,UTI-480034-371,Wilo Utility #438,Wilo industrial utility for manufacturing operations,utility,operational,fair,kombolcha,Kilinto Industrial Park,"Building B, Floor 1",2021-02-07T00:23:31.979425,87560,53608.41,9.49,Wilo,Wilo-191,SN2316916,90,2025-11-04T00:23:31.985103,2026-02-02T00:23:31.985103,2023-02-07T00:23:31.979425,1798,19,67,10.49,2021-02-07T00:23:31.979425,2026-01-10T00:23:31.985103
asset_0438,IT--482431-579,Cisco It Equipment #439,Cisco industrial it-equipment for manufacturing operations,it-equipment,maintenance,fair,bole-lemi,Kombolcha Industrial Park,"Building B, Floor 3",2023-03-18T00:23:31.979425,8374,4678.54,18.67,Cisco,Cisco-186,SN1474337,365,2025-02-24T00:23:31.985103,2026-02-24T00:23:31.985103,2025-03-17T00:23:31.979425,1029,2,320,10.28,2023-03-18T00:23:31.979425,2026-01-10T00:23:31.985103
asset_0439,UTI-412003-731,KSB Utility #440,KSB industrial utility for manufacturing operations,utility,operational,good,kombolcha,Kombolcha Industrial Park,"Building C, Floor 1",2021-11-30T00:23:31.979425,82098,43626.9,14.25,KSB,KSB-411,SN4260992,90,2026-01-01T00:23:31.985103,2026-04-01T00:23:31.985103,2024-11-29T00:23:31.979425,1502,16,9,7.41,2021-11-30T00:23:31.979425,2026-01-10T00:23:31.985103
asset_0440,UTI-581196-972,Grundfos Utility #441,Grundfos industrial utility for manufacturing operations,utility,operational,excellent,kombolcha,Hawassa Industrial Park,"Building C, Floor 1",2024-02-13T00:23:31.979425,54737,45063.41,9.69,Grundfos,Grundfos-348,SN8935750,90,2026-01-06T00:23:31.985103,2026-04-06T00:23:31.985103,2026-02-12T00:23:31.979425,697,7,4,5.19,2024-02-13T00:23:31.979425,2026-01-10T00:23:31.985103
asset_0441,TOO-537445-175,Generic Brand Tool #442,Generic Brand industrial tool for manufacturing operations,tool,operational,excellent,bole-lemi,Hawassa Industrial Park,"Building D, Floor 1",2025-07-20T00:23:31.979425,1278,1212.22,10.5,Generic Brand,Generic Brand-517,SN1214178,180,2025-12-21T00:23:31.985103,2026-06-19T00:23:31.985103,2026-07-20T00:23:31.979425,174,0,20,5.05,2025-07-20T00:23:31.979425,2026-01-10T00:23:31.985103
asset_0442,TOO-848101-332,Generic Brand Tool #443,Generic Brand industrial tool for manufacturing operations,tool,operational,excellent,kombolcha,Kilinto Industrial Park,"Building A, Floor 3",2025-06-08T00:23:31.979425,4332,4050.77,10.73,Generic Brand,Generic Brand-131,SN8878350,180,2025-11-12T00:23:31.985103,2026-05-11T00:23:31.985103,2027-06-08T00:23:31.979425,216,1,59,5.06,2025-06-08T00:23:31.979425,2026-01-10T00:23:31.985103
asset_0443,UTI-612339-960,KSB Utility #444,KSB industrial utility for manufacturing operations,utility,operational,excellent,kilinto,Kilinto Industrial Park,"Building B, Floor 1",2024-10-15T00:23:31.979425,70249,56342.45,16.33,KSB,KSB-486,SN2822406,90,2025-10-13T00:23:31.985103,2026-01-11T00:23:31.985103,2027-10-15T00:23:31.979425,452,5,89,5.12,2024-10-15T00:23:31.979425,2026-01-10T00:23:31.985103
asset_0444,MAC-127230-348,Siemens Machinery #445,Siemens industrial machinery for manufacturing operations,machinery,operational,good,hawassa-park,Kilinto Industrial Park,"Building A, Floor 1",2023-11-09T00:23:31.979425,152438,110679.64,13.71,Siemens,Siemens-948,SN9947216,90,2025-11-25T00:23:31.985103,2026-02-23T00:23:31.985103,2025-11-08T00:23:31.979425,793,8,46,7.22,2023-11-09T00:23:31.979425,2026-01-10T00:23:31.985103
asset_0445,INF-323503-654,Caterpillar Infrastructure #446,Caterpillar industrial infrastructure for manufacturing operations,infrastructure,operational,good,kilinto,Bole Lemi Industrial Park,"Building B, Floor 1",2023-11-24T00:23:31.979425,934201,751357.79,9.72,Caterpillar,Caterpillar-767,SN8318534,180,2025-09-08T00:23:31.985103,2026-03-07T00:23:31.985103,2025-11-23T00:23:31.979425,778,4,124,7.21,2023-11-24T00:23:31.979425,2026-01-10T00:23:31.985103
asset_0446,IT--559952-997,Cisco It Equipment #447,Cisco industrial it-equipment for manufacturing operations,it-equipment,operational,good,kombolcha,Hawassa Industrial Park,"Building C, Floor 1",2025-08-19T00:23:31.979425,9662,9008.66,16.27,Cisco,Cisco-546,SN8998253,365,2025-07-22T00:23:31.985103,2026-07-22T00:23:31.985103,2027-08-19T00:23:31.979425,144,0,172,7.04,2025-08-19T00:23:31.979425,2026-01-10T00:23:31.985103
asset_0447,UTI-678226-242,Grundfos Utility #448,Grundfos industrial utility for manufacturing operations,utility,reserved,poor,hawassa-park,Kilinto Industrial Park,"Building D, Floor 1",2022-10-15T00:23:31.979425,58896,45131.26,7.89,Grundfos,Grundfos-290,SN8781541,90,2025-12-16T00:23:31.985103,2026-03-16T00:23:31.985103,2024-10-14T00:23:31.979425,1183,13,25,15.32,2022-10-15T00:23:31.979425,2026-01-10T00:23:31.985103
asset_0448,SAF-319550-279,Generic Brand Safety Equipment #449,Generic Brand industrial safety-equipment for manufacturing operations,safety-equipment,operational,good,kombolcha,Hawassa Industrial Park,"Building A, Floor 3",2022-10-26T00:23:31.979425,4953,3925.0,6.99,Generic Brand,Generic Brand-366,SN4278067,180,2025-11-26T00:23:31.985103,2026-05-25T00:23:31.985103,2023-10-26T00:23:31.979425,1172,6,45,7.32,2022-10-26T00:23:31.979425,2026-01-10T00:23:31.985103
asset_0449,OTH-525017-832,Generic Brand Other #450,Generic Brand industrial other for manufacturing operations,other,repair,poor,kombolcha,Kombolcha Industrial Park,"Building D, Floor 3",2024-05-22T00:23:31.979425,6941,5159.51,16.57,Generic Brand,Generic Brand-898,SN3696723,180,2025-08-22T00:23:31.985103,2026-02-18T00:23:31.985103,2025-05-22T00:23:31.979425,598,3,141,15.16,2024-05-22T00:23:31.979425,2026-01-10T00:23:31.985103
asset_0450,SAF-469229-736,Generic Brand Safety Equipment #451,Generic Brand industrial safety-equipment for manufacturing operations,safety-equipment,maintenance,poor,kilinto,Kilinto Industrial Park,"Building C, Floor 1",2022-10-04T00:23:31.979425,4004,2535.13,13.05,Generic Brand,Generic Brand-306,SN8931847,180,2025-10-29T00:23:31.985103,2026-04-27T00:23:31.985103,2025-10-03T00:23:31.979425,1194,6,73,15.33,2022-10-04T00:23:31.979425,2026-01-10T00:23:31.985103
asset_0451,TOO-670793-354,Generic Brand Tool #452,Generic Brand industrial tool for manufacturing operations,tool,maintenance,good,kilinto,Hawassa Industrial Park,"Building B, Floor 2",2022-01-06T00:23:31.979425,4477,2580.41,12.84,Generic Brand,Generic Brand-973,SN7833255,180,2025-10-29T00:23:31.985103,2026-04-27T00:23:31.985103,2025-01-05T00:23:31.979425,1465,8,73,7.4,2022-01-06T00:23:31.979425,2026-01-10T00:23:31.985103
asset_0452,OTH-633190-944,Generic Brand Other #453,Generic Brand industrial other for manufacturing operations,other,repair,good,kilinto,Bole Lemi Industrial Park,"Building A, Floor 3",2025-02-07T00:23:31.979425,11138,9852.29,12.45,Generic Brand,Generic Brand-178,SN7411122,180,2025-09-11T00:23:31.985103,2026-03-10T00:23:31.985103,2027-02-07T00:23:31.979425,337,1,121,7.09,2025-02-07T00:23:31.979425,2026-01-10T00:23:31.985103
asset_0453,MAC-261932-269,Siemens Machinery #454,Siemens industrial machinery for manufacturing operations,machinery,operational,good,bole-lemi,Hawassa Industrial Park,"Building C, Floor 2",2024-09-28T00:23:31.979425,432437,367215.29,11.96,Siemens,Siemens-795,SN8201491,90,2025-10-25T00:23:31.985103,2026-01-23T00:23:31.985103,2027-09-28T00:23:31.979425,469,5,77,7.13,2024-09-28T00:23:31.979425,2026-01-10T00:23:31.985103
asset_0454,IT--191845-185,HP It Equipment #455,HP industrial it-equipment for manufacturing operations,it-equipment,operational,fair,kombolcha,Kombolcha Industrial Park,"Building C, Floor 1",2024-04-03T00:23:31.979425,8864,6266.8,17.78,HP,HP-665,SN4213896,365,2025-08-05T00:23:31.985103,2026-08-05T00:23:31.985103,2025-04-03T00:23:31.979425,647,1,158,10.18,2024-04-03T00:23:31.979425,2026-01-10T00:23:31.985103
asset_0455,SAF-887289-252,Generic Brand Safety Equipment #456,Generic Brand industrial safety-equipment for manufacturing operations,safety-equipment,reserved,good,bole-lemi,Kombolcha Industrial Park,"Building C, Floor 1",2025-08-26T00:23:31.979425,3251,3092.23,12.5,Generic Brand,Generic Brand-176,SN2130302,180,2025-10-23T00:23:31.985103,2026-04-21T00:23:31.985103,2028-08-25T00:23:31.979425,137,0,79,7.04,2025-08-26T00:23:31.979425,2026-01-10T00:23:31.985103
asset_0456,OTH-123343-198,Generic Brand Other #457,Generic Brand industrial other for manufacturing operations,other,repair,fair,kilinto,Hawassa Industrial Park,"Building A, Floor 3",2021-11-29T00:23:31.979425,20886,8402.42,19.85,Generic Brand,Generic Brand-349,SN5293792,180,2025-11-03T00:23:31.985103,2026-05-02T00:23:31.985103,2024-11-28T00:23:31.979425,1503,8,68,10.41,2021-11-29T00:23:31.979425,2026-01-10T00:23:31.985103
asset_0457,OTH-187653-118,Generic Brand Other #458,Generic Brand industrial other for manufacturing operations,other,repair,poor,kombolcha,Hawassa Industrial Park,"Building C, Floor 3",2022-06-22T00:23:31.979425,37701,24664.86,11.25,Generic Brand,Generic Brand-878,SN3080680,180,2025-08-05T00:23:31.985103,2026-02-01T00:23:31.985103,2023-06-22T00:23:31.979425,1298,7,158,15.36,2022-06-22T00:23:31.979425,2026-01-10T00:23:31.985103
asset_0458,UTI-264167-925,KSB Utility #459,KSB industrial utility for manufacturing operations,utility,operational,excellent,hawassa-park,Hawassa Industrial Park,"Building D, Floor 2",2025-01-26T00:23:31.979425,50946,41379.22,19.56,KSB,KSB-255,SN1757270,90,2025-11-18T00:23:31.985103,2026-02-16T00:23:31.985103,2026-01-26T00:23:31.979425,349,3,53,5.1,2025-01-26T00:23:31.979425,2026-01-10T00:23:31.985103
asset_0459,INF-801128-314,General Electric Infrastructure #460,General Electric industrial infrastructure for manufacturing operations,infrastructure,operational,excellent,hawassa-park,Hawassa Industrial Park,"Building A, Floor 3",2025-12-10T00:23:31.979425,699722,695516.98,6.86,General Electric,General Electric-612,SN6458557,180,2025-07-14T00:23:31.985103,2026-01-10T00:23:31.985103,2027-12-10T00:23:31.979425,31,0,180,5.01,2025-12-10T00:23:31.979425,2026-01-10T00:23:31.985103
asset_0460,VEH-508163-369,Volvo Vehicle #461,Volvo industrial vehicle for manufacturing operations,vehicle,operational,fair,kombolcha,Kombolcha Industrial Park,"Building D, Floor 2",2023-09-18T00:23:31.979425,54034,34676.98,17.45,Volvo,Volvo-378,SN1433623,120,2025-11-28T00:23:31.985103,2026-03-28T00:23:31.985103,2024-09-17T00:23:31.979425,845,7,43,10.23,2023-09-18T00:23:31.979425,2026-01-10T00:23:31.985103
asset_0461,IT--371505-504,Dell It Equipment #462,Dell industrial it-equipment for manufacturing operations,it-equipment,maintenance,fair,kombolcha,Hawassa Industrial Park,"Building A, Floor 1",2021-11-23T00:23:31.979425,8195,4381.45,14.06,Dell,Dell-565,SN5490068,365,2025-10-23T00:23:31.985103,2026-10-23T00:23:31.985103,2022-11-23T00:23:31.979425,1509,4,79,10.41,2021-11-23T00:23:31.979425,2026-01-10T00:23:31.985103
asset_0462,TOO-928121-226,Generic Brand Tool #463,Generic Brand industrial tool for manufacturing operations,tool,operational,good,hawassa-park,Bole Lemi Industrial Park,"Building C, Floor 3",2024-11-28T00:23:31.979425,235,210.74,9.3,Generic Brand,Generic Brand-222,SN8446868,180,2026-01-07T00:23:31.985103,2026-07-06T00:23:31.985103,2025-11-28T00:23:31.979425,408,2,3,7.11,2024-11-28T00:23:31.979425,2026-01-10T00:23:31.985103
asset_0463,IT--495928-120,Lenovo It Equipment #464,Lenovo industrial it-equipment for manufacturing operations,it-equipment,maintenance,excellent,kilinto,Hawassa Industrial Park,"Building B, Floor 2",2025-04-22T00:23:31.979425,5062,4711.92,9.47,Lenovo,Lenovo-175,SN1572408,365,2025-01-20T00:23:31.985103,2026-01-20T00:23:31.985103,2026-04-22T00:23:31.979425,263,0,355,5.07,2025-04-22T00:23:31.979425,2026-01-10T00:23:31.985103
asset_0464,OTH-148269-916,Generic Brand Other #465,Generic Brand industrial other for manufacturing operations,other,repair,excellent,kombolcha,Kombolcha Industrial Park,"Building A, Floor 3",2024-06-16T00:23:31.979425,18815,14060.89,16.94,Generic Brand,Generic Brand-980,SN1583013,180,2025-09-03T00:23:31.985103,2026-03-02T00:23:31.985103,2026-06-16T00:23:31.979425,573,3,129,5.16,2024-06-16T00:23:31.979425,2026-01-10T00:23:31.985103
asset_0465,IT--921657-837,Cisco It Equipment #466,Cisco industrial it-equipment for manufacturing operations,it-equipment,repair,critical,bole-lemi,Hawassa Industrial Park,"Building C, Floor 2",2022-08-12T00:23:31.979425,3695,2094.95,15.31,Cisco,Cisco-816,SN7667457,365,2026-01-07T00:23:31.985103,2027-01-07T00:23:31.985103,2024-08-11T00:23:31.979425,1247,3,3,25.34,2022-08-12T00:23:31.979425,2026-01-10T00:23:31.985103
asset_0466,MAC-128970-136,Honeywell Machinery #467,Honeywell industrial machinery for manufacturing operations,machinery,maintenance,fair,kombolcha,Kilinto Industrial Park,"Building B, Floor 3",2023-11-27T00:23:31.979425,130016,86579.57,17.44,Honeywell,Honeywell-142,SN1316734,90,2025-10-16T00:23:31.985103,2026-01-14T00:23:31.985103,2026-11-26T00:23:31.979425,775,8,86,10.21,2023-11-27T00:23:31.979425,2026-01-10T00:23:31.985103
asset_0467,VEH-386378-238,Hino Vehicle #468,Hino industrial vehicle for manufacturing operations,vehicle,maintenance,poor,bole-lemi,Kombolcha Industrial Park,"Building A, Floor 3",2022-04-08T00:23:31.979425,46075,23418.42,16.48,Hino,Hino-429,SN6913203,120,2025-12-06T00:23:31.985103,2026-04-05T00:23:31.985103,2025-04-07T00:23:31.979425,1373,11,35,15.38,2022-04-08T00:23:31.979425,2026-01-10T00:23:31.985103
asset_0468,INF-880552-378,General Electric Infrastructure #469,General Electric industrial infrastructure for manufacturing operations,infrastructure,operational,fair,bole-lemi,Kilinto Industrial Park,"Building C, Floor 3",2023-06-18T00:23:31.979425,885774,757384.16,5.92,General Electric,General Electric-589,SN8763582,180,2025-08-30T00:23:31.985103,2026-02-26T00:23:31.985103,2024-06-17T00:23:31.979425,937,5,133,10.26,2023-06-18T00:23:31.979425,2026-01-10T00:23:31.985103
asset_0469,UTI-736844-352,Wilo Utility #470,Wilo industrial utility for manufacturing operations,utility,maintenance,poor,bole-lemi,Kilinto Industrial Park,"Building D, Floor 3",2022-02-03T00:23:31.979425,56014,39173.87,8.69,Wilo,Wilo-555,SN7887911,90,2025-10-17T00:23:31.985103,2026-01-15T00:23:31.985103,2023-02-03T00:23:31.979425,1437,15,85,15.39,2022-02-03T00:23:31.979425,2026-01-10T00:23:31.985103
asset_0470,OTH-139201-652,Generic Brand Other #471,Generic Brand industrial other for manufacturing operations,other,operational,good,hawassa-park,Kombolcha Industrial Park,"Building D, Floor 3",2023-02-18T00:23:31.979425,30057,22303.97,9.8,Generic Brand,Generic Brand-256,SN8343136,180,2025-09-23T00:23:31.985103,2026-03-22T00:23:31.985103,2025-02-17T00:23:31.979425,1057,5,109,7.29,2023-02-18T00:23:31.979425,2026-01-10T00:23:31.985103
asset_0471,UTI-523058-482,Grundfos Utility #472,Grundfos industrial utility for manufacturing operations,utility,reserved,poor,bole-lemi,Kilinto Industrial Park,"Building D, Floor 3",2022-12-21T00:23:31.979425,42953,35353.77,6.17,Grundfos,Grundfos-408,SN7302843,90,2025-11-08T00:23:31.985103,2026-02-06T00:23:31.985103,2024-12-20T00:23:31.979425,1116,12,63,15.31,2022-12-21T00:23:31.979425,2026-01-10T00:23:31.985103
asset_0472,UTI-288286-865,Wilo Utility #473,Wilo industrial utility for manufacturing operations,utility,operational,excellent,kilinto,Kombolcha Industrial Park,"Building B, Floor 2",2025-08-07T00:23:31.979425,87536,83478.78,10.52,Wilo,Wilo-840,SN6576486,90,2025-12-05T00:23:31.985103,2026-03-05T00:23:31.985103,2026-08-07T00:23:31.979425,156,1,36,5.04,2025-08-07T00:23:31.979425,2026-01-10T00:23:31.985103
asset_0473,INF-868305-786,General Electric Infrastructure #474,General Electric industrial infrastructure for manufacturing operations,infrastructure,operational,good,hawassa-park,Kilinto Industrial Park,"Building D, Floor 1",2021-12-20T00:23:31.979425,986684,481164.68,16.22,General Electric,General Electric-117,SN6170520,180,2025-07-19T00:23:31.985103,2026-01-15T00:23:31.985103,2023-12-20T00:23:31.979425,1482,8,175,7.41,2021-12-20T00:23:31.979425,2026-01-10T00:23:31.985103
asset_0474,INF-853068-163,Komatsu Infrastructure #475,Komatsu industrial infrastructure for manufacturing operations,infrastructure,operational,fair,hawassa-park,Kombolcha Industrial Park,"Building A, Floor 1",2024-07-02T00:23:31.979425,315085,287893.81,5.75,Komatsu,Komatsu-655,SN6853832,180,2025-08-26T00:23:31.985103,2026-02-22T00:23:31.985103,2026-07-02T00:23:31.979425,557,3,137,10.15,2024-07-02T00:23:31.979425,2026-01-10T00:23:31.985103
asset_0475,TOO-373934-151,Generic Brand Tool #476,Generic Brand industrial tool for manufacturing operations,tool,repair,excellent,kilinto,Hawassa Industrial Park,"Building D, Floor 1",2023-10-17T00:23:31.979425,1084,869.84,9.38,Generic Brand,Generic Brand-187,SN7996625,180,2025-12-20T00:23:31.985103,2026-06-18T00:23:31.985103,2024-10-16T00:23:31.979425,816,4,21,5.22,2023-10-17T00:23:31.979425,2026-01-10T00:23:31.985103
asset_0476,IT--933711-657,Cisco It Equipment #477,Cisco industrial it-equipment for manufacturing operations,it-equipment,maintenance,fair,kilinto,Kilinto Industrial Park,"Building C, Floor 3",2022-07-17T00:23:31.979425,9804,5134.83,16.94,Cisco,Cisco-602,SN4280426,365,2025-10-14T00:23:31.985103,2026-10-14T00:23:31.985103,2023-07-17T00:23:31.979425,1273,3,88,10.35,2022-07-17T00:23:31.979425,2026-01-10T00:23:31.985103
asset_0477,INF-695632-632,Komatsu Infrastructure #478,Komatsu industrial infrastructure for manufacturing operations,infrastructure,maintenance,critical,bole-lemi,Hawassa Industrial Park,"Building A, Floor 1",2022-01-03T00:23:31.979425,800499,391878.38,16.28,Komatsu,Komatsu-784,SN8303703,180,2025-12-05T00:23:31.985103,2026-06-03T00:23:31.985103,2025-01-02T00:23:31.979425,1468,8,36,25.4,2022-01-03T00:23:31.979425,2026-01-10T00:23:31.985103
asset_0478,TOO-138410-391,Generic Brand Tool #479,Generic Brand industrial tool for manufacturing operations,tool,operational,good,hawassa-park,Kilinto Industrial Park,"Building A, Floor 2",2026-01-03T00:23:31.979425,2566,2562.55,6.79,Generic Brand,Generic Brand-984,SN5527991,180,2025-09-17T00:23:31.985103,2026-03-16T00:23:31.985103,2029-01-02T00:23:31.979425,7,0,115,7.0,2026-01-03T00:23:31.979425,2026-01-10T00:23:31.985103
asset_0479,FUR-560830-532,Generic Brand Furniture #480,Generic Brand industrial furniture for manufacturing operations,furniture,repair,poor,kilinto,Hawassa Industrial Park,"Building B, Floor 2",2023-10-18T00:23:31.979425,1846,1417.07,11.18,Generic Brand,Generic Brand-383,SN5544804,180,2026-01-07T00:23:31.985103,2026-07-06T00:23:31.985103,2026-10-17T00:23:31.979425,815,4,3,15.22,2023-10-18T00:23:31.979425,2026-01-10T00:23:31.985103
asset_0480,TOO-824108-985,Generic Brand Tool #481,Generic Brand industrial tool for manufacturing operations,tool,maintenance,poor,bole-lemi,Kombolcha Industrial Park,"Building A, Floor 3",2021-04-03T00:23:31.979425,2988,2176.0,6.43,Generic Brand,Generic Brand-373,SN8548500,180,2025-10-22T00:23:31.985103,2026-04-20T00:23:31.985103,2023-04-03T00:23:31.979425,1743,9,80,15.48,2021-04-03T00:23:31.979425,2026-01-10T00:23:31.985103
asset_0481,VEH-116092-777,Volvo Vehicle #482,Volvo industrial vehicle for manufacturing operations,vehicle,operational,excellent,bole-lemi,Kilinto Industrial Park,"Building B, Floor 2",2025-05-15T00:23:31.979425,143348,130193.34,13.63,Volvo,Volvo-340,SN9272434,120,2025-12-20T00:23:31.985103,2026-04-19T00:23:31.985103,2028-05-14T00:23:31.979425,240,2,21,5.07,2025-05-15T00:23:31.979425,2026-01-10T00:23:31.985103
asset_0482,SAF-668555-648,Generic Brand Safety Equipment #483,Generic Brand industrial safety-equipment for manufacturing operations,safety-equipment,repair,fair,kilinto,Kilinto Industrial Park,"Building A, Floor 2",2021-05-23T00:23:31.979425,8185,4402.55,12.52,Generic Brand,Generic Brand-395,SN3010447,180,2025-08-16T00:23:31.985103,2026-02-12T00:23:31.985103,2022-05-23T00:23:31.979425,1693,9,147,10.46,2021-05-23T00:23:31.979425,2026-01-10T00:23:31.985103
asset_0483,TOO-759351-920,Generic Brand Tool #484,Generic Brand industrial tool for manufacturing operations,tool,operational,good,kilinto,Kombolcha Industrial Park,"Building D, Floor 1",2025-10-25T00:23:31.979425,4053,3983.58,7.87,Generic Brand,Generic Brand-367,SN9039810,180,2025-11-29T00:23:31.985103,2026-05-28T00:23:31.985103,2027-10-25T00:23:31.979425,77,0,42,7.02,2025-10-25T00:23:31.979425,2026-01-10T00:23:31.985103
asset_0484,OTH-331003-669,Generic Brand Other #485,Generic Brand industrial other for manufacturing operations,other,maintenance,fair,kilinto,Kombolcha Industrial Park,"Building B, Floor 1",2021-03-12T00:23:31.979425,9830,4959.37,13.2,Generic Brand,Generic Brand-568,SN6086525,180,2025-08-20T00:23:31.985103,2026-02-16T00:23:31.985103,2023-03-12T00:23:31.979425,1765,9,143,10.48,2021-03-12T00:23:31.979425,2026-01-10T00:23:31.985103
asset_0485,MAC-206856-760,ABB Machinery #486,ABB industrial machinery for manufacturing operations,machinery,operational,good,kombolcha,Bole Lemi Industrial Park,"Building D, Floor 1",2021-08-09T00:23:31.979425,404153,302311.35,6.36,ABB,ABB-477,SN6777582,90,2025-12-24T00:23:31.985103,2026-03-24T00:23:31.985103,2022-08-09T00:23:31.979425,1615,17,17,7.44,2021-08-09T00:23:31.979425,2026-01-10T00:23:31.985103
asset_0486,MAC-207013-640,ABB Machinery #487,ABB industrial machinery for manufacturing operations,machinery,operational,poor,bole-lemi,Hawassa Industrial Park,"Building B, Floor 3",2023-12-08T00:23:31.979425,468210,335092.38,14.78,ABB,ABB-223,SN8185571,90,2025-11-16T00:23:31.985103,2026-02-14T00:23:31.985103,2025-12-07T00:23:31.979425,764,8,55,15.21,2023-12-08T00:23:31.979425,2026-01-10T00:23:31.985103
asset_0487,INF-756806-845,General Electric Infrastructure #488,General Electric industrial infrastructure for manufacturing operations,infrastructure,operational,critical,bole-lemi,Bole Lemi Industrial Park,"Building C, Floor 1",2022-12-25T00:23:31.979425,468748,287276.29,14.86,General Electric,General Electric-375,SN1622524,180,2025-07-18T00:23:31.985103,2026-01-14T00:23:31.985103,2025-12-24T00:23:31.979425,1112,6,176,25.3,2022-12-25T00:23:31.979425,2026-01-10T00:23:31.985103
asset_0488,UTI-988379-389,KSB Utility #489,KSB industrial utility for manufacturing operations,utility,maintenance,poor,hawassa-park,Hawassa Industrial Park,"Building B, Floor 2",2022-01-17T00:23:31.979425,70227,49339.28,8.49,KSB,KSB-714,SN2665043,90,2025-11-10T00:23:31.985103,2026-02-08T00:23:31.985103,2024-01-17T00:23:31.979425,1454,16,61,15.4,2022-01-17T00:23:31.979425,2026-01-10T00:23:31.985103
asset_0489,OTH-838538-847,Generic Brand Other #490,Generic Brand industrial other for manufacturing operations,other,operational,excellent,hawassa-park,Hawassa Industrial Park,"Building B, Floor 2",2022-12-23T00:23:31.979425,15900,12592.67,7.36,Generic Brand,Generic Brand-558,SN2714261,180,2025-12-08T00:23:31.985103,2026-06-06T00:23:31.985103,2024-12-22T00:23:31.979425,1114,6,33,5.31,2022-12-23T00:23:31.979425,2026-01-10T00:23:31.985103
asset_0490,IT--195666-584,Huawei It Equipment #491,Huawei industrial it-equipment for manufacturing operations,it-equipment,operational,good,hawassa-park,Bole Lemi Industrial Park,"Building B, Floor 3",2023-02-10T00:23:31.979425,6643,3619.01,18.8,Huawei,Huawei-265,SN2179522,365,2025-11-18T00:23:31.985103,2026-11-18T00:23:31.985103,2025-02-09T00:23:31.979425,1065,2,53,7.29,2023-02-10T00:23:31.979425,2026-01-10T00:23:31.985103
asset_0491,FUR-403347-256,Generic Brand Furniture #492,Generic Brand industrial furniture for manufacturing operations,furniture,operational,good,kombolcha,Hawassa Industrial Park,"Building C, Floor 2",2024-05-28T00:23:31.979425,4898,3764.65,14.99,Generic Brand,Generic Brand-788,SN1093807,180,2025-07-29T00:23:31.985103,2026-01-25T00:23:31.985103,2026-05-28T00:23:31.979425,592,3,165,7.16,2024-05-28T00:23:31.979425,2026-01-10T00:23:31.985103
asset_0492,INF-861995-515,Komatsu Infrastructure #493,Komatsu industrial infrastructure for manufacturing operations,infrastructure,operational,good,kilinto,Kombolcha Industrial Park,"Building B, Floor 1",2021-02-08T00:23:31.979425,721193,454513.78,8.96,Komatsu,Komatsu-867,SN4820271,180,2025-12-25T00:23:31.985103,2026-06-23T00:23:31.985103,2024-02-08T00:23:31.979425,1797,9,16,7.49,2021-02-08T00:23:31.979425,2026-01-10T00:23:31.985103
asset_0493,UTI-234168-946,KSB Utility #494,KSB industrial utility for manufacturing operations,utility,repair,critical,kilinto,Bole Lemi Industrial Park,"Building A, Floor 2",2021-09-01T00:23:31.979425,46934,26804.88,12.06,KSB,KSB-257,SN4389078,90,2025-11-11T00:23:31.985103,2026-02-09T00:23:31.985103,2024-08-31T00:23:31.979425,1592,17,60,25.44,2021-09-01T00:23:31.979425,2026-01-10T00:23:31.985103
asset_0494,MAC-671296-841,ABB Machinery #495,ABB industrial machinery for manufacturing operations,machinery,maintenance,poor,kilinto,Hawassa Industrial Park,"Building C, Floor 3",2022-06-19T00:23:31.979425,107011,75562.15,9.31,ABB,ABB-563,SN1305195,90,2025-11-30T00:23:31.985103,2026-02-28T00:23:31.985103,2025-06-18T00:23:31.979425,1301,14,41,15.36,2022-06-19T00:23:31.979425,2026-01-10T00:23:31.985103
asset_0495,INF-779410-603,Caterpillar Infrastructure #496,Caterpillar industrial infrastructure for manufacturing operations,infrastructure,repair,excellent,bole-lemi,Kombolcha Industrial Park,"Building D, Floor 2",2022-05-15T00:23:31.979425,969366,624546.51,11.32,Caterpillar,Caterpillar-626,SN8442815,180,2025-11-10T00:23:31.985103,2026-05-09T00:23:31.985103,2024-05-14T00:23:31.979425,1336,7,61,5.37,2022-05-15T00:23:31.979425,2026-01-10T00:23:31.985103
asset_0496,IT--597792-127,Cisco It Equipment #497,Cisco industrial it-equipment for manufacturing operations,it-equipment,operational,good,kombolcha,Hawassa Industrial Park,"Building A, Floor 2",2022-01-01T00:23:31.979425,6213,4327.85,8.59,Cisco,Cisco-493,SN4889701,365,2025-06-21T00:23:31.985103,2026-06-21T00:23:31.985103,2024-01-01T00:23:31.979425,1470,4,203,7.4,2022-01-01T00:23:31.979425,2026-01-10T00:23:31.985103
asset_0497,IT--514566-562,Lenovo It Equipment #498,Lenovo industrial it-equipment for manufacturing operations,it-equipment,repair,poor,kombolcha,Bole Lemi Industrial Park,"Building D, Floor 3",2022-11-30T00:23:31.979425,2482,1637.98,12.5,Lenovo,Lenovo-998,SN8112530,365,2025-10-04T00:23:31.985103,2026-10-04T00:23:31.985103,2023-11-30T00:23:31.979425,1137,3,98,15.31,2022-11-30T00:23:31.979425,2026-01-10T00:23:31.985103
asset_0498,FUR-151247-887,Generic Brand Furniture #499,Generic Brand industrial furniture for manufacturing operations,furniture,operational,good,kilinto,Bole Lemi Industrial Park,"Building D, Floor 2",2024-02-12T00:23:31.979425,838,623.3,14.35,Generic Brand,Generic Brand-630,SN4573554,180,2025-10-03T00:23:31.985103,2026-04-01T00:23:31.985103,2026-02-11T00:23:31.979425,698,3,99,7.19,2024-02-12T00:23:31.979425,2026-01-10T00:23:31.985103
asset_0499,OTH-495742-857,Generic Brand Other #500,Generic Brand industrial other for manufacturing operations,other,operational,excellent,kilinto,Kombolcha Industrial Park,"Building B, Floor 3",2021-05-25T00:23:31.979425,7965,6227.47,5.18,Generic Brand,Generic Brand-767,SN4939475,180,2025-11-11T00:23:31.985103,2026-05-10T00:23:31.985103,2022-05-25T00:23:31.979425,1691,9,60,5.46,2021-05-25T00:23:31.979425,2026-01-10T00:23:31.985103
