tenant_id,company_name,industry,investment_usd,employee_count,land_needed_ha,power_requirement_kw,water_requirement_m3,export_oriented,preferred_region,budget_min_etb,budget_max_etb,chosen_park_id,chosen_park_name,match_score,placement_successful,satisfaction_rating,placement_date
TEN65302,Ethiopia Leather PLC,leather,5114226,75,2.35,53.2,10.6,False,Dire Dawa,41872.16526355279,114183.3239016215,bole_lemi,Bole Lemi Industrial Park,89.0,True,5.0,2024-01-22 16:12:18.942369
TEN54597,Axum Horticulture Manufacturing,horticulture,4198379,479,7.31,439.4,214.5,False,Amhara,35394.96955448699,116021.95717844281,kombolcha,Kombolcha Industrial Park,66.0,True,3.7,2025-01-22 16:12:18.942369
TEN57400,Abyssinia Food Processing Share Company,food_processing,1228977,926,13.04,1207.8,453.0,True,Dire Dawa,9944.450227103971,27380.35739115411,dire_dawa_ftz,Dire Dawa Free Trade Zone,100.0,True,5.0,2025-09-28 16:12:18.942369
TEN89840,African Manufacturing Corporation,manufacturing,8106962,334,6.7,349.8,82.9,True,Addis Ababa,76677.70248833031,175386.2180763319,bole_lemi_ii,Bole Lemi II Industrial Park,100.0,True,5.0,2024-06-18 16:12:18.942369
TEN18675,Abyssinia Medical Group,medical,5940561,751,11.8,1249.7,143.9,True,Oromia,57936.71868697221,137504.85146234086,kilinto,Kilinto Industrial Park,93.0,True,5.0,2024-09-27 16:12:18.942369
TEN62350,Harar Footwear Industries,footwear,3342608,1284,14.45,1723.2,263.3,False,any,33408.20224822559,71476.04797126133,bole_lemi,Bole Lemi Industrial Park,81.0,True,4.9,2025-08-06 16:12:18.942369
TEN11504,Blue Nile Pharmaceutical International,pharmaceutical,24833160,455,6.95,270.9,115.0,False,Dire Dawa,242609.46629641636,683129.8853770639,kilinto,Kilinto Industrial Park,89.0,True,4.7,2025-08-01 16:12:18.942369
TEN93748,Entoto Metal Group,metal,22675739,156,6.43,256.3,47.3,True,any,190426.82445563906,538302.5092984134,dire_dawa_ftz,Dire Dawa Free Trade Zone,85.0,False,3.3,2026-01-09 16:12:18.942369
TEN84364,Nile Agro Processing Share Company,agro_processing,826765,600,7.0,626.7,296.5,False,SNNPR,7824.351165303437,23281.89465113859,bole_lemi,Bole Lemi Industrial Park,59.0,False,1.6,2024-09-10 16:12:18.942369
TEN36365,Lalibela Horticulture Processing,horticulture,4946912,219,5.06,308.8,106.4,False,any,49421.12858851612,131087.13561873304,hawassa,Hawassa Industrial Park,66.0,True,3.4,2025-05-24 16:12:18.942369
TEN40007,Nile Apparel PLC,apparel,1352896,1584,18.99,1338.8,297.9,True,any,13149.162588923387,28016.5462523496,hawassa,Hawassa Industrial Park,100.0,True,5.0,2025-08-27 16:12:18.942369
TEN17100,Blue Nile Automotive PLC,automotive,36740676,647,10.6,508.3,89.8,False,Amhara,323510.56415284815,859475.5909077219,dire_dawa_ftz,Dire Dawa Free Trade Zone,74.0,True,4.2,2025-08-19 16:12:18.942369
TEN22833,Ethiopia Steel International,steel,23692848,525,7.83,951.2,68.3,False,any,236894.47926633508,671935.7049710638,arerti,Arerti Industrial Park,66.0,False,1.9,2024-11-19 16:12:18.942369
TEN47388,Bole Automotive Corporation,automotive,19344338,1135,15.74,2103.9,188.2,True,Amhara,180361.62874175733,481030.1228197849,dire_dawa_ftz,Dire Dawa Free Trade Zone,78.0,True,4.0,2024-07-03 16:12:18.942369
TEN20500,African Garment Share Company,garment,1959074,1484,15.57,1803.3,694.1,False,Dire Dawa,18004.027612266964,52409.3935823938,hawassa,Hawassa Industrial Park,89.0,True,5.0,2025-05-02 16:12:18.942369
TEN41285,Axum Garment Processing,garment,2375453,2736,29.75,3763.4,845.7,False,Oromia,19625.414415829026,62842.62785346761,hawassa,Hawassa Industrial Park,89.0,False,3.4,2025-12-31 16:12:18.942369
TEN19016,Sheba Metal Factory,metal,42781863,1422,19.2,867.3,263.4,True,any,366639.48705551686,1043100.7837112934,dire_dawa_ftz,Dire Dawa Free Trade Zone,85.0,True,5.0,2024-03-11 16:12:18.942369
TEN82512,Horn Electronics Textile Mill,electronics,9804682,58,2.43,86.7,27.6,True,Addis Ababa,83962.51728630067,216745.20785151847,addis_industrial_village,Addis Industrial Village (AIV),96.0,True,5.0,2024-08-10 16:12:18.942369
TEN93507,Axum Automotive Manufacturing,automotive,8409056,664,7.56,753.9,139.9,True,any,79738.55243445723,214572.23555355406,dire_dawa_ftz,Dire Dawa Free Trade Zone,85.0,True,4.3,2024-02-02 16:12:18.942369
TEN56898,Abyssinia Footwear International,footwear,1604451,2434,28.6,3343.7,387.6,True,Addis Ababa,13636.324479251922,33738.293290849186,bole_lemi_ii,Bole Lemi II Industrial Park,85.0,False,2.7,2024-04-14 16:12:18.942369
TEN53540,Bole Footwear International,footwear,3726327,1169,16.58,2006.2,529.1,True,any,36250.18623732714,104737.71068582694,bole_lemi,Bole Lemi Industrial Park,85.0,True,4.4,2025-12-01 16:12:18.942369
TEN96511,Abyssinia Automotive Processing,automotive,18393105,605,10.22,720.2,134.4,False,Addis Ababa,159220.3530717686,526843.4441982198,kilinto,Kilinto Industrial Park,66.0,True,3.8,2024-02-14 16:12:18.942369
TEN88193,Bole Horticulture Factory,horticulture,963060,389,4.91,760.7,66.7,False,Addis Ababa,9107.745212224389,22282.10074208628,bole_lemi,Bole Lemi Industrial Park,66.0,True,3.7,2024-05-29 16:12:18.942369
TEN97900,Abyssinia Chemical Factory,chemical,3489364,180,5.49,90.5,84.6,False,any,30924.819239090088,102896.9647186681,bole_lemi,Bole Lemi Industrial Park,66.0,False,1.8,2025-03-08 16:12:18.942369
TEN59695,African Electronics Group,electronics,7351696,366,5.63,565.8,117.8,True,any,67181.3456515519,176887.33193858713,hawassa,Hawassa Industrial Park,70.0,True,3.9,2024-05-26 16:12:18.942369
TEN32241,Nile Agro Processing Textile Mill,agro_processing,7911939,576,8.25,472.6,166.6,False,any,71451.96171975318,208316.67441426773,mekelle,Mekelle Industrial Park,96.0,True,5.0,2024-02-21 16:12:18.942369
TEN69692,Bole Beverage International,beverage,3840845,280,3.96,159.4,138.2,False,any,35148.88539128357,104407.45317814715,adama,Adama Industrial Park,96.0,True,4.9,2024-02-05 16:12:18.942369
TEN25906,Piassa Textile Manufacturing,textile,14059727,636,8.77,485.8,307.3,False,SNNPR,135013.21326696553,375054.14671443123,adama,Adama Industrial Park,59.0,True,3.7,2024-10-13 16:12:18.942369
TEN93579,Axum Electronics Corporation,electronics,9691766,486,7.37,359.0,216.1,False,any,86927.32978748607,217022.46928559287,addis_industrial_village,Addis Industrial Village (AIV),96.0,True,5.0,2025-01-31 16:12:18.942369
TEN53369,Piassa Agro Processing Processing,agro_processing,1851868,653,7.65,553.0,246.6,False,Amhara,15045.559753854008,52461.4050398423,mekelle,Mekelle Industrial Park,89.0,True,5.0,2025-12-20 16:12:18.942369
TEN80545,Sheba Manufacturing Enterprise,manufacturing,598919,538,10.12,510.0,137.7,False,any,5054.183571971673,14588.684469378755,semera,Semera Industrial Park,96.0,True,5.0,2024-11-21 16:12:18.942369
TEN21003,Bole Pharmaceutical Manufacturing,pharmaceutical,17683010,480,9.44,946.1,150.6,False,Addis Ababa,172121.16237900447,385795.3619312729,kilinto,Kilinto Industrial Park,96.0,True,5.0,2025-01-29 16:12:18.942369
TEN55870,Sheba Manufacturing International,manufacturing,7572684,334,4.98,208.0,36.0,False,any,61620.722472067515,223945.89367574957,semera,Semera Industrial Park,96.0,True,5.0,2025-12-20 16:12:18.942369
TEN31992,Blue Nile Footwear Manufacturing,footwear,3117636,1177,14.4,790.5,563.9,False,Oromia,30956.384423917803,65722.84553487542,bole_lemi,Bole Lemi Industrial Park,74.0,True,4.4,2024-12-21 16:12:18.942369
TEN99687,Blue Nile Manufacturing Group,manufacturing,3827421,782,8.66,1201.1,274.4,True,any,36610.31792000888,89837.36982620628,dire_dawa_ftz,Dire Dawa Free Trade Zone,100.0,True,5.0,2025-01-25 16:12:18.942369
TEN67080,African Textile Corporation,textile,14796423,1920,21.91,2208.5,470.2,False,SNNPR,146942.49944557383,335890.99381801655,mekelle,Mekelle Industrial Park,89.0,True,5.0,2024-05-13 16:12:18.942369
TEN97580,Merkato Food Processing Factory,food_processing,4618725,430,8.54,270.9,194.6,True,Dire Dawa,37214.91479440132,131677.67138897264,dire_dawa_ftz,Dire Dawa Free Trade Zone,100.0,True,5.0,2025-01-26 16:12:18.942369
TEN41499,Meskel Food Processing International,food_processing,5135017,710,10.1,905.2,125.3,True,Dire Dawa,48390.78171711668,125714.17931094383,dire_dawa_ftz,Dire Dawa Free Trade Zone,100.0,True,5.0,2025-05-05 16:12:18.942369
TEN45509,Lalibela Beverage Textile Mill,beverage,6691135,729,9.92,945.1,197.0,False,Amhara,56614.20231392779,182084.8083428746,adama,Adama Industrial Park,89.0,True,5.0,2024-02-03 16:12:18.942369
TEN35443,Lalibela Pharmaceutical Industries,pharmaceutical,9260663,148,5.3,135.4,49.7,False,Addis Ababa,80769.29992894434,213205.24275518197,kilinto,Kilinto Industrial Park,96.0,True,4.8,2025-11-15 16:12:18.942369
TEN67733,Gondar Horticulture Manufacturing,horticulture,2618618,349,6.86,568.6,49.2,True,Amhara,26005.48301455903,58983.80457955927,bahir_dar,Bahir Dar Industrial Park,66.0,False,2.1,2025-10-26 16:12:18.942369
TEN89471,Sheba Garment Corporation,garment,3503120,821,12.36,1579.3,110.1,True,Amhara,30689.979741909006,101888.39855341501,debre_birhan,Debre Birhan Industrial Park,96.0,True,5.0,2024-06-06 16:12:18.942369
TEN32782,Nile Garment Manufacturing,garment,13416638,2697,27.92,4434.2,944.5,True,SNNPR,107404.90240310268,328775.2112251464,hawassa,Hawassa Industrial Park,100.0,True,5.0,2024-01-17 16:12:18.942369
TEN65723,Blue Nile Beverage Corporation,beverage,8117381,769,8.51,653.8,158.3,False,SNNPR,68588.77592041974,174441.65733490256,adama,Adama Industrial Park,89.0,True,4.5,2025-03-01 16:12:18.942369
TEN20543,Ethiopia Beverage Processing,beverage,2586308,499,7.6,477.1,130.2,True,Amhara,24489.925924129948,67340.05419287537,adama,Adama Industrial Park,89.0,True,5.0,2024-05-30 16:12:18.942369
TEN46458,African Textile Group,textile,14781161,2953,31.24,1654.7,1188.6,False,any,131135.06034293622,415978.07618690736,bole_lemi,Bole Lemi Industrial Park,81.0,True,4.4,2024-02-23 16:12:18.942369
TEN82102,Ethiopia Leather Enterprise,leather,3198193,928,11.26,1429.6,199.8,False,any,26148.808425673957,72036.06238291413,bole_lemi,Bole Lemi Industrial Park,96.0,True,5.0,2026-01-08 16:12:18.942369
TEN36680,Axum Horticulture Corporation,horticulture,7433143,523,5.97,668.2,182.6,False,Addis Ababa,61412.82413136083,170072.47822865983,addis_industrial_village,Addis Industrial Village (AIV),66.0,True,4.3,2024-04-26 16:12:18.942369
TEN24871,Piassa Medical Share Company,medical,3157144,776,9.66,403.9,204.2,True,any,29346.977515371025,68003.9701166215,bole_lemi,Bole Lemi Industrial Park,70.0,True,3.8,2024-09-02 16:12:18.942369
TEN19150,Axum Automotive Processing,automotive,35654421,649,9.47,697.9,304.2,False,any,309471.4780109489,993944.5001414797,semera,Semera Industrial Park,81.0,True,4.8,2024-05-18 16:12:18.942369
TEN34727,Sheba Automotive Group,automotive,14972069,1922,21.73,2357.4,447.8,False,Oromia,131244.2839503252,427604.2334137837,semera,Semera Industrial Park,74.0,True,4.2,2024-12-15 16:12:18.942369
TEN67711,Blue Nile Manufacturing Corporation,manufacturing,3051903,729,10.02,405.0,219.4,False,any,29972.38337497376,61506.453801203774,semera,Semera Industrial Park,96.0,True,5.0,2025-10-25 16:12:18.942369
TEN79942,Merkato Automotive Factory,automotive,22785377,1750,19.52,2693.3,629.9,False,any,210846.72719397498,657913.7895447239,semera,Semera Industrial Park,81.0,True,4.7,2025-05-14 16:12:18.942369
TEN13794,Ethiopia Beverage Factory,beverage,2016313,282,5.27,182.6,99.7,False,Oromia,19341.05283734323,46241.47260459739,adama,Adama Industrial Park,96.0,True,5.0,2024-06-09 16:12:18.942369
TEN28758,Sheba Pharmaceutical Enterprise,pharmaceutical,7874352,137,2.23,247.5,47.7,True,any,73040.98721390443,193675.23879333292,kilinto,Kilinto Industrial Park,100.0,True,5.0,2025-03-21 16:12:18.942369
TEN69878,Lalibela Horticulture Industries,horticulture,1739197,211,4.6,214.9,70.7,False,Oromia,17389.791013994432,49625.1246969542,adama,Adama Industrial Park,66.0,True,3.7,2025-03-13 16:12:18.942369
TEN75107,Lalibela Beverage Industries,beverage,7140518,72,2.46,97.1,27.0,False,Dire Dawa,65793.66109312382,167967.90126919284,adama,Adama Industrial Park,89.0,True,5.0,2024-03-05 16:12:18.942369
TEN21813,Lalibela Footwear Factory,footwear,2630140,2773,32.3,4075.0,620.0,False,SNNPR,24973.078644218018,57222.3797487839,bahir_dar,Bahir Dar Industrial Park,74.0,True,4.7,2024-07-15 16:12:18.942369
TEN54396,Blue Nile Electronics Enterprise,electronics,5072250,985,14.09,872.2,423.4,False,any,50346.07100950833,108584.54769363588,bole_lemi_ii,Bole Lemi II Industrial Park,66.0,False,2.4,2024-11-29 16:12:18.942369
TEN98125,Axum Horticulture Group,horticulture,2015030,424,8.3,220.9,133.4,False,any,17655.79562359803,53167.559310967205,hawassa,Hawassa Industrial Park,66.0,False,2.2,2024-04-15 16:12:18.942369
TEN25292,Horn Horticulture PLC,horticulture,4213925,385,7.26,559.4,110.0,False,any,41686.35025989911,97104.19531132378,hawassa,Hawassa Industrial Park,66.0,True,4.2,2025-08-24 16:12:18.942369
TEN30253,Bole Manufacturing International,manufacturing,6724540,514,8.66,830.0,245.9,False,any,55128.06988695267,167397.13729497773,semera,Semera Industrial Park,96.0,True,4.8,2024-12-26 16:12:18.942369
TEN17936,Merkato Chemical Textile Mill,chemical,16921516,277,7.55,493.9,38.7,False,Oromia,141795.8252430914,359101.5964109064,jimma,Jimma Industrial Park,66.0,True,3.5,2024-03-26 16:12:18.942369
TEN82641,Abyssinia Textile Group,textile,14200222,407,6.07,807.2,168.8,True,any,119734.89027689061,407503.1213251228,hawassa,Hawassa Industrial Park,100.0,True,5.0,2026-01-07 16:12:18.942369
TEN27275,Addis Food Processing Factory,food_processing,2927461,979,14.73,1282.8,410.6,True,any,28044.986590290675,65514.574974971925,dire_dawa_ftz,Dire Dawa Free Trade Zone,100.0,True,5.0,2024-11-04 16:12:18.942369
TEN15683,Entoto Electronics Textile Mill,electronics,1566326,166,4.3,276.7,50.7,True,Dire Dawa,13965.495822934348,46426.31275304795,addis_industrial_village,Addis Industrial Village (AIV),89.0,True,4.9,2024-02-07 16:12:18.942369
TEN81874,Gondar Leather Processing,leather,7941741,552,6.35,342.9,189.5,True,Dire Dawa,79332.08005691737,200970.26988658684,bole_lemi,Bole Lemi Industrial Park,93.0,True,4.7,2024-01-22 16:12:18.942369
TEN62262,Bole Leather Share Company,leather,9749870,923,12.97,759.2,259.0,True,Amhara,84093.5715623731,225468.0419056896,bahir_dar,Bahir Dar Industrial Park,96.0,True,5.0,2024-09-11 16:12:18.942369
TEN86869,Gondar Apparel International,apparel,14954816,573,6.61,657.7,228.0,True,Addis Ababa,123294.42076384187,351976.2621887635,hawassa,Hawassa Industrial Park,93.0,True,5.0,2025-11-18 16:12:18.942369
TEN55890,Harar Beverage Share Company,beverage,5742022,664,8.72,907.6,122.9,False,Addis Ababa,54693.97263181059,147805.38855071354,addis_industrial_village,Addis Industrial Village (AIV),81.0,True,4.7,2024-01-30 16:12:18.942369
TEN84228,Merkato Food Processing Share Company,food_processing,3526879,129,3.02,212.0,60.5,True,SNNPR,29215.781476716747,92868.79074822467,dire_dawa_ftz,Dire Dawa Free Trade Zone,93.0,True,4.9,2024-11-06 16:12:18.942369
TEN30392,African Metal Group,metal,15563557,848,10.65,1341.9,348.3,False,Addis Ababa,126057.4187748848,323968.1275389,bole_lemi_ii,Bole Lemi II Industrial Park,81.0,True,4.7,2024-11-11 16:12:18.942369
TEN15952,Sheba Food Processing Processing,food_processing,9095744,320,4.21,366.4,68.3,False,Oromia,90674.48338000075,186897.70670499085,adama,Adama Industrial Park,96.0,True,5.0,2025-04-23 16:12:18.942369
TEN75570,Harar Beverage Share Company,beverage,2513003,385,4.38,623.9,65.6,True,any,22099.70610419396,68907.58081815962,adama,Adama Industrial Park,96.0,True,4.9,2025-02-23 16:12:18.942369
TEN70305,Harar Steel Share Company,steel,32140360,1324,16.93,1491.5,193.4,True,Dire Dawa,285195.02762312704,676831.9921806216,dire_dawa_ftz,Dire Dawa Free Trade Zone,85.0,True,4.3,2025-02-26 16:12:18.942369
TEN56019,Horn Agro Processing Industries,agro_processing,6087964,326,7.27,200.3,115.2,False,Oromia,49955.452528296046,137342.5332069054,adama,Adama Industrial Park,96.0,True,5.0,2025-10-24 16:12:18.942369
TEN83989,Gondar Pharmaceutical International,pharmaceutical,23070464,445,7.17,726.1,179.8,False,any,199150.65396868947,562864.6022295358,kilinto,Kilinto Industrial Park,96.0,True,5.0,2024-05-14 16:12:18.942369
TEN90610,Entoto Garment Processing,garment,9511700,1641,17.24,1957.1,188.8,True,Addis Ababa,84895.94897243708,242958.91029258547,bole_lemi,Bole Lemi Industrial Park,100.0,True,5.0,2024-06-03 16:12:18.942369
TEN55015,Nile Chemical Corporation,chemical,22300627,214,4.78,155.4,26.7,True,any,207223.09450838217,454741.4795638816,kilinto,Kilinto Industrial Park,100.0,True,5.0,2024-04-25 16:12:18.942369
TEN18639,Gondar Pharmaceutical Share Company,pharmaceutical,14510836,236,6.99,255.1,96.7,False,Oromia,132279.7133388732,346310.41778216587,kilinto,Kilinto Industrial Park,89.0,True,5.0,2024-05-02 16:12:18.942369
TEN61374,Horn Footwear Group,footwear,2367376,1565,18.77,1114.5,375.5,False,any,22295.161267211377,49353.13755761987,bole_lemi,Bole Lemi Industrial Park,81.0,True,4.4,2025-09-01 16:12:18.942369
TEN35166,Sheba Electronics Manufacturing,electronics,7603580,145,4.24,76.5,32.4,False,Amhara,63184.91603619324,174562.3890829905,addis_industrial_village,Addis Industrial Village (AIV),89.0,True,5.0,2024-07-19 16:12:18.942369
TEN31697,Piassa Garment PLC,garment,6649968,2911,33.55,4154.1,986.5,True,Dire Dawa,58664.13723795277,177977.27788940235,hawassa,Hawassa Industrial Park,93.0,True,4.9,2024-10-07 16:12:18.942369
TEN67749,Piassa Medical Textile Mill,medical,4512581,596,7.85,1020.9,171.4,False,Dire Dawa,43123.34349227462,112945.6918077971,kilinto,Kilinto Industrial Park,89.0,True,4.6,2024-04-30 16:12:18.942369
TEN26341,Lalibela Footwear Share Company,footwear,1875431,1224,15.63,2216.9,393.9,True,any,17865.793920301552,42624.63259783918,bole_lemi_ii,Bole Lemi II Industrial Park,85.0,True,4.3,2025-05-27 16:12:18.942369
TEN59140,Sheba Metal PLC,metal,28460257,1961,24.3,2200.9,507.1,True,Addis Ababa,245821.7629146247,597404.4518458912,bole_lemi_ii,Bole Lemi II Industrial Park,85.0,True,4.4,2025-12-01 16:12:18.942369
TEN12490,Axum Beverage Industries,beverage,8426478,989,13.52,700.4,378.0,False,Addis Ababa,81483.4203738296,214774.4290053908,adama,Adama Industrial Park,89.0,True,4.6,2025-03-20 16:12:18.942369
TEN88215,Addis Medical International,medical,2544276,358,4.29,404.4,149.5,False,Amhara,22976.724202708534,57041.093888921074,kilinto,Kilinto Industrial Park,89.0,True,5.0,2025-05-08 16:12:18.942369
TEN82633,Addis Steel Processing,steel,49585203,533,8.84,685.0,130.2,False,Dire Dawa,483290.257331338,1013290.6930938293,dire_dawa_ftz,Dire Dawa Free Trade Zone,81.0,True,4.8,2025-01-09 16:12:18.942369
TEN56176,Gondar Apparel International,apparel,5045421,1612,19.92,2325.1,658.7,False,Addis Ababa,42130.16471699672,140219.44403129784,hawassa,Hawassa Industrial Park,89.0,True,5.0,2025-08-24 16:12:18.942369
TEN77552,Merkato Apparel Corporation,apparel,1620485,2074,22.56,1173.3,372.9,True,any,14498.15444504762,33003.13410963987,hawassa,Hawassa Industrial Park,100.0,True,5.0,2025-11-22 16:12:18.942369
TEN54438,African Agro Processing Enterprise,agro_processing,2588344,379,7.89,437.9,98.5,False,any,24289.374653120783,61275.082143145315,mekelle,Mekelle Industrial Park,96.0,True,4.9,2024-11-01 16:12:18.942369
TEN50173,Piassa Apparel Group,apparel,11107489,1963,24.61,1512.9,427.0,True,Oromia,104802.7777862044,240659.82972629642,hawassa,Hawassa Industrial Park,93.0,True,5.0,2025-01-13 16:12:18.942369
TEN14081,Horn Steel Group,steel,47914058,712,12.03,1368.4,92.6,False,SNNPR,448292.443083889,1168227.5414820274,semera,Semera Industrial Park,74.0,True,4.3,2025-01-04 16:12:18.942369
TEN85225,Horn Manufacturing Corporation,manufacturing,1043335,630,9.52,956.7,302.1,True,any,9112.383449357494,24146.79334414262,dire_dawa_ftz,Dire Dawa Free Trade Zone,100.0,True,5.0,2025-07-03 16:12:18.942369
TEN47431,Meskel Automotive Industries,automotive,30970283,1210,16.71,818.7,496.1,False,Dire Dawa,255358.4953255128,883528.3756304266,dire_dawa_ftz,Dire Dawa Free Trade Zone,81.0,False,2.6,2025-10-12 16:12:18.942369
TEN57381,Entoto Agro Processing Industries,agro_processing,6328829,783,11.52,1037.5,169.2,True,SNNPR,52166.79645042348,139296.28401540103,dire_dawa_ftz,Dire Dawa Free Trade Zone,93.0,True,4.7,2024-06-21 16:12:18.942369
TEN72739,Entoto Coffee Processing Processing,coffee_processing,9755099,528,6.36,964.3,66.7,True,any,93047.34467239134,275419.55352804903,jimma,Jimma Industrial Park,96.0,False,3.3,2024-10-06 16:12:18.942369
TEN66704,Entoto Metal PLC,metal,39719442,1542,17.47,2801.7,635.5,False,SNNPR,383800.29383364145,1000176.1161875176,semera,Semera Industrial Park,74.0,True,4.6,2025-05-24 16:12:18.942369
TEN90534,Nile Coffee Processing Corporation,coffee_processing,5265539,581,10.12,508.9,205.7,False,Oromia,48874.600593905016,136472.68449343953,jimma,Jimma Industrial Park,96.0,True,5.0,2024-04-30 16:12:18.942369
TEN44688,Abyssinia Agro Processing Group,agro_processing,9955941,962,10.31,1727.4,127.5,False,any,87942.55487906208,262736.4060915118,mekelle,Mekelle Industrial Park,96.0,True,5.0,2025-03-06 16:12:18.942369
TEN54589,Horn Automotive Factory,automotive,32252408,651,8.35,396.8,80.7,False,SNNPR,313589.2003678259,748035.3857673048,kilinto,Kilinto Industrial Park,59.0,False,1.6,2024-12-26 16:12:18.942369
TEN60351,Bole Electronics Industries,electronics,2281470,625,8.19,749.8,129.4,True,Oromia,22644.437782616962,66215.35082644969,adama,Adama Industrial Park,66.0,True,3.5,2024-07-31 16:12:18.942369
TEN56254,Ethiopia Metal PLC,metal,25705801,1171,14.45,743.7,301.3,False,Dire Dawa,220111.3880886372,667713.0062135243,bole_lemi_ii,Bole Lemi II Industrial Park,74.0,True,3.7,2025-09-21 16:12:18.942369
TEN57516,Lalibela Steel Share Company,steel,22748475,424,8.01,697.8,104.5,False,SNNPR,199565.49317266376,557418.2536913904,semera,Semera Industrial Park,74.0,False,2.6,2024-04-24 16:12:18.942369
TEN36090,Entoto Leather Processing,leather,2122046,181,4.08,306.3,42.6,False,any,19098.74462992094,43402.27797889346,bole_lemi,Bole Lemi Industrial Park,96.0,True,5.0,2024-09-29 16:12:18.942369
TEN49221,Gondar Footwear Corporation,footwear,9648751,2683,27.96,5089.8,610.1,True,any,93173.92408209124,244339.1646585469,bole_lemi_ii,Bole Lemi II Industrial Park,85.0,True,5.0,2024-12-28 16:12:18.942369
TEN13492,Meskel Agro Processing Textile Mill,agro_processing,2338859,789,12.8,1085.3,330.4,False,any,23234.556002756533,65088.20046495303,mekelle,Mekelle Industrial Park,96.0,True,5.0,2024-05-22 16:12:18.942369
TEN14138,Blue Nile Automotive Industries,automotive,40180636,499,8.32,713.4,217.8,True,any,322966.9189411628,929656.3549327394,dire_dawa_ftz,Dire Dawa Free Trade Zone,85.0,True,4.7,2024-04-23 16:12:18.942369
TEN51124,African Automotive Enterprise,automotive,9179626,1937,23.05,2475.5,628.3,False,Amhara,90182.92532569246,215016.85992014734,semera,Semera Industrial Park,74.0,False,2.7,2024-03-22 16:12:18.942369
TEN49008,Lalibela Food Processing Industries,food_processing,8623194,724,8.61,629.7,234.0,True,any,80889.69732791166,214631.56421225338,dire_dawa_ftz,Dire Dawa Free Trade Zone,100.0,True,5.0,2025-04-04 16:12:18.942369
TEN48070,Ethiopia Beverage Textile Mill,beverage,9613230,174,3.95,342.8,74.4,False,any,95273.14098041123,199861.88145132974,addis_industrial_village,Addis Industrial Village (AIV),81.0,True,4.3,2024-07-07 16:12:18.942369
TEN79604,Sheba Food Processing International,food_processing,5057052,675,7.87,960.9,225.9,True,any,42811.34918087963,106208.1028918611,dire_dawa_ftz,Dire Dawa Free Trade Zone,100.0,True,5.0,2025-08-22 16:12:18.942369
TEN52096,Lalibela Textile International,textile,3649811,2454,26.87,4668.9,1107.6,False,Oromia,29630.352516105286,101053.22937389261,arerti,Arerti Industrial Park,96.0,True,5.0,2025-12-02 16:12:18.942369
TEN14910,Addis Pharmaceutical Textile Mill,pharmaceutical,7898490,263,7.33,145.8,114.3,False,Oromia,72160.00228005568,166444.93433067884,hawassa,Hawassa Industrial Park,59.0,True,3.6,2024-07-22 16:12:18.942369
TEN94972,Axum Automotive Manufacturing,automotive,14006005,1971,24.04,2369.2,349.1,True,Amhara,112442.5666285064,327336.04869253386,dire_dawa_ftz,Dire Dawa Free Trade Zone,78.0,True,4.1,2024-04-24 16:12:18.948595
TEN42512,Addis Manufacturing Textile Mill,manufacturing,7675669,896,11.78,564.6,329.5,True,Oromia,67293.7321194118,187803.3199592862,dire_dawa_ftz,Dire Dawa Free Trade Zone,93.0,True,5.0,2024-06-02 16:12:18.948595
TEN50760,Blue Nile Textile International,textile,11966987,1271,14.83,1086.0,466.6,False,Dire Dawa,117662.53683555908,274646.85125581,hawassa,Hawassa Industrial Park,89.0,True,4.6,2025-08-06 16:12:18.948595
TEN38627,Sheba Metal International,metal,45650452,1681,18.99,2610.4,781.9,False,any,434112.0191744332,1311599.1407701147,semera,Semera Industrial Park,81.0,True,4.8,2025-10-22 16:12:18.948595
TEN67912,Blue Nile Leather International,leather,9688029,113,5.69,90.8,35.6,True,any,81484.10309709684,250256.09620019255,bole_lemi,Bole Lemi Industrial Park,100.0,True,5.0,2024-10-02 16:12:18.948595
TEN61897,Axum Footwear PLC,footwear,7969667,2302,25.58,1350.4,656.0,False,any,75644.96275055358,205482.82204869247,bahir_dar,Bahir Dar Industrial Park,81.0,True,4.1,2025-11-09 16:12:18.948595
TEN65097,Harar Apparel Processing,apparel,1532422,2133,23.12,1642.4,328.8,False,any,13634.072339818438,44702.51320038767,hawassa,Hawassa Industrial Park,96.0,True,5.0,2024-07-06 16:12:18.948595
TEN10455,Addis Footwear Textile Mill,footwear,6834610,2876,29.79,5721.1,739.8,True,any,61005.78218628972,185839.46872548922,bole_lemi_ii,Bole Lemi II Industrial Park,85.0,True,4.5,2024-09-25 16:12:18.948595
TEN90599,Addis Coffee Processing Industries,coffee_processing,5124635,208,3.43,377.1,84.5,True,any,43109.266184380744,107663.28827298818,jimma,Jimma Industrial Park,96.0,True,5.0,2025-11-21 16:12:18.948595
TEN47914,Sheba Medical Group,medical,1242169,808,10.39,688.0,151.0,False,Dire Dawa,10729.616571230446,32270.527995393128,kilinto,Kilinto Industrial Park,89.0,True,4.8,2025-08-16 16:12:18.948595
TEN92050,Bole Electronics Corporation,electronics,7438388,276,4.61,163.2,132.3,False,any,66880.34343647728,221090.48019097652,hawassa,Hawassa Industrial Park,66.0,False,2.0,2024-11-09 16:12:18.948595
TEN70689,Ethiopia Steel Corporation,steel,25125176,455,6.74,742.4,131.7,False,SNNPR,221738.59708377562,607151.8545522726,semera,Semera Industrial Park,74.0,True,4.0,2025-02-05 16:12:18.948595
TEN89026,Ethiopia Apparel Share Company,apparel,7225647,2042,21.34,3240.4,359.8,True,any,60524.37908063067,199550.43434288487,hawassa,Hawassa Industrial Park,100.0,True,5.0,2025-02-03 16:12:18.949107
TEN41797,Abyssinia Beverage Processing,beverage,757256,980,11.25,769.3,388.7,False,any,7444.018004571956,19325.773567575878,adama,Adama Industrial Park,96.0,True,5.0,2025-01-07 16:12:18.949107
TEN36624,Harar Beverage Factory,beverage,6533835,317,5.98,395.0,44.2,False,Oromia,57679.782872165175,167431.1375267206,adama,Adama Industrial Park,96.0,True,5.0,2024-05-21 16:12:18.949107
TEN43728,Meskel Steel International,steel,15228156,754,8.92,637.2,247.2,True,Oromia,144350.5563784937,374738.8787769303,dire_dawa_ftz,Dire Dawa Free Trade Zone,78.0,True,4.0,2024-06-29 16:12:18.949107
TEN10836,Bole Automotive Manufacturing,automotive,41382188,526,10.22,1018.3,162.8,False,Addis Ababa,400790.1917401467,923415.9614042657,bole_lemi_ii,Bole Lemi II Industrial Park,81.0,True,4.6,2024-12-23 16:12:18.949107
TEN63914,Addis Garment PLC,garment,11699310,2730,30.8,3889.6,800.7,False,Dire Dawa,105982.122339742,266128.9705410597,hawassa,Hawassa Industrial Park,89.0,True,5.0,2024-10-26 16:12:18.949107
TEN20357,Harar Pharmaceutical Processing,pharmaceutical,5231757,104,3.9,89.6,36.2,True,Amhara,46656.78533654327,117359.1860289887,kilinto,Kilinto Industrial Park,93.0,True,5.0,2025-10-19 16:12:18.949107
TEN66873,Gondar Garment Group,garment,7799441,582,8.03,773.5,71.3,True,Amhara,77640.77122924909,231942.8763954299,hawassa,Hawassa Industrial Park,93.0,True,5.0,2024-02-01 16:12:18.949107
TEN33508,Gondar Automotive PLC,automotive,8124720,705,11.71,1076.3,149.6,False,any,80621.09591273876,210189.43975577323,semera,Semera Industrial Park,81.0,True,4.4,2025-10-23 16:12:18.949107
TEN20279,Entoto Beverage Factory,beverage,9961648,216,3.74,378.4,55.2,False,SNNPR,80762.99390783178,242774.15319761937,addis_industrial_village,Addis Industrial Village (AIV),74.0,True,4.3,2024-05-10 16:12:18.949107
TEN66603,African Manufacturing International,manufacturing,5975691,842,9.05,766.2,418.5,False,Amhara,54807.54537788958,142225.79093626986,semera,Semera Industrial Park,89.0,True,4.7,2025-10-26 16:12:18.949107
TEN10680,Lalibela Apparel Enterprise,apparel,3587398,1297,15.18,2173.6,209.7,True,Addis Ababa,31281.51862029453,81425.55598944088,hawassa,Hawassa Industrial Park,93.0,True,5.0,2024-06-20 16:12:18.949107
TEN11617,Lalibela Electronics Processing,electronics,2232967,467,5.29,481.4,64.1,False,Amhara,19595.623237412987,46550.65226217333,ict_park,ICT Park,89.0,True,4.6,2024-12-16 16:12:18.949107
TEN20082,Harar Pharmaceutical Textile Mill,pharmaceutical,11023423,121,3.07,150.0,15.2,False,Amhara,109004.50754155182,299936.25604886387,kilinto,Kilinto Industrial Park,89.0,True,4.9,2025-08-24 16:12:18.949107
TEN27842,Lalibela Beverage Factory,beverage,7138609,56,2.55,80.1,23.6,True,Dire Dawa,65721.05077885787,192406.37838443162,adama,Adama Industrial Park,89.0,True,4.8,2025-02-17 16:12:18.949107
TEN57843,Blue Nile Beverage Group,beverage,8737735,802,12.87,1341.7,184.7,True,any,73393.47975724077,261893.06645827313,adama,Adama Industrial Park,96.0,True,4.8,2024-09-24 16:12:18.949107
TEN28242,Lalibela Chemical Industries,chemical,11775453,274,6.98,165.4,120.3,False,any,100154.50660973375,253660.12412602917,kilinto,Kilinto Industrial Park,96.0,True,5.0,2024-05-07 16:12:18.949107
TEN80373,Nile Automotive Share Company,automotive,31897574,1342,16.32,2530.0,601.0,False,Oromia,304236.12929225806,847710.4512053668,semera,Semera Industrial Park,74.0,True,3.7,2024-03-20 16:12:18.949107
TEN83137,Sheba Manufacturing Enterprise,manufacturing,6063269,820,13.05,939.5,85.5,True,Dire Dawa,53042.927155531375,149342.14797458512,dire_dawa_ftz,Dire Dawa Free Trade Zone,100.0,True,5.0,2025-12-15 16:12:18.949107
TEN54966,Piassa Automotive Industries,automotive,24826120,364,6.01,707.1,53.3,False,Oromia,224483.47859681217,582991.8496031216,semera,Semera Industrial Park,74.0,True,4.2,2025-11-02 16:12:18.949107
TEN41970,Entoto Beverage Manufacturing,beverage,2430810,95,1.55,96.4,13.7,False,any,22129.658103219117,56661.929646152,adama,Adama Industrial Park,96.0,True,5.0,2024-04-05 16:12:18.949107
TEN60965,Addis Pharmaceutical Industries,pharmaceutical,23490904,145,4.91,158.5,57.3,False,Amhara,197595.3588990155,646546.1398826576,kombolcha,Kombolcha Industrial Park,66.0,True,4.1,2024-07-09 16:12:18.949107
TEN51078,Merkato Pharmaceutical Group,pharmaceutical,12938238,237,3.76,159.0,87.3,False,any,113663.55954281233,273544.37752058223,kilinto,Kilinto Industrial Park,96.0,True,5.0,2024-02-20 16:12:18.949107
TEN76954,Merkato Beverage Processing,beverage,1921902,990,13.42,960.1,193.5,True,SNNPR,17667.759942794255,49485.248872562275,adama,Adama Industrial Park,89.0,True,5.0,2024-03-20 16:12:18.949107
TEN11256,Meskel Pharmaceutical Manufacturing,pharmaceutical,7599077,334,6.04,237.3,75.4,False,Oromia,63758.20886564503,181157.75356122118,kilinto,Kilinto Industrial Park,89.0,True,4.9,2024-08-24 16:12:18.949107
TEN39470,Lalibela Steel Manufacturing,steel,34786386,1604,18.74,1000.9,180.2,False,Oromia,332609.3477470299,892497.0728388933,semera,Semera Industrial Park,74.0,True,4.2,2024-06-02 16:12:18.949107
TEN81611,Abyssinia Leather Processing,leather,9611809,324,7.44,340.3,139.0,True,any,78863.28649790138,272020.9918390003,bole_lemi,Bole Lemi Industrial Park,100.0,True,5.0,2024-10-06 16:12:18.949107
TEN87060,Harar Food Processing Group,food_processing,1959332,456,7.04,907.9,187.1,True,any,18154.271491671465,42438.770949522914,dire_dawa_ftz,Dire Dawa Free Trade Zone,100.0,True,5.0,2025-11-10 16:12:18.949107
TEN99037,Blue Nile Coffee Processing Manufacturing,coffee_processing,5215824,595,9.14,447.8,292.5,True,Dire Dawa,51769.890556033,145296.74226262906,semera,Semera Industrial Park,76.0,False,2.2,2025-08-27 16:12:18.949107
TEN92288,Bole Medical Processing,medical,5903886,199,6.22,326.8,73.7,False,Oromia,52568.10320576197,155486.38081255136,adama,Adama Industrial Park,66.0,True,4.0,2024-01-29 16:12:18.949107
TEN70089,Harar Coffee Processing Share Company,coffee_processing,8688027,515,7.12,259.4,211.0,False,any,83329.95862004101,208314.20201151553,ict_park,ICT Park,66.0,True,3.6,2025-03-25 16:12:18.949107
TEN92074,Piassa Agro Processing PLC,agro_processing,2691007,660,9.65,810.5,156.7,False,Addis Ababa,22196.702237938516,76899.604589691,mekelle,Mekelle Industrial Park,89.0,True,5.0,2025-06-16 16:12:18.949107
TEN97098,African Footwear PLC,footwear,6064462,2862,29.84,5435.2,599.9,False,Oromia,53322.892743361976,139816.73206006535,bahir_dar,Bahir Dar Industrial Park,74.0,True,4.4,2024-01-20 16:12:18.949107
TEN25806,Bole Leather Manufacturing,leather,4080613,51,3.16,35.7,9.7,False,Oromia,36543.523630628166,90954.6956366265,bole_lemi,Bole Lemi Industrial Park,89.0,True,4.6,2024-12-29 16:12:18.949107
TEN83831,Addis Beverage Group,beverage,6920993,190,5.88,309.6,29.1,False,Dire Dawa,64365.51469024739,168879.11010521412,adama,Adama Industrial Park,89.0,True,4.6,2024-11-14 16:12:18.949107
TEN51222,Horn Metal Industries,metal,19579043,1911,20.0,1243.5,766.3,False,Amhara,167477.86732986476,408075.9523321937,semera,Semera Industrial Park,74.0,True,4.3,2024-02-02 16:12:18.949107
TEN41370,Meskel Textile Processing,textile,6060836,2896,30.38,4084.5,508.1,True,any,49853.32969816204,151495.5985111681,hawassa,Hawassa Industrial Park,100.0,True,5.0,2025-01-05 16:12:18.949107
TEN19567,Addis Agro Processing Group,agro_processing,6990068,235,6.72,317.9,57.8,False,any,56864.658502862716,158128.28915961698,mekelle,Mekelle Industrial Park,96.0,True,5.0,2024-08-09 16:12:18.949107
TEN46368,Nile Beverage Textile Mill,beverage,8906206,693,10.88,786.8,180.8,False,SNNPR,72657.21261878344,260143.58502750893,addis_industrial_village,Addis Industrial Village (AIV),74.0,True,4.1,2024-03-31 16:12:18.949107
TEN25202,Piassa Apparel Group,apparel,12721836,1470,17.17,2837.3,287.3,True,any,117265.62000122323,293784.0946902853,hawassa,Hawassa Industrial Park,100.0,True,5.0,2024-01-16 16:12:18.949107
TEN26637,Axum Footwear Share Company,footwear,3748655,246,5.19,250.9,75.5,False,Oromia,35772.89203119077,76073.56457740186,bole_lemi_ii,Bole Lemi II Industrial Park,74.0,True,4.0,2024-05-29 16:12:18.949107
TEN85223,Blue Nile Apparel Industries,apparel,8636951,2232,25.12,1301.6,990.4,True,Addis Ababa,81891.76847503573,172960.86060746,kombolcha,Kombolcha Industrial Park,89.0,True,4.9,2024-12-13 16:12:18.949107
TEN51934,Axum Footwear Share Company,footwear,1593302,933,12.32,1745.6,369.7,False,Amhara,14567.674784620644,33768.45740052736,bahir_dar,Bahir Dar Industrial Park,81.0,True,4.3,2024-07-30 16:12:18.949107
TEN11044,Harar Garment Industries,garment,2156393,1842,22.87,3313.8,754.1,True,Amhara,18508.73122465007,60044.918718079025,debre_birhan,Debre Birhan Industrial Park,96.0,True,5.0,2024-08-22 16:12:18.949107
TEN93354,Addis Chemical Factory,chemical,20339484,425,8.17,368.8,43.6,False,Oromia,162775.34630016147,540481.891437931,jimma,Jimma Industrial Park,66.0,True,3.8,2025-05-11 16:12:18.949107
TEN64140,Harar Steel Enterprise,steel,9019490,1157,16.45,825.6,245.2,True,Dire Dawa,89735.89436874929,188047.56505765804,dire_dawa_ftz,Dire Dawa Free Trade Zone,85.0,True,5.0,2025-10-25 16:12:18.949107
TEN52762,Gondar Garment Enterprise,garment,12113964,1981,24.65,1694.1,404.9,True,any,103500.63928193394,251326.8890856355,hawassa,Hawassa Industrial Park,100.0,True,5.0,2025-08-03 16:12:18.949107
TEN70731,Axum Leather Share Company,leather,8042478,218,4.78,241.9,68.5,False,Oromia,65794.24000574145,225800.3633876135,bole_lemi,Bole Lemi Industrial Park,89.0,True,5.0,2025-06-03 16:12:18.949107
TEN14073,Merkato Agro Processing Enterprise,agro_processing,2030298,251,6.21,490.1,64.9,True,SNNPR,18499.88762032834,51775.053467900405,dire_dawa_ftz,Dire Dawa Free Trade Zone,93.0,True,5.0,2025-09-07 16:12:18.949107
TEN94500,Nile Textile Group,textile,14931335,452,8.53,376.7,81.0,False,any,136953.7508778364,435611.03489124216,hawassa,Hawassa Industrial Park,96.0,False,2.9,2024-03-19 16:12:18.949107
TEN16637,African Metal Group,metal,13643054,1807,18.98,3200.0,765.4,True,any,120963.58369022315,371695.57166669966,dire_dawa_ftz,Dire Dawa Free Trade Zone,85.0,True,4.7,2025-01-12 16:12:18.951117
TEN75390,Bole Chemical Corporation,chemical,11226857,145,3.21,264.6,16.5,False,Oromia,100570.87949847935,234385.51309557678,kilinto,Kilinto Industrial Park,89.0,True,5.0,2024-07-20 16:12:18.951117
TEN55093,Entoto Medical Factory,medical,9621045,695,11.03,1379.0,286.9,True,Amhara,84441.62743957719,209721.06612561515,kilinto,Kilinto Industrial Park,93.0,True,5.0,2025-03-28 16:12:18.951117
TEN44934,Ethiopia Garment Industries,garment,9882399,2132,23.43,2933.6,411.7,True,SNNPR,90437.63023706828,294758.8201375055,hawassa,Hawassa Industrial Park,100.0,True,5.0,2025-07-16 16:12:18.951117
TEN56095,Horn Pharmaceutical Group,pharmaceutical,21881655,171,3.64,274.8,41.6,False,any,216556.9849243232,620716.2160851682,bole_lemi,Bole Lemi Industrial Park,66.0,True,3.5,2025-12-02 16:12:18.951117
TEN27103,Gondar Apparel Manufacturing,apparel,4902772,430,7.51,227.9,125.2,True,any,48231.32143629545,139448.76379032095,hawassa,Hawassa Industrial Park,100.0,True,5.0,2025-08-17 16:12:18.951117
TEN54113,Lalibela Leather Factory,leather,9329762,916,13.53,1777.8,228.5,False,Addis Ababa,77184.2191898864,201289.977706123,bahir_dar,Bahir Dar Industrial Park,89.0,True,4.6,2024-06-13 16:12:18.951117
TEN61327,Ethiopia Coffee Processing Manufacturing,coffee_processing,3441912,278,4.98,445.1,60.6,True,Dire Dawa,31682.033566327016,100539.56489547985,mekelle,Mekelle Industrial Park,74.0,True,3.8,2024-08-19 16:12:18.951117
TEN97821,Gondar Footwear Enterprise,footwear,13504786,1556,16.41,1587.5,354.5,False,any,108346.07882685593,298413.13388391887,bole_lemi,Bole Lemi Industrial Park,81.0,True,4.8,2026-01-08 16:12:18.951117
TEN59197,Blue Nile Garment Enterprise,garment,8352113,1780,21.6,3477.5,807.8,False,Dire Dawa,79992.02808070953,215322.10780543994,hawassa,Hawassa Industrial Park,89.0,True,4.9,2025-12-06 16:12:18.951117
TEN81702,Nile Beverage Factory,beverage,5847182,70,2.38,46.0,16.6,False,Addis Ababa,53724.26540926324,152824.56394969282,adama,Adama Industrial Park,89.0,True,5.0,2025-07-25 16:12:18.951117
TEN80795,Axum Steel International,steel,8594065,471,5.67,380.7,82.9,False,any,73591.37518437678,192296.35401475153,semera,Semera Industrial Park,81.0,True,4.9,2025-08-05 16:12:18.951117
TEN37125,African Garment International,garment,1064014,1677,19.19,1579.4,611.8,False,Addis Ababa,9133.094970467166,22152.091518799498,hawassa,Hawassa Industrial Park,89.0,True,4.9,2024-03-04 16:12:18.951117
TEN70956,Axum Food Processing Industries,food_processing,9628919,193,4.17,203.9,48.7,True,Amhara,93151.67900184753,246909.2269105531,dire_dawa_ftz,Dire Dawa Free Trade Zone,93.0,True,4.7,2024-02-25 16:12:18.951117
TEN64870,Meskel Coffee Processing Group,coffee_processing,9584006,877,11.13,1433.6,167.5,True,Dire Dawa,93571.59994884342,237325.1255945848,jimma,Jimma Industrial Park,89.0,False,3.2,2024-08-13 16:12:18.951117
TEN35260,Horn Electronics PLC,electronics,2973761,869,9.73,1421.5,147.0,False,any,26308.119527927316,88864.30331761204,addis_industrial_village,Addis Industrial Village (AIV),96.0,False,3.3,2024-05-10 16:12:18.951117
TEN91665,Entoto Food Processing Processing,food_processing,1624274,427,5.16,569.9,137.0,False,Addis Ababa,13359.714861174793,34916.081290119066,addis_industrial_village,Addis Industrial Village (AIV),96.0,True,5.0,2025-09-29 16:12:18.951117
TEN84976,Meskel Leather PLC,leather,2194338,626,10.3,1127.6,283.0,False,Amhara,18310.432814167976,52729.37069996829,bahir_dar,Bahir Dar Industrial Park,96.0,True,5.0,2024-11-30 16:12:18.951117
TEN50756,Axum Agro Processing Enterprise,agro_processing,4485919,807,8.79,978.8,167.4,True,Oromia,43587.29544113675,120440.28720712187,dire_dawa_ftz,Dire Dawa Free Trade Zone,93.0,True,5.0,2024-10-13 16:12:18.951117
TEN77698,Harar Agro Processing PLC,agro_processing,7492286,375,6.97,237.7,103.8,False,Amhara,67659.38395817149,161756.39006369986,mekelle,Mekelle Industrial Park,89.0,True,4.6,2024-07-22 16:12:18.951117
TEN36097,Axum Textile Factory,textile,4234033,911,13.55,729.8,112.1,True,Oromia,40845.76962943869,106067.87740654325,arerti,Arerti Industrial Park,96.0,True,4.8,2024-12-24 16:12:18.951117
TEN21847,Lalibela Automotive PLC,automotive,34937494,1366,14.96,2466.6,457.3,True,Oromia,306511.2236042383,755665.6450565738,dire_dawa_ftz,Dire Dawa Free Trade Zone,78.0,False,3.0,2024-03-18 16:12:18.951117
TEN11166,Meskel Medical Manufacturing,medical,3968370,743,9.14,827.9,80.3,False,any,36884.97970888309,103222.93682083994,kilinto,Kilinto Industrial Park,96.0,True,5.0,2025-03-03 16:12:18.951117
TEN62055,Blue Nile Food Processing PLC,food_processing,6816209,533,9.66,633.5,99.8,True,Dire Dawa,61502.84080926179,181471.71196708514,addis_industrial_village,Addis Industrial Village (AIV),89.0,True,5.0,2025-03-26 16:12:18.951117
TEN34688,Horn Beverage Corporation,beverage,2313693,750,10.17,753.3,157.9,True,Oromia,22051.68946779475,67089.85617618338,addis_industrial_village,Addis Industrial Village (AIV),74.0,True,4.4,2025-12-14 16:12:18.951117
TEN34892,Gondar Automotive Industries,automotive,22409802,755,12.13,835.7,298.0,False,any,210038.9219500304,591240.8516306652,semera,Semera Industrial Park,81.0,False,2.6,2025-03-08 16:12:18.951117
TEN33995,Gondar Pharmaceutical International,pharmaceutical,24065887,480,9.24,370.4,66.7,True,Dire Dawa,196825.25485167987,566819.8406399613,kilinto,Kilinto Industrial Park,93.0,True,5.0,2025-02-04 16:12:18.951117
TEN19334,Meskel Coffee Processing Industries,coffee_processing,5433359,316,5.75,213.8,38.4,False,Dire Dawa,48905.41849399262,155801.4473296942,jimma,Jimma Industrial Park,89.0,True,4.5,2025-08-08 16:12:18.951117
TEN20592,Meskel Footwear Factory,footwear,6749046,1020,12.54,1381.2,471.9,False,SNNPR,62510.10641501692,146914.8710895306,bole_lemi,Bole Lemi Industrial Park,74.0,True,4.0,2025-07-21 16:12:18.951117
TEN14944,Abyssinia Pharmaceutical Factory,pharmaceutical,4954177,300,4.08,345.2,81.5,False,Addis Ababa,49047.03216648388,143275.11552077383,kilinto,Kilinto Industrial Park,96.0,True,4.8,2026-01-05 16:12:18.951117
TEN49085,Lalibela Medical Enterprise,medical,6277230,281,4.71,183.8,84.7,True,Addis Ababa,59355.376618982555,162980.1114423079,kilinto,Kilinto Industrial Park,100.0,True,5.0,2025-01-24 16:12:18.951117
TEN37681,Addis Automotive Group,automotive,17645057,885,10.09,1646.4,376.0,True,SNNPR,158969.03166953567,374633.1418822867,dire_dawa_ftz,Dire Dawa Free Trade Zone,78.0,False,2.5,2024-03-25 16:12:18.951117
TEN16322,Blue Nile Food Processing Processing,food_processing,9471338,889,12.19,1236.5,106.0,True,any,84187.20561767252,201132.86616762346,dire_dawa_ftz,Dire Dawa Free Trade Zone,100.0,True,5.0,2024-02-07 16:12:18.951117
TEN77054,Blue Nile Textile Textile Mill,textile,8061051,1433,17.81,2140.5,298.1,False,Addis Ababa,66326.53000365582,169786.99172106973,bole_lemi,Bole Lemi Industrial Park,96.0,True,5.0,2024-07-23 16:12:18.951117
TEN53332,Sheba Chemical PLC,chemical,15749137,233,4.16,130.3,69.6,True,any,126394.68013449461,328999.9191310179,kilinto,Kilinto Industrial Park,100.0,True,5.0,2025-10-09 16:12:18.951117
TEN23082,African Electronics PLC,electronics,2199372,126,5.83,184.8,35.6,False,Addis Ababa,21343.799792892238,51909.900461095276,addis_industrial_village,Addis Industrial Village (AIV),96.0,True,4.9,2025-11-24 16:12:18.951117
TEN58840,Gondar Textile Manufacturing,textile,12129250,766,11.07,760.6,350.7,False,Addis Ababa,99795.39356966512,291132.35053448734,bole_lemi,Bole Lemi Industrial Park,96.0,True,5.0,2024-09-07 16:12:18.951117
TEN87430,Meskel Steel Group,steel,16192331,1478,15.79,2282.4,182.5,False,Amhara,151508.18042055046,353196.9299346553,semera,Semera Industrial Park,74.0,True,3.7,2024-02-09 16:12:18.951117
TEN85582,Sheba Footwear International,footwear,9189341,2178,22.79,2432.7,257.9,True,Dire Dawa,89561.95589767989,231488.65963471745,bole_lemi_ii,Bole Lemi II Industrial Park,78.0,True,4.3,2025-04-30 16:12:18.951117
TEN17152,Addis Automotive International,automotive,49540867,858,12.12,924.3,373.8,False,any,488906.07653527294,1241279.8983825452,semera,Semera Industrial Park,81.0,True,4.2,2024-08-24 16:12:18.951117
TEN20332,Piassa Agro Processing Enterprise,agro_processing,6051494,346,8.33,199.1,65.4,False,SNNPR,58109.60775022107,148146.53902562495,jimma,Jimma Industrial Park,89.0,True,5.0,2024-03-11 16:12:18.951117
TEN91142,Lalibela Textile Corporation,textile,7768594,620,8.56,828.1,62.0,True,any,70885.81889114785,206224.78430315596,hawassa,Hawassa Industrial Park,100.0,True,5.0,2025-05-26 16:12:18.951117
TEN96364,Sheba Metal PLC,metal,42591086,829,12.24,1160.5,320.5,True,Addis Ababa,369806.22844730795,1205278.2794306893,kilinto,Kilinto Industrial Park,70.0,True,3.9,2025-09-23 16:12:18.951117
TEN34581,Blue Nile Garment Processing,garment,9261472,872,9.85,1373.6,338.9,True,any,78085.12831641374,261595.29114431972,hawassa,Hawassa Industrial Park,100.0,True,5.0,2025-11-23 16:12:18.951117
TEN82512,Bole Leather Group,leather,8058212,840,10.96,1162.5,253.4,False,Addis Ababa,72248.83228749753,202126.7826729584,bole_lemi_ii,Bole Lemi II Industrial Park,96.0,True,5.0,2025-08-31 16:12:18.951117
TEN45860,Merkato Leather Factory,leather,5899642,446,7.23,480.3,219.3,False,any,58648.24259694145,144709.11547117284,bole_lemi,Bole Lemi Industrial Park,96.0,True,5.0,2024-08-03 16:12:18.951117
TEN48086,Harar Beverage International,beverage,9690659,913,13.5,1431.4,432.9,False,Dire Dawa,80096.62496143459,262655.2769052113,addis_industrial_village,Addis Industrial Village (AIV),74.0,True,4.4,2025-02-13 16:12:18.951117
TEN79979,Lalibela Leather Processing,leather,6409569,829,11.32,1139.2,395.5,False,any,61638.322512248466,161696.1191497693,bole_lemi,Bole Lemi Industrial Park,96.0,True,5.0,2025-06-19 16:12:18.951117
TEN36738,Ethiopia Food Processing Factory,food_processing,3200047,868,13.61,1323.8,137.6,True,any,30810.220310813052,67280.34836841824,adama,Adama Industrial Park,96.0,True,5.0,2025-05-11 16:12:18.951117
TEN99803,Gondar Electronics Corporation,electronics,5325775,853,12.15,486.6,215.5,False,any,43179.276741475616,146121.68914482454,addis_industrial_village,Addis Industrial Village (AIV),96.0,True,5.0,2024-10-13 16:12:18.951117
TEN48558,Piassa Medical Manufacturing,medical,6669672,983,13.73,1297.5,335.6,False,any,66475.9981909486,138360.27764440718,addis_industrial_village,Addis Industrial Village (AIV),66.0,True,3.7,2024-10-28 16:12:18.951117
TEN30290,Ethiopia Food Processing Manufacturing,food_processing,4933204,669,7.78,920.5,135.1,True,any,48627.857080959315,128109.40441414654,dire_dawa_ftz,Dire Dawa Free Trade Zone,100.0,True,5.0,2025-03-07 16:12:18.951117
TEN78236,Nile Automotive Corporation,automotive,43431702,1767,20.65,1076.7,676.9,False,any,361297.07947722106,1104502.9945764889,semera,Semera Industrial Park,81.0,True,4.9,2024-03-01 16:12:18.951117
TEN25036,Harar Agro Processing Enterprise,agro_processing,6553183,439,6.21,845.3,152.5,False,Addis Ababa,55575.55123585704,173152.41858073248,adama,Adama Industrial Park,89.0,False,3.1,2025-02-15 16:12:18.951117
TEN59146,Entoto Manufacturing Corporation,manufacturing,2402100,987,12.11,1293.3,210.4,False,any,21357.344447314048,49095.36074673116,dire_dawa_ftz,Dire Dawa Free Trade Zone,96.0,True,4.9,2025-10-03 16:12:18.951117
TEN23621,Abyssinia Pharmaceutical Corporation,pharmaceutical,20051439,445,7.35,641.0,82.0,False,Amhara,193646.71884520847,577208.1885474672,kilinto,Kilinto Industrial Park,89.0,True,5.0,2025-10-28 16:12:18.951117
TEN85361,Sheba Footwear Textile Mill,footwear,8704520,297,6.7,165.4,38.4,True,Addis Ababa,76732.6553461444,213358.72362573285,bole_lemi,Bole Lemi Industrial Park,85.0,True,4.6,2025-09-10 16:12:18.951117
TEN23911,Lalibela Horticulture International,horticulture,1560950,56,4.46,77.2,21.3,True,any,13428.386781064703,32569.303254033228,hawassa,Hawassa Industrial Park,70.0,True,3.9,2024-03-04 16:12:18.951117
TEN49066,Harar Textile PLC,textile,3622672,2141,24.31,1508.5,548.9,False,SNNPR,32991.849152672796,92561.796255781,hawassa,Hawassa Industrial Park,96.0,True,5.0,2024-07-08 16:12:18.951117
TEN77181,Horn Horticulture Manufacturing,horticulture,5611869,137,2.82,220.9,53.5,True,any,46960.03811444977,146856.1537729882,hawassa,Hawassa Industrial Park,70.0,True,4.2,2024-06-08 16:12:18.951117
TEN73857,Gondar Garment Factory,garment,8738745,2448,27.88,1492.6,902.5,True,Dire Dawa,72150.83894247927,232055.0123270059,hawassa,Hawassa Industrial Park,93.0,True,5.0,2025-02-18 16:12:18.951117
TEN66139,African Automotive PLC,automotive,27034932,1072,13.99,1027.5,357.7,False,Oromia,233214.9365970931,753101.3170477676,semera,Semera Industrial Park,74.0,True,4.0,2025-01-06 16:12:18.951117
TEN33038,Nile Footwear Textile Mill,footwear,13297242,2983,31.82,3639.1,829.7,False,Addis Ababa,129214.98256834025,284561.2006932314,bole_lemi_ii,Bole Lemi II Industrial Park,81.0,True,4.9,2025-10-23 16:12:18.951117
TEN82298,Axum Apparel Corporation,apparel,9509040,276,6.1,474.4,91.5,False,Addis Ababa,93074.21602207163,241498.91290850457,hawassa,Hawassa Industrial Park,89.0,True,4.8,2024-05-16 16:12:18.951117
TEN99674,African Beverage Corporation,beverage,8296391,187,4.63,118.9,45.9,True,Dire Dawa,68700.26830244804,179137.53434983754,adama,Adama Industrial Park,89.0,True,5.0,2025-08-13 16:12:18.951117
TEN77880,Harar Automotive Processing,automotive,7712528,884,10.32,1088.6,110.6,True,SNNPR,68944.9752842393,189315.0633655967,dire_dawa_ftz,Dire Dawa Free Trade Zone,78.0,False,2.4,2024-01-20 16:12:18.954144
TEN57880,Nile Electronics Corporation,electronics,5088489,698,11.24,624.7,221.8,True,any,43268.30136197801,151264.195009268,addis_industrial_village,Addis Industrial Village (AIV),96.0,True,5.0,2025-01-21 16:12:18.954144
TEN94341,Axum Automotive Industries,automotive,37353860,1773,22.22,904.0,802.8,False,Dire Dawa,310054.99831760424,805856.2452237416,dire_dawa_ftz,Dire Dawa Free Trade Zone,81.0,False,2.9,2024-11-11 16:12:18.954144
TEN12942,Sheba Agro Processing PLC,agro_processing,2401507,837,11.04,1019.7,154.2,True,any,19826.28999749212,62255.41052814898,dire_dawa_ftz,Dire Dawa Free Trade Zone,100.0,True,5.0,2025-08-12 16:12:18.954144
TEN96736,Lalibela Garment Share Company,garment,5332877,881,13.46,1123.2,231.0,False,any,44973.14811325405,139002.82010953443,hawassa,Hawassa Industrial Park,96.0,True,5.0,2024-11-15 16:12:18.954144
TEN69437,Nile Footwear Industries,footwear,14764920,2586,29.81,3710.4,787.0,True,any,129287.88071431093,314819.5729816816,bole_lemi_ii,Bole Lemi II Industrial Park,85.0,True,5.0,2024-02-09 16:12:18.954144
TEN79655,Entoto Steel Share Company,steel,15036881,1842,21.64,1411.2,848.5,False,any,123097.62085229481,399889.7022634218,dire_dawa_ftz,Dire Dawa Free Trade Zone,81.0,False,3.0,2024-03-16 16:12:18.954144
TEN59969,Harar Steel Group,steel,33231626,1219,14.36,688.9,380.2,True,any,319330.7388725344,966328.786478659,bole_lemi_ii,Bole Lemi II Industrial Park,85.0,True,4.5,2025-05-16 16:12:18.954144
TEN85757,Entoto Apparel Share Company,apparel,11037679,1360,18.05,1513.6,238.8,False,any,99775.36081466258,262148.1744966713,hawassa,Hawassa Industrial Park,96.0,True,5.0,2025-09-22 16:12:18.954144
TEN99208,Merkato Footwear Industries,footwear,11931630,1945,22.58,1734.9,611.6,False,any,105314.01098073709,332151.33389494655,bahir_dar,Bahir Dar Industrial Park,81.0,True,4.6,2025-04-25 16:12:18.954144
TEN68536,African Beverage Share Company,beverage,6277340,641,10.39,703.3,99.5,False,SNNPR,52911.1733404053,150691.37000342447,adama,Adama Industrial Park,89.0,True,5.0,2024-01-17 16:12:18.954144
TEN67065,Nile Garment Share Company,garment,7528076,858,13.42,435.8,117.1,True,any,64185.76111133658,178478.2701231874,hawassa,Hawassa Industrial Park,100.0,True,5.0,2024-11-25 16:12:18.954144
TEN47487,Abyssinia Electronics PLC,electronics,1464069,343,8.19,593.5,122.1,False,Dire Dawa,14008.093442399117,36756.15280785551,addis_industrial_village,Addis Industrial Village (AIV),89.0,True,5.0,2025-01-06 16:12:18.954144
TEN63143,Abyssinia Medical Corporation,medical,504819,720,12.09,453.8,151.5,True,any,4054.066625041709,13648.397162712161,bole_lemi,Bole Lemi Industrial Park,70.0,False,2.4,2024-05-23 16:12:18.954144
TEN63363,Entoto Coffee Processing Share Company,coffee_processing,5139031,405,5.57,787.6,114.2,False,SNNPR,46853.88910197855,128638.6394362291,jimma,Jimma Industrial Park,89.0,True,5.0,2025-04-21 16:12:18.954144
TEN70142,Piassa Horticulture Group,horticulture,4696677,882,12.44,1719.1,286.9,False,any,45670.70581846749,116570.12174860884,hawassa,Hawassa Industrial Park,66.0,True,4.1,2025-05-29 16:12:18.954144
TEN22190,Merkato Medical International,medical,5797082,869,11.05,894.8,273.1,False,Oromia,55058.22840285574,135767.24757125313,kilinto,Kilinto Industrial Park,89.0,True,4.8,2025-05-31 16:12:18.954144
TEN42728,Harar Food Processing Manufacturing,food_processing,3690481,287,5.62,229.5,113.1,False,SNNPR,35273.16332502961,78233.71299451073,adama,Adama Industrial Park,89.0,False,3.0,2026-01-03 16:12:18.954144
TEN74330,African Horticulture Corporation,horticulture,8591518,93,3.1,90.5,42.7,False,Oromia,73547.97547575514,190911.50143500313,adama,Adama Industrial Park,66.0,True,4.1,2024-09-07 16:12:18.954144
TEN70302,Gondar Horticulture PLC,horticulture,8930135,83,2.89,148.6,34.1,False,Dire Dawa,71652.18800937686,197423.17255886,dire_dawa_ftz,Dire Dawa Free Trade Zone,66.0,True,3.9,2025-04-19 16:12:18.954144
TEN64931,Harar Pharmaceutical Factory,pharmaceutical,10819750,330,4.87,398.3,113.9,True,SNNPR,105045.18936484771,246650.21627566035,kilinto,Kilinto Industrial Park,93.0,True,5.0,2025-05-20 16:12:18.954144
TEN29601,Meskel Leather PLC,leather,5028994,788,12.0,1050.4,348.7,True,any,42008.26586935507,125704.6246992954,ict_park,ICT Park,66.0,True,3.8,2025-02-20 16:12:18.954144
TEN72460,Blue Nile Automotive Enterprise,automotive,21842582,764,10.67,1032.7,198.2,False,Oromia,207268.3329491849,493591.92348608054,semera,Semera Industrial Park,74.0,True,4.5,2025-01-22 16:12:18.954144
TEN80574,African Textile Textile Mill,textile,3034027,1886,20.94,2865.5,645.4,False,any,26427.036820844005,81105.39253213744,hawassa,Hawassa Industrial Park,96.0,True,5.0,2024-12-15 16:12:18.954144
TEN63054,Nile Beverage Share Company,beverage,2930151,524,9.65,765.5,247.0,False,any,24390.573929075,65290.15023315317,adama,Adama Industrial Park,96.0,True,5.0,2024-03-20 16:12:18.954144
TEN34102,Addis Manufacturing Manufacturing,manufacturing,7964156,327,7.28,624.0,130.5,False,SNNPR,75305.43411392925,212007.62846265463,dire_dawa_ftz,Dire Dawa Free Trade Zone,89.0,True,4.8,2025-10-04 16:12:18.954144
TEN30352,Nile Apparel International,apparel,10201191,2138,22.12,3541.4,661.9,False,Dire Dawa,100616.1744828482,243792.77628600574,hawassa,Hawassa Industrial Park,89.0,True,4.9,2025-09-02 16:12:18.954144
TEN45705,Piassa Footwear Manufacturing,footwear,3862327,2357,24.2,3524.5,1046.9,True,Dire Dawa,38387.99453206034,104191.01673295767,bole_lemi_ii,Bole Lemi II Industrial Park,78.0,True,4.5,2024-03-29 16:12:18.954144
TEN67915,Lalibela Steel Factory,steel,47935345,1222,15.6,1178.6,291.9,False,any,423001.0232629417,1033350.6395781653,semera,Semera Industrial Park,81.0,True,4.8,2025-08-23 16:12:18.954144
TEN48393,Sheba Coffee Processing PLC,coffee_processing,8371835,343,6.34,525.4,101.8,False,Amhara,76153.76409538732,183223.55124697275,adama,Adama Industrial Park,74.0,True,3.9,2024-03-19 16:12:18.954144
TEN90375,Axum Manufacturing Textile Mill,manufacturing,6847794,898,10.47,555.7,314.4,False,any,63663.352468653895,173382.32753235986,semera,Semera Industrial Park,96.0,True,4.9,2025-08-23 16:12:18.954144
TEN80119,Addis Beverage Manufacturing,beverage,8139388,163,4.91,148.0,56.9,True,Addis Ababa,80943.48867415226,185750.15681770054,adama,Adama Industrial Park,89.0,True,4.5,2025-10-09 16:12:18.954144
TEN53286,Nile Footwear Manufacturing,footwear,9280890,260,4.08,293.9,107.7,False,Addis Ababa,75287.29142035218,257605.29342502757,bole_lemi,Bole Lemi Industrial Park,81.0,True,4.2,2025-04-28 16:12:18.954144
TEN36106,Piassa Manufacturing Share Company,manufacturing,711652,898,10.03,1483.7,179.2,False,Addis Ababa,6434.955394134014,21222.28709884508,bole_lemi_ii,Bole Lemi II Industrial Park,96.0,True,5.0,2025-02-13 16:12:18.954144
TEN16827,Abyssinia Pharmaceutical Share Company,pharmaceutical,3415524,372,7.57,492.7,55.4,False,Oromia,28936.085964258844,83139.37537408527,kilinto,Kilinto Industrial Park,89.0,True,5.0,2024-11-30 16:12:18.954144
TEN42600,African Medical Enterprise,medical,1204531,59,3.7,90.6,22.1,True,any,9856.440006397092,31542.38909979111,hawassa,Hawassa Industrial Park,70.0,True,4.1,2024-01-22 16:12:18.954144
TEN67503,Abyssinia Horticulture PLC,horticulture,2301733,860,9.67,730.2,423.7,False,any,21586.80284973826,54278.71947948728,hawassa,Hawassa Industrial Park,66.0,False,2.2,2024-10-18 16:12:18.954144
TEN46087,African Horticulture Share Company,horticulture,9605566,351,7.15,275.4,61.3,True,any,87048.27928426406,235277.21590494478,kilinto,Kilinto Industrial Park,70.0,True,4.3,2024-08-09 16:12:18.954144
TEN96283,Merkato Manufacturing Industries,manufacturing,3612748,801,12.48,1145.1,196.7,False,Addis Ababa,32688.648018260854,90230.15731136563,bole_lemi_ii,Bole Lemi II Industrial Park,96.0,True,5.0,2024-03-24 16:12:18.954144
TEN36486,Blue Nile Agro Processing Enterprise,agro_processing,2114912,213,4.98,127.8,92.5,True,any,17729.80066364704,42971.14472129288,dire_dawa_ftz,Dire Dawa Free Trade Zone,100.0,True,5.0,2024-04-11 16:12:18.954144
TEN20480,Piassa Food Processing International,food_processing,6646400,150,2.99,236.5,15.8,False,any,53978.07546284883,170016.23393373552,addis_industrial_village,Addis Industrial Village (AIV),96.0,True,5.0,2025-11-11 16:12:18.954144
TEN40279,Merkato Food Processing Industries,food_processing,1182046,641,10.21,1122.8,84.1,True,Addis Ababa,9912.920141762097,31405.502555428695,addis_industrial_village,Addis Industrial Village (AIV),96.0,True,5.0,2024-06-17 16:12:18.954144
TEN31864,African Steel Corporation,steel,12080936,1678,20.73,2290.2,620.5,False,Addis Ababa,106349.86102956487,282393.433884306,bole_lemi_ii,Bole Lemi II Industrial Park,81.0,False,2.6,2025-01-14 16:12:18.954144
TEN83812,Abyssinia Agro Processing Processing,agro_processing,5946792,663,10.93,741.6,234.2,False,SNNPR,56681.351029710815,174011.87110098635,mekelle,Mekelle Industrial Park,89.0,False,2.9,2024-11-29 16:12:18.954144
TEN38157,Gondar Textile PLC,textile,5772818,341,6.59,435.3,169.6,True,SNNPR,55090.26855478644,169914.11773431653,bole_lemi,Bole Lemi Industrial Park,93.0,True,5.0,2025-08-03 16:12:18.954144
TEN38499,Nile Footwear Factory,footwear,7158628,1285,17.35,1124.1,260.2,True,Dire Dawa,68621.2363334713,155550.00612313813,bole_lemi_ii,Bole Lemi II Industrial Park,78.0,True,4.2,2024-05-29 16:12:18.954144
TEN25799,Sheba Manufacturing International,manufacturing,1438227,130,5.95,130.2,58.7,False,any,13949.30087227901,42120.68056664938,semera,Semera Industrial Park,96.0,True,4.9,2024-07-22 16:12:18.954144
TEN61495,Piassa Garment Group,garment,10058517,1507,18.11,1492.3,571.3,True,any,92040.55745356703,210231.3490958137,hawassa,Hawassa Industrial Park,100.0,True,5.0,2025-01-30 16:12:18.954144
TEN27677,Meskel Apparel Corporation,apparel,10587182,2149,25.34,2841.5,440.6,True,SNNPR,88892.27807742493,253596.7612152865,hawassa,Hawassa Industrial Park,100.0,True,5.0,2024-07-22 16:12:18.954144
TEN65514,Harar Medical Factory,medical,1701986,298,4.68,341.2,111.4,False,Amhara,14264.309746589128,39903.48572637786,kilinto,Kilinto Industrial Park,89.0,True,4.6,2025-01-16 16:12:18.954144
TEN24728,Ethiopia Metal Industries,metal,14785712,1426,16.74,2689.9,275.8,False,Addis Ababa,146347.23014917556,432737.82373731065,dire_dawa_ftz,Dire Dawa Free Trade Zone,74.0,True,4.4,2025-09-18 16:12:18.954144
TEN81932,Meskel Beverage Group,beverage,8405261,510,5.7,414.9,160.8,True,Oromia,79512.48445891014,179985.8396454259,adama,Adama Industrial Park,96.0,True,5.0,2024-03-01 16:12:18.954144
TEN18729,Merkato Electronics International,electronics,4785846,94,2.21,87.0,39.1,False,Addis Ababa,40883.66738496023,136496.29752834747,addis_industrial_village,Addis Industrial Village (AIV),96.0,True,4.8,2024-03-16 16:12:18.954144
TEN34434,Abyssinia Manufacturing Corporation,manufacturing,6887106,286,5.65,447.5,132.0,False,Addis Ababa,68413.63732366588,176357.2653059027,bole_lemi_ii,Bole Lemi II Industrial Park,96.0,True,5.0,2025-03-03 16:12:18.954144
TEN46159,Ethiopia Agro Processing International,agro_processing,7100153,601,9.86,317.1,224.6,True,Dire Dawa,60460.34982821931,169492.76423570715,dire_dawa_ftz,Dire Dawa Free Trade Zone,100.0,True,5.0,2025-05-24 16:12:18.954144
TEN91988,Sheba Footwear Processing,footwear,7590872,1599,19.45,1010.1,404.4,False,any,64376.0722572788,163412.43277404018,addis_industrial_village,Addis Industrial Village (AIV),51.0,False,1.6,2025-08-28 16:12:18.954144
TEN78656,Horn Chemical Processing,chemical,6649856,384,6.95,586.0,69.5,True,any,66441.18238557524,197884.87933431278,kilinto,Kilinto Industrial Park,100.0,True,5.0,2025-02-18 16:12:18.954144
TEN51771,Bole Apparel Processing,apparel,9941610,2482,29.59,1681.8,563.5,False,any,85564.41710782392,272957.8114775235,mekelle,Mekelle Industrial Park,81.0,True,4.2,2025-08-28 16:12:18.954144
TEN57089,Nile Pharmaceutical Enterprise,pharmaceutical,22534694,63,3.91,88.7,21.7,False,Addis Ababa,186320.75424178314,641368.5422909746,kilinto,Kilinto Industrial Park,96.0,True,5.0,2024-12-09 16:12:18.954144
TEN64138,Sheba Automotive International,automotive,14228322,1120,12.44,940.1,295.0,False,any,141948.66711608673,392385.3332267814,semera,Semera Industrial Park,81.0,False,3.2,2024-04-18 16:12:18.954144
TEN59856,Gondar Automotive Processing,automotive,26803376,1558,19.98,2853.3,422.3,False,any,247207.79816322858,735073.9707765041,semera,Semera Industrial Park,81.0,True,4.9,2025-12-01 16:12:18.954144
TEN83098,Merkato Electronics Corporation,electronics,8076751,161,4.17,292.5,72.6,True,Addis Ababa,76974.01952917533,239281.20415071442,addis_industrial_village,Addis Industrial Village (AIV),96.0,True,5.0,2025-03-23 16:12:18.954144
TEN21854,Entoto Metal Share Company,metal,33350957,490,6.72,920.5,184.2,False,Amhara,278798.7519214364,862271.5575948707,dire_dawa_ftz,Dire Dawa Free Trade Zone,74.0,True,4.0,2025-12-15 16:12:18.954144
TEN26193,Nile Pharmaceutical Share Company,pharmaceutical,21807700,282,7.35,519.9,127.8,True,SNNPR,205263.96044092692,574430.610751395,kilinto,Kilinto Industrial Park,93.0,True,5.0,2024-08-04 16:12:18.954144
TEN29672,African Pharmaceutical Manufacturing,pharmaceutical,20466543,243,4.64,401.5,113.0,False,any,171053.91266091267,555062.3652873028,kilinto,Kilinto Industrial Park,96.0,True,5.0,2024-10-10 16:12:18.954144
TEN75225,Meskel Beverage Corporation,beverage,3531576,691,7.94,481.9,125.2,False,Amhara,33955.78231664915,92102.93459194039,adama,Adama Industrial Park,89.0,True,5.0,2024-10-02 16:12:18.954144
TEN37215,Ethiopia Steel Manufacturing,steel,10328773,1054,13.75,537.4,477.3,True,any,85692.79261395568,274050.94581236754,dire_dawa_ftz,Dire Dawa Free Trade Zone,85.0,False,3.0,2024-05-02 16:12:18.954144
TEN87983,African Beverage Enterprise,beverage,1971406,389,4.61,437.8,66.6,False,any,18725.73427705079,46528.90060998998,adama,Adama Industrial Park,96.0,True,5.0,2024-12-17 16:12:18.954144
TEN78766,Abyssinia Apparel Industries,apparel,10235372,1950,20.29,2352.1,290.2,False,Amhara,94412.17152667107,215894.9302988701,kombolcha,Kombolcha Industrial Park,96.0,True,5.0,2024-09-01 16:12:18.954144
TEN75063,Entoto Beverage International,beverage,5809796,487,6.54,663.6,170.1,False,any,52261.91666970221,163137.93063263953,dire_dawa_ftz,Dire Dawa Free Trade Zone,81.0,True,5.0,2026-01-08 16:12:18.954144
TEN64269,Ethiopia Leather Factory,leather,8299486,74,4.05,50.1,32.5,False,any,72199.71929753,232887.18891944448,bole_lemi,Bole Lemi Industrial Park,96.0,True,5.0,2025-04-24 16:12:18.954144
TEN90739,Addis Apparel Manufacturing,apparel,6037929,1460,17.38,1439.4,149.6,False,Dire Dawa,50646.33659263616,171104.35960839211,bole_lemi,Bole Lemi Industrial Park,74.0,False,2.8,2024-03-19 16:12:18.954144
TEN64257,Ethiopia Footwear Corporation,footwear,3606949,2172,25.04,3992.3,683.7,True,any,31015.02725519419,98288.06731565871,bole_lemi_ii,Bole Lemi II Industrial Park,85.0,True,4.5,2024-02-08 16:12:18.954144
TEN31753,Merkato Agro Processing Manufacturing,agro_processing,6432348,918,9.98,664.6,400.5,True,Dire Dawa,59115.74643101337,184260.63495914612,dire_dawa_ftz,Dire Dawa Free Trade Zone,100.0,True,5.0,2025-12-08 16:12:18.954144
TEN32939,Blue Nile Food Processing Factory,food_processing,1956225,523,7.97,447.9,146.8,False,Oromia,18720.854087217198,54339.83008535392,addis_industrial_village,Addis Industrial Village (AIV),89.0,True,5.0,2024-08-15 16:12:18.954144
TEN77652,Horn Footwear Industries,footwear,6706197,979,14.45,1565.1,303.0,False,Addis Ababa,63367.80280060948,164930.09057154678,bole_lemi,Bole Lemi Industrial Park,81.0,True,4.1,2025-11-25 16:12:18.954144
TEN93735,Abyssinia Apparel Factory,apparel,8832877,1565,20.15,1024.5,636.1,False,Oromia,74205.98034281495,201969.68394358587,hawassa,Hawassa Industrial Park,89.0,True,5.0,2025-04-05 16:12:18.954144
TEN51744,Axum Footwear Manufacturing,footwear,5590865,845,9.47,1637.1,273.7,True,Dire Dawa,55274.397884162536,156768.0132943065,bole_lemi,Bole Lemi Industrial Park,78.0,True,4.2,2025-01-28 16:12:18.954144
TEN61369,African Horticulture Group,horticulture,1351044,504,6.13,607.9,186.6,True,Amhara,13216.657899455246,35525.30598716977,kombolcha,Kombolcha Industrial Park,66.0,True,3.7,2025-02-03 16:12:18.954144
TEN71377,Blue Nile Chemical Enterprise,chemical,24510670,415,8.29,256.4,194.7,False,Addis Ababa,211301.17629933765,648164.7189067348,kilinto,Kilinto Industrial Park,96.0,True,5.0,2025-08-15 16:12:18.954144
TEN13966,Nile Food Processing Enterprise,food_processing,7077959,472,6.05,885.4,109.6,False,Amhara,58221.69192640316,175437.9783869951,addis_industrial_village,Addis Industrial Village (AIV),89.0,True,5.0,2025-09-01 16:12:18.954144
TEN79828,Piassa Electronics Processing,electronics,7306281,155,5.73,262.7,35.7,False,any,67079.49128081961,163556.60121468417,addis_industrial_village,Addis Industrial Village (AIV),96.0,True,5.0,2025-11-03 16:12:18.954144
TEN85260,Meskel Agro Processing Share Company,agro_processing,7733471,313,7.16,360.9,129.9,False,Addis Ababa,71026.72086485289,190468.30952406346,mekelle,Mekelle Industrial Park,89.0,True,4.6,2024-11-20 16:12:18.954144
TEN18058,Nile Apparel Industries,apparel,2824432,2650,30.08,3695.7,1134.1,True,any,27210.76763289703,81548.73876269127,kombolcha,Kombolcha Industrial Park,96.0,True,5.0,2024-10-03 16:12:18.954144
TEN66980,Harar Horticulture Share Company,horticulture,7042823,348,6.75,407.4,63.4,False,Oromia,64550.66992430763,183922.67161856277,adama,Adama Industrial Park,66.0,False,2.6,2025-11-07 16:12:18.954144
TEN14087,Sheba Coffee Processing Processing,coffee_processing,9708764,972,14.58,487.2,314.9,False,Oromia,91305.52506119056,232453.8610717739,jimma,Jimma Industrial Park,96.0,True,5.0,2024-06-30 16:12:18.954144
TEN30220,Lalibela Chemical International,chemical,7818677,389,6.53,304.3,98.7,False,any,64512.672557584796,157280.7217368026,kilinto,Kilinto Industrial Park,96.0,True,5.0,2024-03-07 16:12:18.954144
TEN65797,African Steel Enterprise,steel,10681667,428,5.4,731.4,190.1,False,any,96336.136961552,272601.4859186993,semera,Semera Industrial Park,81.0,True,4.2,2024-04-30 16:12:18.954144
TEN14385,Ethiopia Textile Group,textile,9357686,2567,29.98,2195.1,771.9,False,Oromia,83906.03086794319,221644.1479338873,arerti,Arerti Industrial Park,96.0,False,2.8,2024-07-19 16:12:18.954144
TEN97650,Nile Food Processing International,food_processing,9172974,576,6.61,1056.9,78.0,False,any,85009.39293410274,256668.82410845376,adama,Adama Industrial Park,96.0,True,5.0,2025-12-29 16:12:18.954144
TEN48616,Lalibela Automotive Manufacturing,automotive,39404238,1079,15.37,1468.5,251.0,True,any,318017.91115099017,1151732.4903265464,dire_dawa_ftz,Dire Dawa Free Trade Zone,85.0,True,4.8,2025-11-08 16:12:18.954144
TEN20814,Horn Automotive Corporation,automotive,16346715,1334,16.42,1980.3,289.1,False,Amhara,133286.61090362768,455053.7748103909,semera,Semera Industrial Park,74.0,True,4.0,2025-04-21 16:12:18.954144
TEN44242,Sheba Textile Enterprise,textile,11130444,656,7.85,910.3,105.3,False,any,93068.52514720865,281309.6011442929,hawassa,Hawassa Industrial Park,96.0,False,3.7,2024-05-10 16:12:18.954144
TEN37637,Harar Footwear PLC,footwear,13629238,2231,27.28,3693.5,435.4,False,any,126540.96270689243,375551.4630688786,bahir_dar,Bahir Dar Industrial Park,81.0,True,4.4,2025-03-07 16:12:18.954144
TEN11554,Lalibela Automotive Enterprise,automotive,40736868,1678,18.33,2559.4,429.6,True,Amhara,357018.2447632125,943339.0183322743,dire_dawa_ftz,Dire Dawa Free Trade Zone,78.0,False,2.2,2024-07-14 16:12:18.954144
TEN43468,Merkato Coffee Processing Enterprise,coffee_processing,7744164,914,12.39,1351.0,191.1,True,any,73928.12851859542,212894.10871574428,jimma,Jimma Industrial Park,96.0,True,5.0,2025-01-29 16:12:18.954144
TEN56073,Sheba Pharmaceutical Textile Mill,pharmaceutical,20374828,210,2.65,107.7,26.7,False,Amhara,173263.30371390795,414432.510563365,kilinto,Kilinto Industrial Park,89.0,True,5.0,2025-06-01 16:12:18.954144
TEN34217,Blue Nile Leather Manufacturing,leather,2512881,775,8.64,1090.4,194.0,False,any,21376.253129738492,61991.65798010187,bole_lemi_ii,Bole Lemi II Industrial Park,96.0,True,5.0,2024-10-29 16:12:18.954144
TEN43847,Axum Agro Processing Manufacturing,agro_processing,3217339,363,7.64,332.5,45.4,True,any,28573.669183828137,80167.13680551473,mekelle,Mekelle Industrial Park,96.0,True,5.0,2025-08-15 16:12:18.958511
TEN19229,Axum Horticulture Enterprise,horticulture,7735234,837,9.85,1226.2,389.2,False,Addis Ababa,62172.172131207866,193203.04619294094,bole_lemi,Bole Lemi Industrial Park,66.0,True,3.3,2024-12-06 16:12:18.958511
TEN62941,Nile Food Processing Corporation,food_processing,6033643,255,7.12,347.3,78.1,False,Amhara,50994.502434079666,143867.6241625439,adama,Adama Industrial Park,89.0,True,4.6,2024-07-10 16:12:18.958511
TEN20545,Piassa Coffee Processing Textile Mill,coffee_processing,5580612,391,6.21,566.3,189.1,True,Oromia,51875.05399946637,121468.62229565297,jimma,Jimma Industrial Park,96.0,True,5.0,2024-01-28 16:12:18.958511
TEN28342,Ethiopia Manufacturing Industries,manufacturing,2291270,967,13.01,1004.6,129.5,False,any,18446.394319216706,68655.23758722158,semera,Semera Industrial Park,96.0,True,5.0,2024-03-22 16:12:18.958511
TEN15611,Merkato Beverage Share Company,beverage,9458027,561,10.45,963.6,273.0,True,Oromia,79668.33180180541,251001.84334856368,adama,Adama Industrial Park,96.0,True,5.0,2024-07-09 16:12:18.958511
TEN16003,Sheba Footwear International,footwear,4908850,2573,30.39,1428.8,403.0,False,Dire Dawa,40552.38030660177,106632.44547625931,bahir_dar,Bahir Dar Industrial Park,74.0,True,4.5,2024-09-29 16:12:18.958511
TEN18271,Abyssinia Pharmaceutical Processing,pharmaceutical,21832095,477,5.56,823.4,69.5,False,any,189386.57366027267,619135.4974639994,kilinto,Kilinto Industrial Park,96.0,True,4.9,2024-02-09 16:12:18.958511
TEN45899,Horn Horticulture Processing,horticulture,5895382,190,6.16,321.0,77.1,False,Addis Ababa,49144.50394931823,139716.27001464486,bole_lemi,Bole Lemi Industrial Park,66.0,True,3.9,2025-08-26 16:12:18.958511
TEN95426,Lalibela Leather Processing,leather,6810431,860,12.6,450.2,253.5,True,Addis Ababa,63929.563843208125,190163.62723688845,bole_lemi,Bole Lemi Industrial Park,100.0,True,5.0,2025-04-07 16:12:18.958511
TEN90222,Nile Electronics International,electronics,7412738,511,6.69,389.3,192.5,False,any,71554.91674982963,170581.90955504024,addis_industrial_village,Addis Industrial Village (AIV),96.0,True,5.0,2024-07-16 16:12:18.958511
TEN37277,Axum Leather PLC,leather,6571696,683,11.21,1352.5,207.0,False,any,55119.69266301771,183784.9027929273,bole_lemi,Bole Lemi Industrial Park,96.0,False,3.2,2025-07-13 16:12:18.958511
TEN69394,Ethiopia Pharmaceutical Share Company,pharmaceutical,3446719,393,4.67,411.2,72.2,True,any,32677.769889612486,100811.75172653551,kilinto,Kilinto Industrial Park,100.0,True,5.0,2025-09-13 16:12:18.958511
TEN40154,Blue Nile Apparel Factory,apparel,13103135,1163,14.13,1592.9,311.2,False,any,110794.398268161,293132.6390075024,hawassa,Hawassa Industrial Park,96.0,True,5.0,2025-10-26 16:12:18.958511
TEN27878,Piassa Automotive Industries,automotive,37508051,1348,14.22,1555.3,251.4,False,Oromia,347476.16857166396,1116073.0212489974,semera,Semera Industrial Park,74.0,True,4.4,2025-11-09 16:12:18.958511
TEN89119,African Food Processing International,food_processing,2364104,239,6.72,283.9,40.3,True,any,23417.68012630743,68690.88809603521,dire_dawa_ftz,Dire Dawa Free Trade Zone,100.0,True,5.0,2024-11-14 16:12:18.958511
TEN42329,Sheba Electronics Factory,electronics,4131304,550,8.66,965.5,116.4,False,any,36638.45894750217,91814.37317686903,ict_park,ICT Park,96.0,True,5.0,2024-11-08 16:12:18.958511
TEN22844,Piassa Garment Enterprise,garment,8896240,364,7.44,457.3,98.4,True,any,75449.21592032198,227609.14090314874,hawassa,Hawassa Industrial Park,100.0,True,5.0,2025-08-27 16:12:18.958511
TEN84760,Addis Coffee Processing Enterprise,coffee_processing,4510801,352,6.93,223.9,102.8,True,any,40270.27193987675,96469.06892941742,jimma,Jimma Industrial Park,96.0,True,5.0,2024-04-08 16:12:18.958511
TEN65823,Axum Metal Group,metal,47506909,1591,16.42,2292.6,404.0,False,Oromia,431594.10248110205,1327570.4783366835,semera,Semera Industrial Park,74.0,True,4.6,2025-11-14 16:12:18.958511
TEN94957,Nile Electronics Corporation,electronics,6606747,981,14.31,653.8,241.6,False,SNNPR,62226.79798988593,145659.78310302773,bole_lemi,Bole Lemi Industrial Park,59.0,True,3.6,2024-05-25 16:12:18.958511
TEN55249,Piassa Chemical Enterprise,chemical,9564418,435,6.29,803.4,131.1,False,Oromia,86107.50063947268,270630.9293450178,kilinto,Kilinto Industrial Park,89.0,True,5.0,2025-03-16 16:12:18.958511
TEN21443,Nile Metal Processing,metal,29705849,1421,18.31,2725.5,601.8,False,Amhara,290995.2802469707,679780.5351607755,dire_dawa_ftz,Dire Dawa Free Trade Zone,74.0,True,3.8,2025-08-11 16:12:18.958511
TEN72115,Harar Automotive Processing,automotive,18707398,458,7.42,659.9,99.5,False,SNNPR,166266.11730044518,494751.6443244073,semera,Semera Industrial Park,74.0,True,4.6,2025-05-17 16:12:18.959529
TEN81888,Piassa Electronics Enterprise,electronics,6135087,710,9.45,720.1,254.5,True,Dire Dawa,52811.83920087461,130797.24815806917,addis_industrial_village,Addis Industrial Village (AIV),89.0,True,4.7,2024-09-01 16:12:18.959529
TEN47387,African Coffee Processing Manufacturing,coffee_processing,1293880,345,4.62,319.7,166.5,False,Dire Dawa,12523.028940140768,34842.36750933138,jimma,Jimma Industrial Park,89.0,True,4.7,2025-11-28 16:12:18.959529
TEN55068,Horn Agro Processing Factory,agro_processing,2621873,688,9.36,725.5,125.3,False,any,23326.432282561356,78012.93125908443,mekelle,Mekelle Industrial Park,96.0,True,4.8,2024-08-16 16:12:18.959529
TEN48739,Meskel Footwear Textile Mill,footwear,6372365,2076,21.96,4059.0,661.1,False,any,63336.281033056424,175505.23339500636,semera,Semera Industrial Park,66.0,True,3.9,2024-10-14 16:12:18.959529
TEN90939,Sheba Agro Processing Enterprise,agro_processing,2384343,805,11.84,1489.5,125.4,False,Amhara,20779.041611611436,55468.55607402064,mekelle,Mekelle Industrial Park,89.0,True,5.0,2025-03-31 16:12:18.959529
TEN74286,Gondar Chemical Group,chemical,4804799,61,3.53,71.3,22.5,True,SNNPR,44252.94662666978,141424.5577467491,bole_lemi,Bole Lemi Industrial Park,63.0,True,3.9,2024-10-29 16:12:18.959529
TEN68224,Bole Coffee Processing Enterprise,coffee_processing,6755068,445,5.0,452.7,99.3,False,SNNPR,57940.028841867555,189525.10449122355,hawassa,Hawassa Industrial Park,66.0,False,2.1,2024-05-18 16:12:18.959529
TEN87421,Merkato Apparel Share Company,apparel,4486033,788,9.74,1562.3,244.4,True,any,35947.64891950976,118377.70795315955,hawassa,Hawassa Industrial Park,100.0,True,5.0,2024-06-07 16:12:18.959529
TEN49834,Meskel Footwear Corporation,footwear,4120669,1016,14.41,949.1,301.0,False,Dire Dawa,39062.755557448356,91665.11516824727,bole_lemi,Bole Lemi Industrial Park,74.0,True,4.0,2024-03-25 16:12:18.959529
TEN13728,Blue Nile Automotive Textile Mill,automotive,48876645,404,7.54,376.3,69.4,False,any,439210.4416325912,1451941.9951303808,semera,Semera Industrial Park,81.0,True,4.5,2024-10-20 16:12:18.959529
TEN31344,Ethiopia Food Processing Manufacturing,food_processing,8486637,743,12.31,1283.5,185.2,False,Oromia,73319.13109697582,244272.33793943765,adama,Adama Industrial Park,96.0,True,5.0,2024-11-06 16:12:18.959529
TEN22387,African Coffee Processing Corporation,coffee_processing,5362980,99,2.8,144.4,12.9,True,any,46364.10828296058,124217.90225559546,semera,Semera Industrial Park,83.0,True,4.8,2025-01-03 16:12:18.959529
TEN31368,Blue Nile Leather Industries,leather,6399361,597,10.17,310.0,183.4,True,Oromia,53172.99338708535,142137.07119508582,bole_lemi,Bole Lemi Industrial Park,93.0,True,5.0,2024-07-20 16:12:18.959529
TEN12277,Meskel Horticulture Factory,horticulture,9746138,779,11.45,1327.3,207.9,False,SNNPR,84042.37999056351,230259.19276249257,kilinto,Kilinto Industrial Park,59.0,True,3.3,2025-09-10 16:12:18.959529
TEN20188,Addis Medical Enterprise,medical,2888393,181,5.41,174.0,33.3,False,Addis Ababa,27482.10064711656,58995.91634202434,kilinto,Kilinto Industrial Park,96.0,True,5.0,2025-11-10 16:12:18.959529
TEN36922,Abyssinia Automotive Manufacturing,automotive,21979379,393,4.62,374.3,40.9,True,Dire Dawa,205313.8035940639,446018.55202711857,dire_dawa_ftz,Dire Dawa Free Trade Zone,85.0,True,4.5,2024-05-26 16:12:18.959529
TEN11832,Entoto Coffee Processing Industries,coffee_processing,3193705,410,8.45,685.2,141.5,False,Dire Dawa,30121.822389132696,94669.84115886147,jimma,Jimma Industrial Park,89.0,True,4.5,2025-09-30 16:12:18.959529
TEN59756,Bole Chemical Industries,chemical,17928809,308,5.23,426.3,85.0,False,Oromia,161870.28801719536,431650.05576282664,kilinto,Kilinto Industrial Park,89.0,True,4.9,2024-07-26 16:12:18.959529
TEN47173,Piassa Footwear Group,footwear,13788830,2230,24.43,2079.3,867.1,True,Amhara,130612.60790639087,370512.2818327886,bole_lemi_ii,Bole Lemi II Industrial Park,78.0,True,4.2,2024-10-28 16:12:18.959529
TEN98092,Blue Nile Chemical Processing,chemical,4335695,488,9.41,831.4,232.1,True,Amhara,38484.13479911037,115266.54412385402,kilinto,Kilinto Industrial Park,93.0,True,5.0,2024-05-15 16:12:18.959529
TEN26090,Sheba Leather Processing,leather,3330705,809,8.88,1587.9,190.5,False,any,31476.49786492085,75890.72401912845,bole_lemi,Bole Lemi Industrial Park,96.0,True,5.0,2024-03-21 16:12:18.959529
TEN24160,Blue Nile Manufacturing Textile Mill,manufacturing,8483040,414,7.64,797.0,204.9,False,Amhara,76166.5250329136,189241.5050282908,dire_dawa_ftz,Dire Dawa Free Trade Zone,89.0,True,4.5,2025-11-01 16:12:18.959529
TEN22626,Nile Automotive International,automotive,6795087,1538,20.25,1651.7,571.6,True,any,64575.203235239765,188058.93256696587,dire_dawa_ftz,Dire Dawa Free Trade Zone,85.0,True,4.9,2024-08-25 16:12:18.959529
TEN25615,Merkato Electronics Enterprise,electronics,9600601,317,5.22,567.3,101.0,False,Amhara,82844.72269829568,228142.59182599923,addis_industrial_village,Addis Industrial Village (AIV),89.0,True,5.0,2025-03-05 16:12:18.959529
TEN96517,Meskel Pharmaceutical Enterprise,pharmaceutical,16451260,301,4.12,473.6,88.8,True,any,150109.6999139258,354740.321940439,kilinto,Kilinto Industrial Park,100.0,True,5.0,2024-12-19 16:12:18.959529
TEN13525,Gondar Coffee Processing Processing,coffee_processing,5272070,834,10.28,452.2,98.5,False,Dire Dawa,43203.032548073046,123637.5820122187,jimma,Jimma Industrial Park,89.0,True,5.0,2025-05-01 16:12:18.959529
TEN80571,Gondar Medical PLC,medical,5736161,713,10.3,1330.2,90.0,True,Addis Ababa,51176.98889371311,164247.4284336649,kilinto,Kilinto Industrial Park,100.0,True,5.0,2024-01-28 16:12:18.959529
TEN23114,Abyssinia Automotive Factory,automotive,6492262,1354,18.48,1444.2,346.8,False,any,58387.91674311023,182527.16599637156,semera,Semera Industrial Park,81.0,True,4.3,2024-10-20 16:12:18.959529
TEN48970,Merkato Chemical Industries,chemical,23321969,304,7.35,510.9,132.6,False,Addis Ababa,215708.2631738257,689850.0978522478,kilinto,Kilinto Industrial Park,96.0,True,5.0,2025-04-05 16:12:18.959529
TEN76144,Lalibela Apparel Processing,apparel,14441665,2520,28.09,2874.5,602.1,True,any,134696.1587292473,334086.6856619328,hawassa,Hawassa Industrial Park,100.0,True,5.0,2024-02-22 16:12:18.959529
TEN71249,Axum Horticulture International,horticulture,812111,234,5.67,298.2,40.9,False,any,7362.142463775483,21232.01106746254,hawassa,Hawassa Industrial Park,66.0,True,3.9,2024-04-08 16:12:18.959529
TEN63773,Gondar Garment Share Company,garment,4366315,2339,25.53,1687.9,374.7,False,Amhara,40466.37420262074,124263.88327090189,debre_birhan,Debre Birhan Industrial Park,96.0,True,5.0,2024-02-06 16:12:18.959529
TEN67164,Bole Medical International,medical,4501087,465,5.66,366.4,92.2,False,Dire Dawa,44161.565500145865,99113.50852969792,kilinto,Kilinto Industrial Park,89.0,True,5.0,2025-03-31 16:12:18.959529
TEN49056,Nile Horticulture Processing,horticulture,1208541,230,7.14,282.6,24.8,False,Dire Dawa,11835.902466560367,32288.252393006296,bole_lemi,Bole Lemi Industrial Park,59.0,False,2.2,2025-08-19 16:12:18.959529
TEN43004,Meskel Medical Share Company,medical,8892777,164,6.34,210.4,70.8,False,any,75376.54476503759,188729.34612169952,bole_lemi,Bole Lemi Industrial Park,66.0,False,2.4,2025-05-13 16:12:18.959529
TEN17330,Meskel Steel Corporation,steel,14682326,596,6.94,489.4,125.1,False,any,128461.6894746416,432939.3455888712,semera,Semera Industrial Park,81.0,True,4.7,2025-03-31 16:12:18.959529
TEN96798,Ethiopia Footwear International,footwear,8972898,1686,20.58,2920.2,182.8,False,any,76084.35753712022,229053.6709816909,bahir_dar,Bahir Dar Industrial Park,81.0,False,2.6,2024-02-08 16:12:18.959529
TEN43493,Lalibela Leather Share Company,leather,4465830,597,10.33,646.4,277.0,True,any,44089.55336838935,123108.10335855979,bole_lemi,Bole Lemi Industrial Park,100.0,True,5.0,2024-10-17 16:12:18.959529
TEN53610,Bole Agro Processing Share Company,agro_processing,7316395,1000,14.05,911.1,132.0,False,Amhara,70594.44474413573,197431.6158455476,mekelle,Mekelle Industrial Park,89.0,True,5.0,2024-06-28 16:12:18.959529
TEN10403,Merkato Agro Processing Industries,agro_processing,958871,564,9.57,824.6,97.9,False,any,8875.878151641647,22185.60738629251,mekelle,Mekelle Industrial Park,96.0,True,5.0,2024-03-16 16:12:18.959529
TEN87728,Gondar Footwear Textile Mill,footwear,12505032,2633,28.68,5026.7,738.8,False,SNNPR,105008.84834235568,301933.5505291829,bahir_dar,Bahir Dar Industrial Park,74.0,False,2.9,2024-06-04 16:12:18.959529
TEN35987,Axum Medical Manufacturing,medical,885374,71,5.36,104.4,24.9,False,any,7171.1450849905295,23179.12717389389,kilinto,Kilinto Industrial Park,96.0,True,5.0,2025-07-19 16:12:18.959529
TEN34975,Axum Leather Textile Mill,leather,9322092,64,3.1,120.3,18.0,False,SNNPR,88493.55718657655,222059.08458838388,bole_lemi,Bole Lemi Industrial Park,89.0,True,4.7,2025-03-26 16:12:18.959529
TEN42547,Harar Chemical Group,chemical,8052208,264,4.98,189.8,57.0,True,any,75437.38581034773,197936.4872327746,kilinto,Kilinto Industrial Park,100.0,True,5.0,2024-01-31 16:12:18.959529
TEN16830,Gondar Manufacturing Industries,manufacturing,4060421,753,11.24,1176.7,297.0,True,Addis Ababa,36307.735802984134,95594.5599634531,bole_lemi_ii,Bole Lemi II Industrial Park,100.0,True,5.0,2024-01-14 16:12:18.959529
TEN15390,African Garment Textile Mill,garment,5255656,221,4.98,236.8,108.5,False,Dire Dawa,43830.76776500212,131015.08597040999,hawassa,Hawassa Industrial Park,89.0,True,4.5,2024-01-13 16:12:18.959529
TEN46831,Harar Electronics Processing,electronics,2878937,493,6.6,478.2,242.3,False,any,24660.545427556233,82825.18606880965,addis_industrial_village,Addis Industrial Village (AIV),96.0,True,5.0,2025-02-23 16:12:18.959529
TEN96169,Piassa Steel PLC,steel,16071876,1978,21.7,3939.9,802.0,True,any,134647.60418488175,330207.4874788897,dire_dawa_ftz,Dire Dawa Free Trade Zone,85.0,True,4.4,2024-09-18 16:12:18.959529
TEN26207,Harar Steel Share Company,steel,38212900,387,4.55,400.5,148.5,False,SNNPR,321273.7118847327,872827.1342792623,bole_lemi_ii,Bole Lemi II Industrial Park,74.0,True,4.4,2025-06-06 16:12:18.959529
TEN53077,Addis Textile Textile Mill,textile,13865568,2354,26.61,2647.4,307.7,False,any,129818.10929293883,371685.8801503838,hawassa,Hawassa Industrial Park,96.0,True,5.0,2025-02-12 16:12:18.959529
TEN53178,Ethiopia Footwear International,footwear,2360015,318,5.75,496.6,92.8,False,Addis Ababa,21817.700790967774,57893.5750479583,bole_lemi_ii,Bole Lemi II Industrial Park,81.0,True,4.1,2024-03-21 16:12:18.959529
TEN62286,Nile Beverage PLC,beverage,1431723,380,7.65,501.9,129.5,True,SNNPR,13894.430266818052,30967.319247399308,adama,Adama Industrial Park,89.0,True,5.0,2024-03-11 16:12:18.959529
TEN27208,Harar Footwear International,footwear,6008781,693,9.64,795.9,292.8,True,any,49225.273880381006,142255.2960284335,bole_lemi,Bole Lemi Industrial Park,85.0,True,4.6,2025-04-10 16:12:18.959529
TEN70755,Sheba Steel International,steel,33355934,334,7.49,474.5,91.4,False,Oromia,312627.59319702775,718843.627071862,semera,Semera Industrial Park,74.0,True,4.2,2025-03-18 16:12:18.959529
TEN42591,Entoto Metal Processing,metal,10313889,1045,15.03,1271.2,166.6,True,any,88606.24154728172,211200.42124297458,dire_dawa_ftz,Dire Dawa Free Trade Zone,85.0,True,4.4,2024-10-31 16:12:18.959529
TEN12132,Blue Nile Steel International,steel,36182569,343,6.9,464.0,69.1,True,Dire Dawa,322956.85064736346,1008110.4490131907,bole_lemi_ii,Bole Lemi II Industrial Park,78.0,True,4.8,2025-03-11 16:12:18.959529
TEN34535,Abyssinia Agro Processing Manufacturing,agro_processing,8133602,701,10.92,823.6,296.6,True,any,66341.2453097079,242559.15541738525,dire_dawa_ftz,Dire Dawa Free Trade Zone,100.0,True,5.0,2025-12-22 16:12:18.959529
TEN88890,Meskel Textile Textile Mill,textile,2957536,1817,18.73,2695.9,516.1,False,any,27318.756332048484,87954.81057285883,hawassa,Hawassa Industrial Park,96.0,True,5.0,2024-12-01 16:12:18.959529
TEN37424,Meskel Beverage International,beverage,2598653,139,2.5,109.3,59.3,False,Addis Ababa,21543.63474486812,58256.08886919572,addis_industrial_village,Addis Industrial Village (AIV),81.0,True,4.8,2025-08-11 16:12:18.959529
TEN68918,Sheba Automotive Industries,automotive,6464102,1014,11.16,1879.6,401.0,False,Addis Ababa,55524.45657326554,182898.583329329,bole_lemi_ii,Bole Lemi II Industrial Park,81.0,True,4.2,2024-10-24 16:12:18.959529
TEN77286,Meskel Steel Industries,steel,38266079,1887,22.69,2630.0,607.1,True,Amhara,360794.8122997664,967484.6461949544,dire_dawa_ftz,Dire Dawa Free Trade Zone,78.0,True,4.0,2024-03-17 16:12:18.959529
TEN47750,Abyssinia Steel Enterprise,steel,36765173,1970,20.73,2825.1,706.2,False,SNNPR,319404.6015434233,820636.5710850139,semera,Semera Industrial Park,74.0,False,2.3,2024-05-03 16:12:18.959529
TEN57219,Meskel Metal Manufacturing,metal,24689340,418,7.93,453.8,111.5,False,any,228220.47581501398,563523.6222324525,semera,Semera Industrial Park,81.0,True,4.2,2025-06-19 16:12:18.959529
TEN12376,Harar Pharmaceutical Textile Mill,pharmaceutical,18515012,360,4.55,404.6,179.1,True,Addis Ababa,161341.43925426417,399666.0608967616,bole_lemi,Bole Lemi Industrial Park,70.0,False,2.2,2025-09-15 16:12:18.959529
TEN45060,Horn Medical Corporation,medical,9928484,173,3.24,153.4,40.9,True,Dire Dawa,91427.22895728218,208909.40408344968,kilinto,Kilinto Industrial Park,93.0,False,3.4,2025-09-18 16:12:18.959529
TEN57400,African Leather Textile Mill,leather,2209062,850,12.71,478.5,120.8,False,any,20801.249543631948,61013.5124198576,bole_lemi,Bole Lemi Industrial Park,96.0,True,5.0,2025-01-02 16:12:18.959529
TEN54737,Lalibela Agro Processing Corporation,agro_processing,2811438,938,10.43,753.1,457.6,False,Amhara,23454.487839634836,63707.62448709486,mekelle,Mekelle Industrial Park,89.0,True,5.0,2025-05-03 16:12:18.959529
TEN77653,Harar Footwear PLC,footwear,8075324,2369,27.73,1674.9,643.3,False,any,71750.52462397028,223698.73807473297,bahir_dar,Bahir Dar Industrial Park,81.0,True,4.1,2025-01-28 16:12:18.959529
TEN17577,Entoto Agro Processing Textile Mill,agro_processing,3256910,511,7.56,556.9,58.7,False,Dire Dawa,28786.55923457216,93987.350232676,dire_dawa_ftz,Dire Dawa Free Trade Zone,96.0,True,5.0,2025-02-22 16:12:18.959529
TEN81358,Piassa Coffee Processing Factory,coffee_processing,5193941,58,5.13,82.1,9.2,False,any,50772.590079278976,144472.7459350231,jimma,Jimma Industrial Park,96.0,True,5.0,2025-12-03 16:12:18.959529
TEN77065,Lalibela Horticulture Corporation,horticulture,7043005,392,7.68,631.2,59.0,False,Addis Ababa,61143.2686880424,185631.4618785436,bole_lemi,Bole Lemi Industrial Park,66.0,False,2.2,2025-04-20 16:12:18.959529
TEN56461,Blue Nile Medical PLC,medical,5599302,902,12.79,1786.3,130.0,True,Dire Dawa,53266.83120439457,164694.67925980463,kilinto,Kilinto Industrial Park,93.0,True,4.7,2025-01-27 16:12:18.959529
TEN47294,Horn Medical Processing,medical,9989146,874,12.46,1666.1,320.1,False,Oromia,90295.2200253273,224519.3750090168,kilinto,Kilinto Industrial Park,89.0,True,5.0,2025-01-05 16:12:18.959529
TEN72423,Abyssinia Metal Enterprise,metal,14835022,350,7.2,609.9,46.5,True,any,120996.59621351674,397107.1982839395,dire_dawa_ftz,Dire Dawa Free Trade Zone,85.0,True,5.0,2025-04-14 16:12:18.959529
TEN28919,Entoto Automotive Manufacturing,automotive,33415382,1453,19.51,2228.2,696.2,False,SNNPR,299720.231375256,821254.120674681,adama,Adama Industrial Park,59.0,False,1.6,2025-06-06 16:12:18.959529
TEN63558,Blue Nile Metal Share Company,metal,7188244,1119,15.05,2144.1,277.2,False,any,62819.30019601561,164581.35713926985,semera,Semera Industrial Park,81.0,True,4.4,2024-12-22 16:12:18.959529
TEN49998,Lalibela Beverage Industries,beverage,8652477,351,4.14,250.7,145.1,False,any,72387.95736232366,237048.47961192162,adama,Adama Industrial Park,96.0,True,4.9,2025-11-25 16:12:18.959529
TEN89391,Horn Steel Manufacturing,steel,43457344,1135,13.24,1337.7,266.9,True,any,391530.1455161475,1069457.4946577828,dire_dawa_ftz,Dire Dawa Free Trade Zone,85.0,True,5.0,2025-02-10 16:12:18.959529
TEN46356,Nile Apparel Manufacturing,apparel,12148498,2759,30.9,2982.1,1269.4,True,Amhara,114371.02916090396,312458.7360653867,kombolcha,Kombolcha Industrial Park,96.0,True,5.0,2025-09-05 16:12:18.959529
TEN75881,Addis Horticulture Share Company,horticulture,3728384,137,6.17,179.8,55.2,False,Amhara,34735.52245257016,94397.44213222091,bole_lemi,Bole Lemi Industrial Park,59.0,False,1.7,2024-01-18 16:12:18.959529
TEN33659,Bole Metal PLC,metal,40805522,323,6.46,356.2,38.1,False,Amhara,396600.9802488477,945619.999487651,semera,Semera Industrial Park,74.0,True,3.8,2025-07-21 16:12:18.959529
TEN52636,African Beverage PLC,beverage,3564676,197,3.62,125.0,43.9,False,Dire Dawa,33602.779226291415,81917.12201230145,adama,Adama Industrial Park,89.0,True,5.0,2025-04-20 16:12:18.959529
TEN60469,Blue Nile Manufacturing Textile Mill,manufacturing,2529477,897,9.7,770.9,303.9,True,Dire Dawa,20542.550387142164,62347.144364028056,dire_dawa_ftz,Dire Dawa Free Trade Zone,100.0,True,5.0,2025-05-15 16:12:18.959529
TEN49926,Bole Textile Enterprise,textile,10295840,1302,17.86,1969.5,258.5,False,any,84094.53400744709,271377.6471906939,hawassa,Hawassa Industrial Park,96.0,False,3.1,2025-07-21 16:12:18.959529
TEN91360,Lalibela Medical International,medical,7609386,600,10.83,799.6,70.0,False,any,75668.9793409191,152229.03376930332,bole_lemi,Bole Lemi Industrial Park,66.0,True,3.6,2024-02-13 16:12:18.959529
TEN21759,Merkato Manufacturing Share Company,manufacturing,4069422,409,7.22,517.6,48.3,False,Oromia,39314.67054182705,110894.75197185503,ict_park,ICT Park,59.0,True,3.6,2025-02-18 16:12:18.959529
TEN70266,Gondar Agro Processing PLC,agro_processing,4884902,750,12.41,1171.2,156.9,False,SNNPR,48008.99506948921,104230.41158380762,jimma,Jimma Industrial Park,89.0,True,4.5,2025-07-16 16:12:18.959529
TEN98029,Piassa Steel International,steel,37814671,1288,16.81,1683.7,534.4,False,Addis Ababa,311851.2080126717,1123866.7802813002,bole_lemi_ii,Bole Lemi II Industrial Park,81.0,True,4.4,2024-01-27 16:12:18.963460
TEN99201,Harar Textile Industries,textile,8762692,711,9.28,561.3,73.8,False,any,71678.23379784545,229007.93516333547,hawassa,Hawassa Industrial Park,96.0,True,5.0,2024-08-22 16:12:18.963460
TEN93681,Merkato Coffee Processing Share Company,coffee_processing,5210310,87,3.59,135.4,29.8,True,any,50747.546490782304,133858.19047366764,jimma,Jimma Industrial Park,96.0,True,5.0,2024-06-09 16:12:18.963460
TEN45956,Abyssinia Pharmaceutical International,pharmaceutical,21735528,83,1.91,49.6,16.9,False,Dire Dawa,174889.16635243455,645504.0474986985,kilinto,Kilinto Industrial Park,89.0,True,5.0,2024-10-02 16:12:18.963460
TEN63330,Axum Textile Share Company,textile,11753629,1949,23.02,2874.9,860.6,True,any,110018.04537172765,289913.4529272255,hawassa,Hawassa Industrial Park,100.0,True,5.0,2025-05-25 16:12:18.963460
TEN13325,Sheba Garment Processing,garment,8047472,1338,16.28,1303.7,343.5,True,any,79795.12197867323,234744.373711575,hawassa,Hawassa Industrial Park,100.0,True,5.0,2024-04-09 16:12:18.963460
TEN42394,Blue Nile Leather Enterprise,leather,8552500,78,3.22,41.8,32.7,False,any,72497.13433098287,200197.08830659135,bole_lemi,Bole Lemi Industrial Park,96.0,True,5.0,2025-10-27 16:12:18.963460
TEN18523,Horn Metal PLC,metal,11420355,1714,20.45,2345.4,230.0,True,Oromia,112356.0971647004,278875.75046929775,dire_dawa_ftz,Dire Dawa Free Trade Zone,78.0,True,4.0,2024-02-16 16:12:18.963460
TEN96471,Addis Garment Enterprise,garment,1875823,2490,26.73,2669.7,344.4,False,Dire Dawa,16446.916025412516,52432.34191236246,debre_birhan,Debre Birhan Industrial Park,89.0,True,5.0,2025-12-14 16:12:18.963460
TEN85132,Horn Metal International,metal,27024704,1209,15.24,800.4,126.8,False,SNNPR,243703.2679998642,636537.5038807478,semera,Semera Industrial Park,74.0,True,3.9,2025-08-22 16:12:18.963460
TEN29087,Horn Garment Enterprise,garment,3142127,447,6.37,515.7,216.3,False,Dire Dawa,27076.804423897982,73616.90339972815,hawassa,Hawassa Industrial Park,89.0,True,5.0,2024-02-15 16:12:18.963460
TEN93958,Abyssinia Footwear Share Company,footwear,4982698,434,7.12,760.7,192.5,False,SNNPR,43265.284173958484,132931.4137877779,bole_lemi,Bole Lemi Industrial Park,74.0,False,2.6,2025-02-04 16:12:18.963460
TEN10484,Sheba Agro Processing Industries,agro_processing,5526983,730,9.68,542.7,205.7,False,SNNPR,49372.94545546681,122319.78908135595,mekelle,Mekelle Industrial Park,89.0,True,5.0,2024-12-21 16:12:18.963460
TEN48086,Piassa Chemical Industries,chemical,8182219,254,6.76,129.6,26.4,True,SNNPR,75789.18754902319,238324.20998543833,kilinto,Kilinto Industrial Park,93.0,False,2.8,2025-03-25 16:12:18.963460
TEN23263,Addis Pharmaceutical International,pharmaceutical,10791222,162,5.35,163.6,52.1,True,Oromia,89291.82689700773,286492.8288811149,jimma,Jimma Industrial Park,66.0,False,2.0,2025-05-09 16:12:18.963460
TEN18569,Blue Nile Coffee Processing Manufacturing,coffee_processing,6747000,878,12.25,1678.5,431.0,False,any,65887.46581191238,143764.7170650346,jimma,Jimma Industrial Park,96.0,True,5.0,2025-02-18 16:12:18.963460
TEN52949,Sheba Steel PLC,steel,21411448,1452,19.16,2388.0,486.3,False,SNNPR,198246.84733823506,488196.7103846817,semera,Semera Industrial Park,74.0,True,4.3,2024-08-27 16:12:18.963460
TEN59055,Meskel Chemical Corporation,chemical,4731589,422,8.25,711.7,146.0,True,Dire Dawa,42246.15588713626,109859.12795462608,kilinto,Kilinto Industrial Park,93.0,True,5.0,2024-08-21 16:12:18.963460
TEN69255,Sheba Automotive Processing,automotive,44002778,699,9.29,1315.4,233.2,True,SNNPR,371259.68642570643,1067077.4231465168,dire_dawa_ftz,Dire Dawa Free Trade Zone,78.0,True,4.7,2025-04-24 16:12:18.963460
TEN91412,Gondar Horticulture Processing,horticulture,2753688,136,5.24,128.2,41.8,True,Dire Dawa,24514.163308447267,66983.61653600875,dire_dawa_ftz,Dire Dawa Free Trade Zone,70.0,True,3.8,2025-12-15 16:12:18.963460
TEN94365,Nile Pharmaceutical Textile Mill,pharmaceutical,9844704,276,4.46,169.4,127.1,True,Dire Dawa,97001.95399854422,206582.16555911113,kilinto,Kilinto Industrial Park,93.0,True,4.9,2025-06-22 16:12:18.963460
TEN28070,Axum Agro Processing PLC,agro_processing,5578724,356,7.41,588.4,156.0,True,any,53221.875939574595,127297.84973505304,dire_dawa_ftz,Dire Dawa Free Trade Zone,100.0,True,5.0,2024-05-26 16:12:18.963460
TEN72185,Sheba Textile Corporation,textile,11973826,2133,24.14,3501.8,340.7,True,SNNPR,109847.96687515498,305645.70888098475,hawassa,Hawassa Industrial Park,100.0,True,5.0,2025-10-14 16:12:18.963460
TEN13945,Harar Agro Processing Manufacturing,agro_processing,3651542,966,12.09,1847.9,258.0,False,any,33429.92871093633,77717.43497862523,adama,Adama Industrial Park,96.0,True,5.0,2025-01-11 16:12:18.963460
TEN13046,Ethiopia Agro Processing Manufacturing,agro_processing,7532125,330,5.72,537.5,133.7,False,Dire Dawa,62572.24325441895,222396.35074068757,dire_dawa_ftz,Dire Dawa Free Trade Zone,96.0,True,5.0,2024-04-27 16:12:18.963460
TEN93755,Lalibela Manufacturing Share Company,manufacturing,3925984,440,9.17,262.0,112.0,False,Amhara,32753.88508888239,105015.57823507184,semera,Semera Industrial Park,89.0,True,5.0,2025-12-13 16:12:18.963460
TEN17530,Harar Pharmaceutical Corporation,pharmaceutical,4331732,151,6.11,162.9,27.5,True,Amhara,34749.56205690305,100789.53033953471,bahir_dar,Bahir Dar Industrial Park,66.0,True,3.4,2024-07-09 16:12:18.963460
TEN30811,Lalibela Steel Group,steel,9614606,1129,13.54,2094.7,206.1,False,Amhara,80819.85578091278,261206.92826769155,semera,Semera Industrial Park,74.0,True,4.7,2024-10-10 16:12:18.963460
TEN15122,Nile Apparel Textile Mill,apparel,11147675,1835,22.48,2364.9,851.7,False,Dire Dawa,103590.86548147068,325389.0247742968,hawassa,Hawassa Industrial Park,89.0,True,5.0,2024-12-05 16:12:18.963460
TEN84529,Blue Nile Pharmaceutical Processing,pharmaceutical,10359577,262,3.93,373.8,71.5,True,any,97351.94430880237,211714.99383708226,hawassa,Hawassa Industrial Park,70.0,True,4.1,2025-03-17 16:12:18.963460
TEN76112,Gondar Apparel Processing,apparel,9279347,1089,13.24,1789.0,161.7,True,any,82603.558929433,209042.03160178487,hawassa,Hawassa Industrial Park,100.0,True,5.0,2024-01-29 16:12:18.963460
TEN52875,Piassa Metal Enterprise,metal,28062478,930,13.16,1658.8,240.6,True,SNNPR,250393.4652129487,584414.7510918956,dire_dawa_ftz,Dire Dawa Free Trade Zone,78.0,True,4.3,2024-09-14 16:12:18.963460
TEN32079,Nile Food Processing International,food_processing,3207281,961,10.88,506.5,134.7,True,Amhara,30556.337284367903,85871.20080304435,dire_dawa_ftz,Dire Dawa Free Trade Zone,93.0,True,4.9,2025-12-05 16:12:18.963460
TEN23473,Merkato Horticulture Textile Mill,horticulture,7916504,271,6.35,475.5,115.1,False,any,70361.67672717766,205687.0304905856,hawassa,Hawassa Industrial Park,66.0,True,3.5,2025-04-29 16:12:18.963460
TEN99123,Nile Coffee Processing Industries,coffee_processing,4502042,980,11.2,513.6,109.0,True,any,44648.958812325756,94389.95689743325,dire_dawa_ftz,Dire Dawa Free Trade Zone,85.0,True,4.3,2024-08-03 16:12:18.963460
TEN25834,Sheba Leather Industries,leather,5988523,885,10.8,1274.6,309.6,False,Amhara,49176.37728390276,139135.41675043924,bahir_dar,Bahir Dar Industrial Park,96.0,True,4.8,2025-06-06 16:12:18.963460
TEN63883,Lalibela Metal Group,metal,9430277,600,9.46,550.6,209.7,True,any,84864.49658879517,282010.00934037083,dire_dawa_ftz,Dire Dawa Free Trade Zone,85.0,True,5.0,2024-06-06 16:12:18.963460
TEN27423,Gondar Pharmaceutical Manufacturing,pharmaceutical,5179100,178,4.98,351.0,67.4,False,any,48013.91812321253,149363.53656422193,kilinto,Kilinto Industrial Park,96.0,True,5.0,2025-01-31 16:12:18.963460
TEN11742,Sheba Textile PLC,textile,10815290,2692,29.44,3409.5,1068.0,False,any,99854.29931355816,313295.09562187444,hawassa,Hawassa Industrial Park,96.0,True,5.0,2024-04-15 16:12:18.963460
TEN68160,Gondar Apparel Manufacturing,apparel,3307798,445,6.64,420.5,71.5,True,Dire Dawa,28302.356185843528,87445.01645252218,hawassa,Hawassa Industrial Park,93.0,True,5.0,2024-03-17 16:12:18.963460
TEN39156,Merkato Beverage Corporation,beverage,897508,818,9.71,1308.2,193.9,True,SNNPR,7757.40754518088,21920.38437781981,adama,Adama Industrial Park,89.0,True,4.5,2025-06-26 16:12:18.963460
TEN36787,Sheba Garment Corporation,garment,3374513,2798,32.7,1926.0,474.2,False,any,27523.638334595063,91955.11158907012,hawassa,Hawassa Industrial Park,96.0,True,5.0,2025-07-13 16:12:18.963460
TEN62198,Merkato Medical Manufacturing,medical,5287427,360,6.69,702.6,65.0,False,Oromia,47277.142375429066,128098.34891020987,kilinto,Kilinto Industrial Park,89.0,True,4.6,2024-09-03 16:12:18.963460
TEN43723,Merkato Textile Enterprise,textile,8170536,1762,21.96,2886.7,825.7,False,SNNPR,70362.16047425695,186551.7816818165,hawassa,Hawassa Industrial Park,96.0,True,5.0,2024-09-16 16:12:18.963460
TEN61727,Harar Chemical Processing,chemical,8362786,129,1.81,231.2,50.6,True,Amhara,75090.3104107269,220865.25276623844,kilinto,Kilinto Industrial Park,93.0,True,4.7,2025-09-04 16:12:18.963460
TEN76795,Meskel Manufacturing International,manufacturing,3223988,629,7.66,726.1,127.1,False,any,30231.26709613624,86933.39890961432,semera,Semera Industrial Park,96.0,True,5.0,2025-05-06 16:12:18.965467
TEN99268,Horn Automotive Textile Mill,automotive,29254102,220,5.54,333.2,83.4,False,Amhara,248508.6117098401,754270.7390962148,semera,Semera Industrial Park,74.0,True,3.8,2025-10-07 16:12:18.965467
TEN75620,Merkato Manufacturing Group,manufacturing,1848021,457,7.4,357.9,123.0,False,Oromia,15922.470825704328,44567.04061305709,dire_dawa_ftz,Dire Dawa Free Trade Zone,89.0,True,5.0,2025-01-22 16:12:18.965467
TEN10206,Blue Nile Footwear Share Company,footwear,13561606,1301,14.45,2110.8,493.9,True,Amhara,129479.26063608701,327897.88101626595,bahir_dar,Bahir Dar Industrial Park,81.0,True,4.5,2025-07-13 16:12:18.965467
TEN34331,Abyssinia Coffee Processing PLC,coffee_processing,2753718,240,3.79,185.5,115.1,False,any,26159.85691752954,77356.85748273294,jimma,Jimma Industrial Park,96.0,False,3.6,2024-10-15 16:12:18.965467
TEN72638,Meskel Leather International,leather,3287134,939,10.25,590.2,140.7,True,SNNPR,31297.023672234645,66055.17389910214,bole_lemi,Bole Lemi Industrial Park,93.0,False,3.3,2025-11-28 16:12:18.965467
TEN72027,Gondar Leather Group,leather,9263319,266,6.72,282.9,81.9,False,Amhara,82062.8837802066,219613.38867666828,bole_lemi_ii,Bole Lemi II Industrial Park,89.0,True,5.0,2024-02-28 16:12:18.965467
TEN62665,Horn Manufacturing PLC,manufacturing,1460353,437,9.26,790.8,184.6,True,any,13440.823743056528,41897.60470155747,dire_dawa_ftz,Dire Dawa Free Trade Zone,100.0,True,5.0,2024-12-28 16:12:18.965467
TEN52229,Addis Metal International,metal,49216426,1416,18.57,1801.7,515.6,True,any,429187.473708726,1006847.1430511246,semera,Semera Industrial Park,83.0,True,4.4,2024-08-31 16:12:18.965467
TEN23166,Merkato Manufacturing Textile Mill,manufacturing,1865149,806,10.13,1538.4,384.1,False,any,17186.131246754478,50581.75859822537,dire_dawa_ftz,Dire Dawa Free Trade Zone,96.0,True,5.0,2025-03-07 16:12:18.965467
TEN32338,Nile Horticulture Share Company,horticulture,8331655,945,10.71,1105.1,138.2,False,SNNPR,73900.00365576633,226268.18341392733,hawassa,Hawassa Industrial Park,66.0,False,2.6,2025-03-28 16:12:18.965467
TEN93040,Meskel Medical Share Company,medical,4822289,786,11.36,1514.8,289.4,False,any,46250.96406307056,112494.4116829585,kilinto,Kilinto Industrial Park,96.0,True,5.0,2025-11-04 16:12:18.965467
TEN25163,Lalibela Agro Processing Share Company,agro_processing,6903032,486,8.3,815.3,236.4,False,Oromia,56762.01023208804,161547.3679362446,adama,Adama Industrial Park,96.0,True,5.0,2024-06-02 16:12:18.965467
TEN65535,Gondar Coffee Processing Factory,coffee_processing,5757514,180,6.59,245.8,18.1,True,Amhara,55243.555703146274,168921.15213651225,jimma,Jimma Industrial Park,89.0,True,5.0,2025-09-22 16:12:18.965467
TEN29323,Lalibela Manufacturing Manufacturing,manufacturing,9531056,59,4.93,57.5,25.2,True,Amhara,90488.98808206592,271551.93467389024,bole_lemi_ii,Bole Lemi II Industrial Park,93.0,True,5.0,2024-02-04 16:12:18.965467
TEN30014,Abyssinia Leather Industries,leather,8524252,330,6.64,271.8,71.5,False,Oromia,80134.91459340254,174965.9242396839,bahir_dar,Bahir Dar Industrial Park,89.0,True,5.0,2025-03-09 16:12:18.965467
TEN79185,Lalibela Pharmaceutical Textile Mill,pharmaceutical,20385913,61,2.88,69.2,17.7,True,Addis Ababa,191479.8379732691,447489.58140254265,bole_lemi_ii,Bole Lemi II Industrial Park,70.0,True,3.8,2024-05-25 16:12:18.965467
TEN37494,Abyssinia Garment Industries,garment,8676121,1445,17.9,1973.5,399.9,False,any,82168.39944021587,174314.76801812917,hawassa,Hawassa Industrial Park,96.0,True,5.0,2025-08-11 16:12:18.965467
TEN95209,Gondar Manufacturing Group,manufacturing,3322312,487,9.54,313.7,238.5,True,Dire Dawa,29461.076348732466,71382.14318885613,dire_dawa_ftz,Dire Dawa Free Trade Zone,100.0,True,5.0,2024-11-29 16:12:18.965467
TEN96313,Nile Automotive Enterprise,automotive,45007316,769,12.49,1137.5,192.4,False,any,437911.80420666357,1192833.818144674,semera,Semera Industrial Park,81.0,True,4.4,2025-09-09 16:12:18.965467
TEN72848,Axum Leather Share Company,leather,2547685,134,4.04,201.4,40.7,True,Dire Dawa,24428.955131853654,55567.47075871184,bole_lemi,Bole Lemi Industrial Park,93.0,True,5.0,2024-06-03 16:12:18.965467
TEN12588,Merkato Footwear Corporation,footwear,6456436,607,6.86,1131.0,253.8,True,any,62207.281058775676,179713.25326521494,bole_lemi,Bole Lemi Industrial Park,85.0,True,5.0,2024-07-07 16:12:18.965467
TEN68619,Gondar Leather Share Company,leather,3980664,821,13.06,1515.9,141.4,False,Dire Dawa,32156.943543242294,102505.32351535052,bole_lemi,Bole Lemi Industrial Park,89.0,True,4.7,2025-12-05 16:12:18.965467
TEN42550,Lalibela Apparel PLC,apparel,9491759,710,8.94,1384.1,119.7,False,any,93896.55419270229,239139.4645049234,hawassa,Hawassa Industrial Park,96.0,True,5.0,2024-05-29 16:12:18.965467
TEN96850,Ethiopia Automotive Industries,automotive,26000782,1573,18.58,3113.0,378.9,False,Addis Ababa,209916.47880486547,556850.253900592,semera,Semera Industrial Park,74.0,False,2.6,2025-06-02 16:12:18.965467
TEN31406,Merkato Coffee Processing Enterprise,coffee_processing,2655739,334,7.12,378.4,106.9,True,any,21688.114193768208,59865.12127850053,jimma,Jimma Industrial Park,96.0,True,5.0,2025-10-29 16:12:18.965467
TEN51465,Bole Food Processing Processing,food_processing,3731751,748,11.2,1006.4,268.6,False,SNNPR,30047.386315397147,97160.13946232191,adama,Adama Industrial Park,89.0,True,4.6,2024-06-27 16:12:18.965467
TEN39591,Axum Steel PLC,steel,27102808,285,6.23,297.6,66.5,True,any,222131.73362439446,807524.1568097742,dire_dawa_ftz,Dire Dawa Free Trade Zone,85.0,False,3.1,2025-09-05 16:12:18.965467
TEN82291,Axum Pharmaceutical Group,pharmaceutical,12286096,319,6.34,545.6,44.1,True,Oromia,100723.04051742656,251614.7352678927,kilinto,Kilinto Industrial Park,93.0,True,4.8,2024-02-15 16:12:18.965467
TEN28700,Merkato Horticulture Group,horticulture,7255367,614,8.79,424.5,63.7,False,SNNPR,68714.454458517,148942.86258901702,hawassa,Hawassa Industrial Park,66.0,False,2.4,2025-04-29 16:12:18.965467
TEN78235,Sheba Steel Textile Mill,steel,35721538,1597,17.29,3161.1,669.8,False,Amhara,331184.04134958406,745487.8813414108,semera,Semera Industrial Park,74.0,False,2.8,2024-03-31 16:12:18.965467
TEN11401,Bole Apparel International,apparel,13246579,514,6.72,329.2,169.7,True,Amhara,119449.23419442352,361737.23046006495,kombolcha,Kombolcha Industrial Park,96.0,True,5.0,2024-07-13 16:12:18.965467
TEN55227,Sheba Leather International,leather,733207,465,7.92,867.8,185.2,False,any,7260.02271911843,20701.098036865136,bahir_dar,Bahir Dar Industrial Park,96.0,True,5.0,2024-02-19 16:12:18.965467
TEN59688,African Electronics Factory,electronics,4276024,975,11.04,1024.3,149.5,True,Amhara,42501.35585486753,99971.6706752955,addis_industrial_village,Addis Industrial Village (AIV),89.0,True,5.0,2025-09-11 16:12:18.965467
TEN94275,Entoto Beverage PLC,beverage,8605487,356,5.38,291.8,140.7,False,Oromia,84943.28865559348,248913.1872493437,dire_dawa_ftz,Dire Dawa Free Trade Zone,74.0,True,4.3,2025-02-07 16:12:18.965467
TEN35892,Nile Beverage Corporation,beverage,2297914,412,4.64,756.1,71.9,True,Amhara,20747.031820690463,49490.41892221011,adama,Adama Industrial Park,89.0,True,4.6,2024-03-08 16:12:18.965467
TEN24246,Piassa Food Processing International,food_processing,8397013,331,5.59,314.1,89.8,True,any,81272.29502884453,181529.50726038747,dire_dawa_ftz,Dire Dawa Free Trade Zone,100.0,True,5.0,2024-01-14 16:12:18.965467
TEN72822,Axum Chemical Share Company,chemical,8360815,106,2.84,74.3,28.5,True,SNNPR,73927.92018152388,213211.12256232082,kilinto,Kilinto Industrial Park,93.0,True,5.0,2024-11-26 16:12:18.965467
TEN99710,Sheba Electronics PLC,electronics,7023795,793,9.02,1535.7,330.7,True,Addis Ababa,65718.98524724679,164507.1823222238,jimma,Jimma Industrial Park,59.0,True,3.4,2025-03-27 16:12:18.965467
TEN44541,Sheba Automotive International,automotive,33786477,319,4.8,232.5,97.1,True,any,325742.8183385831,742766.1198755647,dire_dawa_ftz,Dire Dawa Free Trade Zone,85.0,True,5.0,2024-08-13 16:12:18.965467
TEN29163,Bole Pharmaceutical PLC,pharmaceutical,21837252,146,4.79,105.6,21.6,False,SNNPR,201621.92210023385,456602.8390959453,kilinto,Kilinto Industrial Park,89.0,True,4.8,2024-04-01 16:12:18.965467
TEN46773,Harar Medical Processing,medical,6140128,277,5.19,164.0,75.0,True,Oromia,52153.86208399284,177763.2285042383,kilinto,Kilinto Industrial Park,93.0,True,5.0,2025-02-14 16:12:18.965467
TEN49892,Blue Nile Chemical Share Company,chemical,17839643,196,3.72,276.3,53.4,True,Oromia,166584.71461026595,478630.7557006971,kilinto,Kilinto Industrial Park,93.0,True,5.0,2025-01-04 16:12:18.965467
TEN25775,Ethiopia Electronics Group,electronics,6734284,669,8.26,611.4,223.3,True,Dire Dawa,66916.2928957261,194219.5367916624,ict_park,ICT Park,89.0,True,5.0,2025-10-25 16:12:18.965467
TEN35127,Bole Horticulture Corporation,horticulture,6252873,683,8.69,827.3,276.2,False,SNNPR,58922.1119878486,180807.24109531273,hawassa,Hawassa Industrial Park,66.0,False,2.3,2025-01-19 16:12:18.965467
TEN31880,Axum Coffee Processing Manufacturing,coffee_processing,2470130,509,9.69,306.2,136.2,False,Addis Ababa,21192.017710851964,73012.17470975855,jimma,Jimma Industrial Park,89.0,False,2.7,2024-11-28 16:12:18.965467
TEN62540,Axum Automotive Industries,automotive,40733446,1552,19.94,3037.7,258.0,False,Amhara,340862.8806704618,879843.6781789712,semera,Semera Industrial Park,74.0,True,4.6,2024-08-02 16:12:18.965467
TEN15978,Sheba Metal Textile Mill,metal,40237066,1181,13.47,2100.7,258.1,True,SNNPR,325042.3161729733,864348.2988687233,bole_lemi_ii,Bole Lemi II Industrial Park,78.0,True,4.7,2024-03-23 16:12:18.965467
TEN81994,Axum Medical Manufacturing,medical,4022752,893,11.84,448.4,213.4,False,Addis Ababa,35467.34029238019,105053.4457459607,kilinto,Kilinto Industrial Park,96.0,True,5.0,2025-01-10 16:12:18.965467
TEN86449,Blue Nile Medical Processing,medical,5192416,798,9.28,1562.0,251.3,False,any,51359.809851583275,117210.7517207384,kilinto,Kilinto Industrial Park,96.0,True,5.0,2024-10-14 16:12:18.967474
TEN58318,Horn Medical Enterprise,medical,5009606,382,5.24,551.9,169.3,True,Amhara,41015.55861420703,109285.23338449816,kilinto,Kilinto Industrial Park,93.0,True,4.8,2024-08-25 16:12:18.967474
TEN19103,Horn Pharmaceutical Share Company,pharmaceutical,11463834,381,4.4,283.6,65.2,True,any,101486.91569975027,281439.89433566504,kilinto,Kilinto Industrial Park,100.0,True,5.0,2025-08-22 16:12:18.967474
TEN15733,Horn Textile Industries,textile,2673190,2671,28.91,1418.5,1150.2,False,any,25502.861474453908,60618.7661606291,kombolcha,Kombolcha Industrial Park,96.0,True,4.8,2025-09-23 16:12:18.967474
TEN31383,Lalibela Horticulture Factory,horticulture,6177240,803,12.37,503.8,125.0,False,any,55334.58404587427,138605.45833160254,hawassa,Hawassa Industrial Park,66.0,True,3.8,2025-12-19 16:12:18.967474
TEN13145,Sheba Garment Processing,garment,10137578,621,8.05,787.0,269.9,True,any,88914.32557431968,238568.627900795,hawassa,Hawassa Industrial Park,100.0,True,5.0,2024-02-06 16:12:18.967474
TEN25512,Harar Leather Share Company,leather,3344728,553,10.49,462.7,266.9,True,Oromia,32748.8104254316,87113.65421993363,bole_lemi,Bole Lemi Industrial Park,93.0,True,5.0,2024-02-14 16:12:18.967474
TEN96734,Harar Steel Textile Mill,steel,49779958,457,8.16,656.8,98.2,False,Amhara,478954.8208422786,1349687.327659928,semera,Semera Industrial Park,74.0,True,4.6,2025-08-10 16:12:18.967474
TEN66027,Axum Footwear Manufacturing,footwear,3479340,1511,17.37,2390.4,625.9,False,Dire Dawa,28464.11185846795,104198.2890640259,bole_lemi,Bole Lemi Industrial Park,74.0,True,4.0,2024-11-01 16:12:18.967474
TEN60224,Bole Automotive Corporation,automotive,32779334,1570,18.91,2284.2,243.8,False,any,294824.0362809948,830553.1431232223,semera,Semera Industrial Park,81.0,False,2.6,2024-05-25 16:12:18.967474
TEN12248,Harar Steel Corporation,steel,43780631,1229,16.28,2110.1,230.7,True,SNNPR,391742.63731493836,934100.3380581106,dire_dawa_ftz,Dire Dawa Free Trade Zone,78.0,False,2.5,2025-08-20 16:12:18.967474
TEN17322,Horn Beverage Share Company,beverage,2918271,521,9.47,691.5,246.2,False,SNNPR,28961.224818861927,78908.96388054319,adama,Adama Industrial Park,89.0,True,5.0,2024-12-25 16:12:18.967474
TEN20353,Sheba Garment Share Company,garment,12119054,634,9.46,770.5,214.0,True,SNNPR,97254.86784461918,343098.6588300849,hawassa,Hawassa Industrial Park,100.0,True,5.0,2025-08-19 16:12:18.967474
TEN30432,Ethiopia Electronics International,electronics,5524905,765,10.27,1211.6,212.4,False,Addis Ababa,44554.15003278594,151997.48075805375,addis_industrial_village,Addis Industrial Village (AIV),96.0,True,5.0,2024-02-13 16:12:18.967474
TEN78354,Merkato Metal Manufacturing,metal,22317734,1284,17.48,1608.6,492.7,False,Addis Ababa,211712.0388441688,535715.4278913855,bole_lemi_ii,Bole Lemi II Industrial Park,81.0,True,4.9,2024-06-16 16:12:18.967474
TEN94757,Bole Apparel Industries,apparel,9009715,2118,23.09,3098.3,912.6,True,any,76941.51662006366,189600.4480145468,hawassa,Hawassa Industrial Park,100.0,True,5.0,2025-05-09 16:12:18.967474
TEN93674,Ethiopia Beverage Industries,beverage,9586001,216,3.14,176.7,22.5,False,SNNPR,81848.49767355945,285342.95900837786,adama,Adama Industrial Park,89.0,True,5.0,2025-11-24 16:12:18.967474
TEN51218,Merkato Garment Factory,garment,2563819,1488,19.63,762.9,361.1,True,SNNPR,25504.106075865508,69291.22881347223,hawassa,Hawassa Industrial Park,100.0,True,5.0,2025-09-28 16:12:18.967474
TEN29862,Piassa Electronics Share Company,electronics,3019714,876,9.37,1484.0,254.7,False,SNNPR,29503.83705518386,63211.39731323277,addis_industrial_village,Addis Industrial Village (AIV),89.0,True,5.0,2024-03-11 16:12:18.967474
TEN54436,Lalibela Footwear Factory,footwear,9415785,859,11.41,1368.5,309.7,False,SNNPR,87067.21339659618,276837.3681729086,bole_lemi,Bole Lemi Industrial Park,74.0,True,4.4,2025-05-10 16:12:18.967474
TEN28693,Lalibela Chemical Corporation,chemical,22363414,362,4.46,263.8,127.1,False,any,217709.3415149049,625590.3484130581,bole_lemi,Bole Lemi Industrial Park,66.0,True,3.6,2025-03-13 16:12:18.967474
TEN43557,Piassa Pharmaceutical International,pharmaceutical,11399177,84,3.93,86.5,10.8,False,Amhara,112262.76043566689,335116.3647436483,adama,Adama Industrial Park,59.0,True,3.8,2024-11-25 16:12:18.967474
TEN58979,Nile Steel International,steel,46586255,1905,23.68,1321.1,469.9,False,any,411188.38403520326,1141406.2340017955,dire_dawa_ftz,Dire Dawa Free Trade Zone,81.0,True,4.7,2025-05-04 16:12:18.967474
TEN70591,Nile Horticulture Factory,horticulture,3093123,58,4.92,54.3,9.5,True,Amhara,27627.01741507955,81735.29530395029,debre_birhan,Debre Birhan Industrial Park,66.0,True,3.5,2025-09-21 16:12:18.967474
TEN24984,Axum Manufacturing Enterprise,manufacturing,7766453,836,9.76,830.2,189.7,False,Amhara,62726.25997106117,167424.62069318176,semera,Semera Industrial Park,89.0,True,4.8,2025-12-08 16:12:18.967474
TEN45369,Axum Manufacturing International,manufacturing,6564842,113,5.18,222.4,20.9,True,Amhara,54830.94712940305,140601.70877814462,dire_dawa_ftz,Dire Dawa Free Trade Zone,93.0,True,5.0,2024-10-04 16:12:18.967474
TEN54829,Lalibela Steel Manufacturing,steel,19368336,1224,15.75,1088.3,529.0,True,any,162639.99671408447,569805.1426100894,dire_dawa_ftz,Dire Dawa Free Trade Zone,85.0,True,5.0,2024-01-27 16:12:18.967474
TEN90807,Horn Steel Factory,steel,43273317,876,11.01,451.1,362.0,False,Dire Dawa,403658.94817637233,1221823.75924259,dire_dawa_ftz,Dire Dawa Free Trade Zone,81.0,False,2.9,2025-12-26 16:12:18.968480
TEN69055,Horn Footwear International,footwear,3474414,2078,23.53,2025.2,866.1,False,Addis Ababa,30917.619510048746,103171.24750161775,bole_lemi_ii,Bole Lemi II Industrial Park,81.0,True,5.0,2024-11-05 16:12:18.968480
TEN11883,Harar Horticulture Factory,horticulture,3286712,842,11.62,694.0,154.8,True,any,26400.128074439,95204.704644747,hawassa,Hawassa Industrial Park,70.0,False,2.5,2024-03-16 16:12:18.968480
TEN70138,Bole Metal Factory,metal,32540592,997,12.05,1737.1,269.5,False,SNNPR,271837.2824970887,844393.1567787301,semera,Semera Industrial Park,74.0,True,4.5,2024-02-04 16:12:18.968480
TEN21749,Addis Steel Group,steel,24008475,1448,18.14,2761.1,669.5,True,Addis Ababa,236843.4499125335,505060.3589837588,bole_lemi_ii,Bole Lemi II Industrial Park,85.0,True,4.8,2024-04-01 16:12:18.968480
TEN82297,Merkato Metal Share Company,metal,44005925,1180,15.93,1771.8,520.0,True,any,369259.0183491111,1086758.9889570829,dire_dawa_ftz,Dire Dawa Free Trade Zone,85.0,False,3.2,2024-11-13 16:12:18.968480
TEN98250,Sheba Manufacturing PLC,manufacturing,6785479,57,4.59,71.9,11.8,False,Amhara,66500.23540632312,163839.23510750564,semera,Semera Industrial Park,89.0,True,4.8,2024-07-27 16:12:18.968480
TEN16760,Bole Agro Processing Manufacturing,agro_processing,3359017,443,9.25,881.2,87.2,False,Amhara,33183.00147803298,80294.33527757198,mekelle,Mekelle Industrial Park,89.0,True,4.8,2025-07-31 16:12:18.968480
TEN82470,African Steel Factory,steel,11682561,623,9.93,429.6,91.8,False,Oromia,98221.42546313454,244547.00806215336,semera,Semera Industrial Park,74.0,True,4.3,2025-12-12 16:12:18.968480
TEN56939,African Horticulture Industries,horticulture,1821583,992,12.99,533.6,390.5,False,any,16949.912586404982,40471.11545650088,hawassa,Hawassa Industrial Park,66.0,False,2.4,2024-12-18 16:12:18.968480
TEN24540,Piassa Food Processing Group,food_processing,1368201,775,9.49,1474.4,272.0,False,Addis Ababa,11281.32162708678,29304.613172005502,addis_industrial_village,Addis Industrial Village (AIV),96.0,True,4.9,2025-01-04 16:12:18.968480
TEN59185,Gondar Chemical International,chemical,5377982,250,5.21,133.2,32.4,False,Amhara,52793.52391438616,151043.26264806825,kilinto,Kilinto Industrial Park,89.0,True,4.6,2024-06-08 16:12:18.968480
TEN25937,Abyssinia Garment Group,garment,6751404,680,11.77,833.6,235.0,False,Oromia,54410.310768604875,136583.48027462818,hawassa,Hawassa Industrial Park,89.0,True,5.0,2025-09-14 16:12:18.968480
TEN22054,Harar Chemical Corporation,chemical,12990409,65,1.77,40.6,24.5,True,SNNPR,120860.80457339314,320479.0730857726,bole_lemi,Bole Lemi Industrial Park,63.0,True,3.5,2025-06-26 16:12:18.968480
TEN50840,African Food Processing Industries,food_processing,3819815,277,6.36,507.2,58.8,True,Dire Dawa,37844.90935892593,95030.5718702623,addis_industrial_village,Addis Industrial Village (AIV),89.0,True,4.7,2025-02-17 16:12:18.968480
TEN14424,Entoto Leather Textile Mill,leather,6926442,671,9.14,906.3,167.5,False,SNNPR,63541.36754451348,158856.11496537106,bole_lemi_ii,Bole Lemi II Industrial Park,89.0,True,4.6,2025-02-13 16:12:18.968480
TEN26030,Addis Steel Factory,steel,17476537,1769,19.8,1077.3,641.8,True,any,163870.23168127067,474803.0154242198,dire_dawa_ftz,Dire Dawa Free Trade Zone,85.0,True,4.6,2025-05-16 16:12:18.968480
TEN97994,Nile Horticulture Group,horticulture,6969141,117,2.95,95.7,21.9,False,any,68195.3308435219,168775.18198019374,hawassa,Hawassa Industrial Park,66.0,True,3.6,2025-06-22 16:12:18.968480
TEN87485,Merkato Garment Industries,garment,9365975,2223,22.94,2026.5,328.3,False,any,85725.15481550361,214015.9861231952,hawassa,Hawassa Industrial Park,96.0,True,5.0,2024-09-24 16:12:18.968480
TEN22467,Bole Beverage Textile Mill,beverage,7258043,184,2.51,239.2,57.2,True,Amhara,62051.52881905331,199864.1697230795,adama,Adama Industrial Park,89.0,True,4.8,2024-04-22 16:12:18.968480
TEN90999,Blue Nile Garment PLC,garment,6007056,1811,21.74,2140.4,795.9,False,Oromia,50747.78157567237,169726.75600874313,hawassa,Hawassa Industrial Park,89.0,False,3.3,2024-10-20 16:12:18.968480
TEN16880,Axum Medical PLC,medical,1976675,224,3.6,415.2,55.5,False,any,16251.445400330605,58255.47567734178,kilinto,Kilinto Industrial Park,96.0,True,5.0,2024-12-17 16:12:18.968480
TEN64171,Piassa Food Processing International,food_processing,3357807,815,12.81,1120.8,120.6,True,Dire Dawa,27684.267908144517,84871.55795721206,dire_dawa_ftz,Dire Dawa Free Trade Zone,100.0,True,5.0,2025-02-14 16:12:18.969494
TEN96439,Abyssinia Automotive Share Company,automotive,11160551,612,7.81,577.9,81.5,False,any,90961.71387231586,278411.7470105535,semera,Semera Industrial Park,81.0,True,4.5,2024-12-11 16:12:18.969494
TEN69509,Horn Chemical Corporation,chemical,5507603,299,5.02,514.6,121.0,False,Oromia,45224.69589984266,117315.27657686366,jimma,Jimma Industrial Park,66.0,False,2.6,2024-08-02 16:12:18.969494
TEN94984,Blue Nile Chemical Manufacturing,chemical,15428648,449,5.84,411.6,74.4,True,any,137652.9817640807,325108.36490558804,kilinto,Kilinto Industrial Park,100.0,True,5.0,2025-04-11 16:12:18.969494
TEN29742,Merkato Textile Corporation,textile,12104596,2150,24.39,2210.1,316.8,False,SNNPR,107267.26020621386,282489.73872594454,hawassa,Hawassa Industrial Park,96.0,True,4.8,2024-12-14 16:12:18.969494
TEN99281,Ethiopia Steel International,steel,24730401,547,6.82,418.4,115.1,False,Addis Ababa,210156.1900096565,522079.2403779501,bole_lemi_ii,Bole Lemi II Industrial Park,81.0,False,2.8,2025-05-10 16:12:18.969494
TEN45162,Meskel Apparel Industries,apparel,2695035,2379,25.53,4339.1,903.6,False,SNNPR,22482.138923918435,59387.130426479394,hawassa,Hawassa Industrial Park,96.0,True,5.0,2026-01-06 16:12:18.969494
TEN32312,Gondar Leather International,leather,8942968,239,6.98,342.5,94.6,False,any,72786.00513757387,195613.51081496108,bahir_dar,Bahir Dar Industrial Park,96.0,False,3.4,2024-10-28 16:12:18.969494
TEN72105,Addis Agro Processing Enterprise,agro_processing,3478208,121,6.09,220.4,20.4,False,Oromia,33900.135410777526,86001.06648764038,adama,Adama Industrial Park,96.0,True,5.0,2025-03-18 16:12:18.969494
TEN69325,Meskel Medical Factory,medical,8941397,587,7.12,422.6,80.8,True,any,89231.44243950203,201837.68743119083,kilinto,Kilinto Industrial Park,100.0,True,5.0,2025-01-13 16:12:18.969494
TEN45381,Entoto Beverage International,beverage,6099209,777,12.28,1291.2,344.0,False,Addis Ababa,49046.51199987525,181673.32267142553,addis_industrial_village,Addis Industrial Village (AIV),81.0,True,4.1,2024-05-28 16:12:18.969494
TEN92167,Piassa Steel Corporation,steel,18845063,886,12.71,700.6,427.0,False,any,157354.47627959977,548453.01984183,semera,Semera Industrial Park,81.0,True,4.6,2025-04-02 16:12:18.969494
TEN84273,Harar Beverage Textile Mill,beverage,1189543,245,5.56,380.4,106.2,True,any,9778.496860446723,23890.00696761065,dire_dawa_ftz,Dire Dawa Free Trade Zone,85.0,True,4.4,2025-03-19 16:12:18.969494
TEN87735,Blue Nile Horticulture PLC,horticulture,3228089,730,9.17,680.6,306.5,True,Oromia,28977.69268018027,64726.09771382759,adama,Adama Industrial Park,66.0,False,1.7,2025-08-21 16:12:18.970474
TEN45477,Horn Coffee Processing Industries,coffee_processing,5252407,949,13.52,1189.1,458.8,False,any,46557.86912260564,153278.88397435832,jimma,Jimma Industrial Park,96.0,True,5.0,2025-04-30 16:12:18.970474
TEN67123,Gondar Manufacturing Group,manufacturing,7196015,482,9.67,312.0,98.6,True,Dire Dawa,59571.1503326279,199161.2545499152,dire_dawa_ftz,Dire Dawa Free Trade Zone,100.0,True,5.0,2025-03-03 16:12:18.970474
TEN22588,Horn Apparel Corporation,apparel,10507062,1417,18.84,1688.7,245.6,False,any,93342.66537277923,243055.71098100566,bole_lemi,Bole Lemi Industrial Park,81.0,True,4.5,2024-11-05 16:12:18.970474
TEN41804,Entoto Steel Factory,steel,6857099,1094,15.55,590.4,444.9,True,Oromia,56602.26463865413,174394.51098627812,dire_dawa_ftz,Dire Dawa Free Trade Zone,78.0,True,4.7,2024-12-03 16:12:18.970474
TEN45412,Blue Nile Footwear Factory,footwear,12242064,1850,19.03,3165.8,832.4,False,Addis Ababa,112488.40090778084,345463.71720317105,bole_lemi,Bole Lemi Industrial Park,81.0,True,4.9,2025-09-07 16:12:18.970474
TEN49438,Lalibela Electronics PLC,electronics,1389532,807,11.73,1028.4,262.1,False,SNNPR,13355.116769880484,36456.64977292753,addis_industrial_village,Addis Industrial Village (AIV),89.0,True,4.6,2025-09-08 16:12:18.970474
TEN49311,Merkato Electronics Enterprise,electronics,4647429,149,2.91,180.4,64.5,False,Addis Ababa,46313.45425288557,131070.0903487392,bole_lemi,Bole Lemi Industrial Park,66.0,False,2.4,2024-03-07 16:12:18.970474
TEN36260,Meskel Leather Enterprise,leather,2953606,492,8.28,382.4,210.3,False,Dire Dawa,25342.15325451461,78788.48944511762,mekelle,Mekelle Industrial Park,59.0,True,3.2,2024-12-10 16:12:18.970474
TEN49683,Ethiopia Leather International,leather,7494362,525,9.41,379.2,112.0,True,Dire Dawa,69703.89673422034,199139.5459274392,bole_lemi,Bole Lemi Industrial Park,93.0,True,5.0,2025-08-20 16:12:18.970474
TEN78820,Merkato Metal Corporation,metal,35759359,1957,21.32,3860.4,475.7,False,Oromia,290563.79947338207,949739.6984649105,semera,Semera Industrial Park,74.0,True,4.0,2025-08-19 16:12:18.970474
TEN89408,African Food Processing Group,food_processing,5582320,903,13.69,543.9,393.5,False,any,52568.709489581466,139947.6584275812,adama,Adama Industrial Park,96.0,True,5.0,2024-05-17 16:12:18.970474
TEN75461,Meskel Coffee Processing Factory,coffee_processing,7274201,648,7.28,352.7,254.8,True,any,69249.07370889542,216867.82001611133,dire_dawa_ftz,Dire Dawa Free Trade Zone,85.0,True,5.0,2024-12-12 16:12:18.970474
TEN89499,Addis Steel Manufacturing,steel,9155826,281,6.06,188.8,123.3,True,any,79127.56377404626,247090.63169705434,dire_dawa_ftz,Dire Dawa Free Trade Zone,85.0,False,2.9,2025-06-19 16:12:18.970474
TEN35204,Nile Chemical Group,chemical,18478682,179,4.26,166.3,32.3,True,any,148725.41537155013,546938.0054740716,kilinto,Kilinto Industrial Park,100.0,True,5.0,2026-01-04 16:12:18.970474
TEN94178,Entoto Coffee Processing Enterprise,coffee_processing,7345563,842,11.48,1512.9,199.0,False,any,61557.829166690564,162151.45066387032,adama,Adama Industrial Park,81.0,True,4.9,2025-08-21 16:12:18.970474
TEN25456,Meskel Apparel Industries,apparel,8172456,1997,23.28,3616.5,654.3,True,Addis Ababa,66221.06786876378,207624.35208457138,hawassa,Hawassa Industrial Park,93.0,True,4.9,2025-04-27 16:12:18.970474
TEN90117,Entoto Manufacturing Textile Mill,manufacturing,6504652,770,8.51,1391.6,375.2,True,Dire Dawa,57230.78590813509,133777.8081999463,dire_dawa_ftz,Dire Dawa Free Trade Zone,100.0,True,5.0,2025-04-15 16:12:18.970474
TEN96944,Ethiopia Textile Industries,textile,6671458,332,5.72,265.9,151.1,True,Oromia,59957.12843036045,187178.56680928395,arerti,Arerti Industrial Park,96.0,True,5.0,2025-12-04 16:12:18.970474
TEN45456,Ethiopia Coffee Processing Share Company,coffee_processing,7483351,122,4.41,173.1,16.1,False,any,60399.62386016818,187652.82887093606,jimma,Jimma Industrial Park,96.0,True,5.0,2025-05-21 16:12:18.970474
TEN12371,Meskel Textile PLC,textile,1442143,426,8.24,731.5,133.6,False,any,12653.722612037142,34283.02446658684,hawassa,Hawassa Industrial Park,96.0,True,5.0,2025-09-13 16:12:18.970474
TEN22057,Addis Metal Industries,metal,46315786,391,8.83,411.2,69.4,False,SNNPR,408789.19310100103,1274873.9970297397,dire_dawa_ftz,Dire Dawa Free Trade Zone,74.0,False,2.0,2025-04-29 16:12:18.970474
TEN42013,Lalibela Garment Manufacturing,garment,1950506,513,6.2,395.5,60.3,True,any,17968.54439385697,48347.218854659,hawassa,Hawassa Industrial Park,100.0,True,5.0,2024-07-02 16:12:18.970474
TEN48362,Sheba Chemical Corporation,chemical,13977533,303,7.57,541.8,84.1,True,Dire Dawa,136783.53624688782,324119.2748308878,kilinto,Kilinto Industrial Park,93.0,True,5.0,2024-11-15 16:12:18.970474
TEN37625,Blue Nile Automotive Factory,automotive,10264427,722,8.64,509.5,354.1,True,any,96997.00309487122,286166.0718713411,dire_dawa_ftz,Dire Dawa Free Trade Zone,85.0,True,4.7,2024-10-02 16:12:18.970474
TEN17827,Axum Leather Group,leather,8870278,71,4.97,64.3,23.8,True,any,77773.46671849415,179077.47237711583,bole_lemi,Bole Lemi Industrial Park,100.0,True,5.0,2024-12-17 16:12:18.970474
TEN89788,Gondar Pharmaceutical Textile Mill,pharmaceutical,16464811,387,6.77,576.9,43.5,False,any,158399.5063304514,426596.4409729644,kilinto,Kilinto Industrial Park,96.0,True,5.0,2024-10-22 16:12:18.970474
TEN70752,Bole Steel Group,steel,8833163,1752,21.65,2330.1,842.7,False,Dire Dawa,83371.28243903622,244591.37443010806,dire_dawa_ftz,Dire Dawa Free Trade Zone,81.0,False,2.7,2025-05-11 16:12:18.970474
TEN84852,Merkato Footwear PLC,footwear,5709366,262,6.72,504.7,35.2,True,Oromia,52703.697072802446,134837.80375630638,bole_lemi,Bole Lemi Industrial Park,78.0,False,2.9,2024-04-27 16:12:18.970474
TEN11162,Piassa Textile PLC,textile,6148846,709,10.15,695.9,145.9,True,Amhara,61068.93029835916,152504.16486109825,bahir_dar,Bahir Dar Industrial Park,96.0,True,5.0,2025-10-20 16:12:18.970474
TEN26675,Sheba Food Processing International,food_processing,9751760,724,9.15,431.6,124.5,False,Amhara,81417.3529271792,279996.35410207015,adama,Adama Industrial Park,89.0,True,5.0,2025-07-05 16:12:18.970474
TEN43954,Axum Electronics PLC,electronics,7887157,931,12.42,524.1,360.2,True,any,73798.35847959867,225374.74680921444,addis_industrial_village,Addis Industrial Village (AIV),96.0,True,5.0,2025-01-16 16:12:18.970474
TEN19357,Bole Leather Textile Mill,leather,9005007,129,3.79,163.4,25.1,True,Amhara,74616.91947758765,209505.13863799235,bahir_dar,Bahir Dar Industrial Park,96.0,True,5.0,2024-03-13 16:12:18.970474
TEN13346,Blue Nile Coffee Processing Group,coffee_processing,5433559,531,8.61,393.2,62.6,False,any,45766.64628417064,125683.9665177197,jimma,Jimma Industrial Park,96.0,True,5.0,2024-01-11 16:12:18.970474
TEN20281,Nile Coffee Processing Industries,coffee_processing,6855875,270,6.94,148.2,105.4,True,any,62599.65615078851,205526.30984057923,jimma,Jimma Industrial Park,96.0,True,5.0,2025-09-07 16:12:18.970474
TEN48412,Sheba Electronics Factory,electronics,1362877,867,11.9,1290.8,267.2,True,Dire Dawa,11565.574136248199,37719.57553509979,addis_industrial_village,Addis Industrial Village (AIV),89.0,True,5.0,2025-09-13 16:12:18.970474
TEN89327,Sheba Medical Enterprise,medical,7377413,505,7.18,519.1,152.6,False,any,70621.08479418013,164498.8478193287,hawassa,Hawassa Industrial Park,66.0,False,1.9,2024-11-18 16:12:18.970474
TEN85499,Meskel Footwear International,footwear,5366756,2680,30.88,2713.1,394.5,False,SNNPR,52395.00814077719,117966.88994686783,bahir_dar,Bahir Dar Industrial Park,74.0,True,3.9,2024-11-07 16:12:18.970474
TEN13136,African Food Processing Share Company,food_processing,9804287,883,12.53,1063.8,124.0,False,any,81030.03500502571,281077.1420357652,addis_industrial_village,Addis Industrial Village (AIV),96.0,True,5.0,2024-06-18 16:12:18.970474
TEN15929,Nile Medical Factory,medical,5422299,779,8.83,1438.1,357.8,False,any,53679.88229232811,157825.45938784332,kilinto,Kilinto Industrial Park,96.0,True,5.0,2024-09-08 16:12:18.970474
TEN87798,Harar Footwear International,footwear,13141796,951,13.46,1782.7,451.4,True,any,122203.05775742812,312692.55350858835,bole_lemi,Bole Lemi Industrial Park,85.0,True,4.8,2025-10-02 16:12:18.970474
TEN65927,Lalibela Medical Factory,medical,8776091,354,5.58,476.6,162.5,False,any,76949.95498497135,241983.17595091934,kilinto,Kilinto Industrial Park,96.0,True,5.0,2025-06-08 16:12:18.970474
TEN73784,Piassa Steel Industries,steel,23673459,1213,15.22,1726.4,169.6,True,Oromia,231306.2262306637,541762.0954280511,bole_lemi_ii,Bole Lemi II Industrial Park,78.0,False,2.8,2025-08-18 16:12:18.970474
TEN80756,Abyssinia Leather PLC,leather,9763765,261,6.88,426.0,29.0,False,any,87646.69966164915,275572.32842006226,bole_lemi,Bole Lemi Industrial Park,96.0,True,5.0,2024-10-30 16:12:18.970474
TEN68249,Bole Metal Enterprise,metal,13467709,1216,16.4,1146.0,174.9,False,any,114827.20965232125,385782.89484968665,debre_birhan,Debre Birhan Industrial Park,66.0,False,2.7,2025-10-21 16:12:18.970474
TEN51262,Ethiopia Medical Processing,medical,1747391,794,9.91,1000.9,167.1,False,Addis Ababa,14330.139720582969,47268.73835697348,kilinto,Kilinto Industrial Park,96.0,True,5.0,2024-04-08 16:12:18.970474
TEN44771,Meskel Garment Manufacturing,garment,11524096,2798,28.52,1973.5,700.9,False,any,103359.78232362794,252044.0632806009,hawassa,Hawassa Industrial Park,96.0,True,5.0,2025-10-11 16:12:18.970474
TEN44481,Merkato Electronics International,electronics,4093496,927,9.78,557.0,299.5,True,Amhara,37528.34408028865,107974.74274778078,addis_industrial_village,Addis Industrial Village (AIV),89.0,True,4.6,2025-03-08 16:12:18.970474
TEN22652,Sheba Medical Share Company,medical,5400891,946,12.97,1168.6,333.0,False,Oromia,53608.36859474739,156454.00412251917,kilinto,Kilinto Industrial Park,89.0,True,4.9,2025-05-01 16:12:18.970474
TEN73404,Meskel Steel Group,steel,16824208,387,6.46,378.6,56.3,False,any,148456.90960412356,375997.5017164177,semera,Semera Industrial Park,81.0,True,4.9,2024-11-17 16:12:18.970474
TEN17160,Axum Garment Enterprise,garment,13948632,2503,26.98,3785.7,662.0,False,Oromia,131903.4767235443,326375.88814379176,bole_lemi_ii,Bole Lemi II Industrial Park,89.0,True,4.7,2025-07-23 16:12:18.970474
TEN59700,Nile Horticulture Factory,horticulture,2350788,261,7.38,370.6,60.5,False,Addis Ababa,23095.21592567623,65042.59090439215,bole_lemi,Bole Lemi Industrial Park,66.0,True,3.8,2025-01-04 16:12:18.970474
TEN53450,Bole Horticulture Industries,horticulture,3133903,253,6.8,276.6,97.9,True,Oromia,28537.01466107937,70472.19420529403,adama,Adama Industrial Park,66.0,False,2.5,2024-07-19 16:12:18.970474
TEN42415,Ethiopia Leather Textile Mill,leather,7176281,563,9.69,317.2,120.1,True,any,68173.45516027075,201868.48613882804,bole_lemi,Bole Lemi Industrial Park,100.0,True,5.0,2025-04-08 16:12:18.970474
TEN81001,Horn Apparel Share Company,apparel,2239672,513,7.9,797.8,201.6,True,any,21213.60609052464,62545.5283438603,hawassa,Hawassa Industrial Park,100.0,True,5.0,2025-02-12 16:12:18.970474
TEN48173,Bole Steel Share Company,steel,6572491,1199,13.85,1424.8,167.7,False,Amhara,55501.4391228418,158155.8697603251,semera,Semera Industrial Park,74.0,True,4.4,2024-08-09 16:12:18.970474
TEN69279,Sheba Medical Group,medical,788778,441,9.38,701.8,211.9,False,any,7848.641774250837,18909.75848439799,kilinto,Kilinto Industrial Park,96.0,True,5.0,2024-03-22 16:12:18.970474
TEN74200,Sheba Beverage Share Company,beverage,2912081,390,8.04,765.9,53.9,True,any,24119.780109233197,76194.26361431375,adama,Adama Industrial Park,96.0,True,5.0,2025-05-16 16:12:18.970474
TEN88476,Bole Garment PLC,garment,5228258,2221,24.56,3577.5,963.3,True,any,44629.92539335423,115503.93980131857,hawassa,Hawassa Industrial Park,100.0,True,5.0,2024-03-13 16:12:18.970474
TEN65797,Nile Medical Processing,medical,8240538,379,7.48,482.0,168.1,False,Addis Ababa,68022.05628493101,165933.49377407422,kilinto,Kilinto Industrial Park,96.0,True,5.0,2025-09-15 16:12:18.970474
TEN11213,Lalibela Garment Share Company,garment,9307817,1937,20.64,3302.1,571.2,False,Amhara,82569.26117167242,213542.1395320564,bole_lemi_ii,Bole Lemi II Industrial Park,89.0,True,5.0,2024-12-25 16:12:18.970474
TEN71880,Piassa Pharmaceutical Industries,pharmaceutical,11737388,122,4.07,98.4,42.2,False,Oromia,115876.24794880167,343562.6889859287,kilinto,Kilinto Industrial Park,89.0,True,4.6,2024-07-22 16:12:18.970474
TEN36118,Blue Nile Automotive Corporation,automotive,26319682,170,4.07,123.3,21.6,False,SNNPR,234697.53036530822,551322.2129790781,semera,Semera Industrial Park,74.0,True,3.8,2024-03-29 16:12:18.970474
TEN65858,Lalibela Horticulture Factory,horticulture,4292145,954,11.59,497.2,168.9,True,any,39698.057140099816,103151.76271221007,hawassa,Hawassa Industrial Park,70.0,True,4.2,2025-10-22 16:12:18.970474
TEN53274,Axum Footwear Group,footwear,13258408,621,7.68,476.6,202.1,True,Amhara,123793.67365268654,327934.3700753035,bahir_dar,Bahir Dar Industrial Park,81.0,True,5.0,2025-10-08 16:12:18.970474
TEN65758,Meskel Footwear Factory,footwear,3765193,787,10.51,393.8,103.2,False,Amhara,32399.92494847171,103919.60644150985,bahir_dar,Bahir Dar Industrial Park,81.0,True,4.8,2024-01-17 16:12:18.970474
TEN93069,Axum Automotive Manufacturing,automotive,25921982,877,13.04,855.5,115.1,False,SNNPR,250918.36248357713,663728.6851638296,semera,Semera Industrial Park,74.0,False,2.7,2024-06-17 16:12:18.970474
TEN38020,Abyssinia Steel Processing,steel,28365997,1485,16.15,2671.8,656.6,False,Amhara,248157.42053898808,832029.2809380556,kombolcha,Kombolcha Industrial Park,66.0,True,3.8,2026-01-04 16:12:18.970474
TEN94105,Meskel Beverage Processing,beverage,2078878,386,8.46,723.3,116.2,True,Oromia,16813.621782181435,56036.13726528271,adama,Adama Industrial Park,96.0,True,5.0,2025-12-09 16:12:18.970474
TEN15006,Harar Automotive PLC,automotive,47428913,1394,16.49,1060.4,557.6,False,Addis Ababa,437571.60939142876,1286893.6534413733,bole_lemi_ii,Bole Lemi II Industrial Park,81.0,True,4.9,2025-10-17 16:12:18.970474
TEN95865,Addis Steel Factory,steel,13014594,1858,19.33,2705.7,232.1,True,SNNPR,125910.30207341487,370685.5740589069,dire_dawa_ftz,Dire Dawa Free Trade Zone,78.0,True,4.8,2024-05-19 16:12:18.970474
TEN29334,Axum Coffee Processing Share Company,coffee_processing,737753,578,10.51,638.6,251.5,False,Dire Dawa,6156.674542227325,15083.422273404727,jimma,Jimma Industrial Park,89.0,True,4.9,2024-03-30 16:12:18.970474
TEN21555,Blue Nile Textile Share Company,textile,5592983,1474,17.76,997.3,422.3,False,Amhara,46785.313660251406,116692.9847000061,kombolcha,Kombolcha Industrial Park,96.0,True,4.8,2025-07-20 16:12:18.970474
TEN94189,Abyssinia Textile Manufacturing,textile,11702951,1090,13.09,677.9,424.8,True,any,100890.83774863125,278449.53688634705,hawassa,Hawassa Industrial Park,100.0,True,5.0,2024-11-12 16:12:18.970474
TEN74210,Harar Medical Group,medical,3658231,905,10.78,722.9,445.0,True,Addis Ababa,31926.210148181413,101419.7186896557,kilinto,Kilinto Industrial Park,100.0,True,5.0,2025-07-19 16:12:18.970474
TEN99393,Lalibela Garment Industries,garment,7470648,2597,27.17,3513.9,1292.0,False,any,64877.81409069877,221765.47283112738,hawassa,Hawassa Industrial Park,96.0,True,5.0,2024-08-02 16:12:18.970474
TEN71242,Gondar Chemical Factory,chemical,9323419,182,4.42,99.6,26.6,False,SNNPR,85099.86914268303,247844.8954963835,bole_lemi,Bole Lemi Industrial Park,59.0,False,2.1,2026-01-01 16:12:18.970474
TEN81667,African Pharmaceutical PLC,pharmaceutical,17954995,265,4.66,390.0,37.1,False,Amhara,159404.7584343888,469812.6123079416,kilinto,Kilinto Industrial Park,89.0,True,5.0,2024-09-12 16:12:18.970474
TEN40710,Entoto Medical Share Company,medical,6761504,308,6.28,376.9,80.2,True,any,59785.02884297761,187569.01953008692,kombolcha,Kombolcha Industrial Park,66.0,True,3.5,2025-07-23 16:12:18.970474
TEN21848,Lalibela Beverage Manufacturing,beverage,9292694,957,10.96,1874.4,383.5,True,Addis Ababa,89237.54763963306,228480.72370779497,adama,Adama Industrial Park,89.0,True,4.6,2025-07-17 16:12:18.970474
TEN59054,Addis Beverage Enterprise,beverage,1848473,364,4.97,650.3,100.0,False,Dire Dawa,15376.817682932295,38816.33358941654,adama,Adama Industrial Park,89.0,True,4.7,2024-09-13 16:12:18.970474
TEN27501,Merkato Manufacturing Factory,manufacturing,8275970,901,12.69,1481.8,124.6,True,any,81071.75451619983,233365.0635243712,dire_dawa_ftz,Dire Dawa Free Trade Zone,100.0,True,5.0,2025-10-28 16:12:18.970474
TEN90028,Merkato Coffee Processing Share Company,coffee_processing,951244,550,7.0,777.0,223.9,True,Addis Ababa,8838.155006444455,20338.356766754252,jimma,Jimma Industrial Park,89.0,True,4.9,2025-01-27 16:12:18.970474
TEN33529,African Manufacturing Processing,manufacturing,3517812,719,9.61,666.8,183.1,False,Amhara,32943.18210725199,99702.97081799468,semera,Semera Industrial Park,89.0,True,5.0,2025-09-28 16:12:18.970474
TEN65372,Ethiopia Manufacturing Textile Mill,manufacturing,705092,872,9.94,604.4,264.0,False,Amhara,6240.037690137138,19334.08101839803,semera,Semera Industrial Park,89.0,True,5.0,2024-08-13 16:12:18.970474
TEN79692,Merkato Coffee Processing International,coffee_processing,8444805,849,12.19,1499.5,414.9,True,Amhara,68909.76268786425,169483.5821835947,semera,Semera Industrial Park,76.0,True,4.6,2024-10-01 16:12:18.970474
TEN99966,Harar Steel Textile Mill,steel,36189728,249,4.26,169.9,73.7,True,any,320329.9420553094,968073.8782438883,dire_dawa_ftz,Dire Dawa Free Trade Zone,85.0,True,4.5,2025-03-15 16:12:18.970474
TEN79634,Merkato Coffee Processing Industries,coffee_processing,793919,477,7.28,451.5,54.5,True,any,6629.594644940383,20125.72915217347,jimma,Jimma Industrial Park,96.0,True,5.0,2025-04-03 16:12:18.970474
TEN20031,Gondar Coffee Processing Factory,coffee_processing,4595330,519,9.82,962.9,245.4,False,Addis Ababa,37114.52629132832,119908.40373207611,jimma,Jimma Industrial Park,89.0,True,4.6,2024-08-03 16:12:18.970474
TEN66811,Blue Nile Apparel Industries,apparel,11682742,1583,19.7,1794.8,172.5,False,Addis Ababa,106801.17684918863,349888.59074853896,hawassa,Hawassa Industrial Park,89.0,True,5.0,2024-01-30 16:12:18.970474
TEN46287,Entoto Garment International,garment,10618982,1732,19.95,2842.3,475.9,False,any,85923.32679289076,254714.40301719194,hawassa,Hawassa Industrial Park,96.0,True,4.8,2025-06-11 16:12:18.970474
TEN39468,Addis Textile Factory,textile,12026200,1897,20.05,1708.4,644.3,False,SNNPR,101526.56854834466,314050.536676207,hawassa,Hawassa Industrial Park,96.0,True,5.0,2024-11-05 16:12:18.970474
TEN29893,Piassa Agro Processing Enterprise,agro_processing,7026999,654,9.18,874.1,155.1,True,any,59176.28952213927,189569.13437508905,dire_dawa_ftz,Dire Dawa Free Trade Zone,100.0,True,5.0,2024-06-03 16:12:18.970474
TEN51331,Piassa Apparel International,apparel,9162761,2786,30.89,2836.0,509.9,False,Oromia,81867.07242713244,197540.01002220015,hawassa,Hawassa Industrial Park,89.0,True,5.0,2024-11-10 16:12:18.970474
TEN22711,Merkato Textile Industries,textile,10335505,1362,17.47,2702.9,340.7,False,Addis Ababa,87051.93130677535,218144.55511999188,bole_lemi,Bole Lemi Industrial Park,96.0,True,5.0,2024-11-25 16:12:18.970474
TEN97062,Gondar Horticulture Corporation,horticulture,6405993,468,8.56,527.6,159.0,True,Addis Ababa,58110.39024922767,153242.45840172961,bole_lemi_ii,Bole Lemi II Industrial Park,70.0,False,2.1,2024-10-06 16:12:18.970474
TEN99568,Blue Nile Pharmaceutical Processing,pharmaceutical,7960160,497,7.27,251.0,214.7,False,any,72917.57828383349,192484.62118916254,kilinto,Kilinto Industrial Park,96.0,True,4.8,2025-05-25 16:12:18.970474
TEN42760,African Footwear Group,footwear,11400536,2697,29.74,1674.2,885.2,False,Dire Dawa,105466.24736707096,306031.7770690145,bahir_dar,Bahir Dar Industrial Park,74.0,False,2.9,2024-03-11 16:12:18.970474
TEN32965,Meskel Manufacturing Industries,manufacturing,9078785,615,10.54,1091.9,101.2,True,any,78490.1672843961,208174.8982115445,bole_lemi_ii,Bole Lemi II Industrial Park,100.0,True,5.0,2024-02-09 16:12:18.970474
TEN42094,Piassa Metal Share Company,metal,16870074,645,11.33,806.5,93.2,False,SNNPR,135192.83602867063,342854.32119301305,semera,Semera Industrial Park,74.0,False,3.0,2024-12-11 16:12:18.970474
TEN13109,Piassa Apparel Enterprise,apparel,5362566,1908,23.56,2491.9,737.1,False,any,51778.29711583694,110457.39817489026,kombolcha,Kombolcha Industrial Park,96.0,True,5.0,2024-08-04 16:12:18.970474
TEN32145,Harar Metal Processing,metal,13325314,1027,11.24,1818.4,414.1,False,any,124099.63532582861,285421.5765499043,semera,Semera Industrial Park,81.0,True,4.3,2025-02-06 16:12:18.970474
TEN43806,Axum Apparel Group,apparel,12896436,2076,23.47,1800.1,423.5,True,Amhara,104093.44499960373,275986.436399052,kombolcha,Kombolcha Industrial Park,96.0,True,5.0,2024-06-11 16:12:18.970474
TEN98247,Lalibela Coffee Processing Manufacturing,coffee_processing,5385832,780,9.68,1227.5,255.1,True,any,51097.899771929515,145152.61659661154,jimma,Jimma Industrial Park,96.0,True,5.0,2024-03-28 16:12:18.970474
TEN63194,Meskel Medical Group,medical,4051099,78,3.9,56.4,8.2,True,Dire Dawa,39700.80267516439,120415.00088096589,kilinto,Kilinto Industrial Park,93.0,True,5.0,2024-07-23 16:12:18.970474
TEN54874,Sheba Coffee Processing Textile Mill,coffee_processing,8641073,437,7.79,789.3,128.0,False,Addis Ababa,72696.12460411896,185790.71865831708,jimma,Jimma Industrial Park,89.0,True,4.6,2025-06-22 16:12:18.970474
TEN78697,Sheba Coffee Processing Industries,coffee_processing,8206139,560,8.66,816.5,58.7,False,any,71615.96522782961,166817.71958634385,jimma,Jimma Industrial Park,96.0,True,5.0,2025-04-07 16:12:18.970474
TEN33944,Sheba Horticulture Industries,horticulture,9521597,597,10.4,1167.5,73.1,False,Oromia,89305.67575493391,233856.7114259756,adama,Adama Industrial Park,66.0,True,3.9,2025-10-08 16:12:18.970474
TEN72558,Piassa Chemical Share Company,chemical,4136374,425,8.83,297.0,94.0,True,Dire Dawa,37532.9087355248,115049.62707934302,kilinto,Kilinto Industrial Park,93.0,True,4.8,2025-09-12 16:12:18.976053
TEN66328,Blue Nile Metal Enterprise,metal,36946222,320,4.59,420.3,59.5,False,Dire Dawa,353013.45635743515,810895.223986915,bole_lemi_ii,Bole Lemi II Industrial Park,74.0,False,2.2,2024-11-19 16:12:18.976053
TEN42639,Gondar Food Processing Textile Mill,food_processing,3461713,604,8.02,739.9,129.0,False,Dire Dawa,32386.696763387663,86648.8323563864,dire_dawa_ftz,Dire Dawa Free Trade Zone,96.0,True,5.0,2025-07-07 16:12:18.976053
TEN98208,Lalibela Automotive Share Company,automotive,26421655,163,6.15,206.1,48.6,True,any,260268.90833499804,645533.4345775178,dire_dawa_ftz,Dire Dawa Free Trade Zone,85.0,True,4.4,2025-09-20 16:12:18.976053
TEN37563,Horn Medical Factory,medical,5653966,268,5.44,262.6,83.7,True,Dire Dawa,47000.14976459505,156411.16741962088,kilinto,Kilinto Industrial Park,93.0,True,5.0,2025-08-02 16:12:18.976053
TEN71863,Lalibela Agro Processing Factory,agro_processing,8448628,628,9.72,1057.0,258.7,True,any,70038.8984710353,197167.50424743496,dire_dawa_ftz,Dire Dawa Free Trade Zone,100.0,True,5.0,2024-10-31 16:12:18.976053
TEN28340,Piassa Manufacturing Textile Mill,manufacturing,7498173,830,8.83,1585.3,101.4,False,any,60277.50717508061,202776.0099557773,semera,Semera Industrial Park,96.0,True,5.0,2024-12-23 16:12:18.976053
TEN67685,Axum Textile Share Company,textile,8172232,1518,19.24,1500.6,491.8,True,Dire Dawa,66594.32400968544,176554.3667672529,hawassa,Hawassa Industrial Park,93.0,False,3.2,2025-11-23 16:12:18.976053
TEN46181,Harar Manufacturing Enterprise,manufacturing,8671197,754,9.16,1493.2,252.2,True,Oromia,85387.11675460028,183051.638596159,dire_dawa_ftz,Dire Dawa Free Trade Zone,93.0,True,5.0,2024-11-12 16:12:18.976053
TEN82964,Entoto Footwear Textile Mill,footwear,10895341,816,10.0,652.8,110.3,True,Oromia,102188.93139949218,233211.24047723511,bole_lemi,Bole Lemi Industrial Park,78.0,False,2.8,2025-02-22 16:12:18.976053
TEN98823,Axum Coffee Processing Textile Mill,coffee_processing,7979960,976,13.62,802.5,223.0,True,SNNPR,73473.35729757338,234026.79049909732,jimma,Jimma Industrial Park,89.0,True,4.9,2024-08-29 16:12:18.976053
TEN52869,Meskel Garment Textile Mill,garment,2011437,2364,28.25,2998.5,251.7,False,Dire Dawa,18403.90620699567,52988.77021995562,hawassa,Hawassa Industrial Park,89.0,True,5.0,2025-09-16 16:12:18.976053
TEN19579,Bole Horticulture Textile Mill,horticulture,9115106,212,6.43,133.9,99.4,False,any,81410.93420448454,263367.8425430975,kilinto,Kilinto Industrial Park,66.0,True,3.4,2024-03-17 16:12:18.976053
TEN10832,Merkato Agro Processing PLC,agro_processing,9353571,564,9.66,907.6,270.4,False,Oromia,74988.28780320368,217225.86518661454,adama,Adama Industrial Park,96.0,True,5.0,2025-02-09 16:12:18.976053
TEN30002,Abyssinia Horticulture Manufacturing,horticulture,3861005,518,9.14,705.3,125.3,False,any,32479.887351998976,84231.17236946724,hawassa,Hawassa Industrial Park,66.0,True,4.1,2025-09-01 16:12:18.976053
TEN45530,Sheba Horticulture Industries,horticulture,1662105,406,6.03,395.0,78.0,True,Amhara,15864.278092505936,33695.79549134055,debre_birhan,Debre Birhan Industrial Park,66.0,True,4.2,2025-12-14 16:12:18.976053
TEN22170,African Metal Corporation,metal,18997858,1926,21.47,2253.8,500.1,True,Addis Ababa,186683.71350630897,517600.12545589055,bole_lemi_ii,Bole Lemi II Industrial Park,85.0,True,4.4,2024-08-27 16:12:18.976053
TEN24679,Piassa Coffee Processing PLC,coffee_processing,5816357,817,10.54,666.3,111.4,False,Dire Dawa,46615.258253200685,163056.43109057218,jimma,Jimma Industrial Park,89.0,True,4.8,2025-02-26 16:12:18.976053
TEN12077,Axum Apparel International,apparel,11938775,1978,21.63,3955.1,264.6,False,Amhara,116936.27048706426,244192.0615720647,hawassa,Hawassa Industrial Park,89.0,True,4.6,2025-08-03 16:12:18.976053
TEN64378,African Footwear Processing,footwear,13789067,2124,21.92,2961.5,390.7,False,Dire Dawa,115067.55755871633,404887.2142118068,semera,Semera Industrial Park,59.0,False,2.1,2025-01-01 16:12:18.976053
TEN91515,Gondar Leather PLC,leather,3224178,855,9.18,689.2,223.5,True,any,30844.220703951014,75174.3554196275,bole_lemi_ii,Bole Lemi II Industrial Park,100.0,True,5.0,2024-11-18 16:12:18.976053
TEN22074,Bole Garment Share Company,garment,7325627,2409,28.02,3815.3,404.5,True,SNNPR,60251.97210373719,181359.768919,ict_park,ICT Park,59.0,False,1.9,2024-05-02 16:12:18.976053
TEN97612,Blue Nile Textile Enterprise,textile,8990039,1475,17.36,2735.1,223.1,False,Dire Dawa,80780.92516799056,254516.03704482687,hawassa,Hawassa Industrial Park,89.0,True,5.0,2025-08-16 16:12:18.976053
TEN34199,Lalibela Medical Factory,medical,1878902,725,11.09,1142.5,154.4,False,Oromia,17700.98719199704,46261.36986846537,kilinto,Kilinto Industrial Park,89.0,True,5.0,2025-04-11 16:12:18.976053
TEN60466,Ethiopia Footwear Industries,footwear,8080336,1543,17.62,1107.6,608.8,False,any,80472.5610468404,162763.96395397306,bole_lemi,Bole Lemi Industrial Park,81.0,False,2.4,2024-11-29 16:12:18.976053
TEN38159,Piassa Agro Processing Group,agro_processing,8566089,111,3.79,112.8,39.0,False,Amhara,73031.12785348101,209000.83581972876,mekelle,Mekelle Industrial Park,89.0,True,5.0,2025-01-29 16:12:18.976053
TEN78035,Axum Agro Processing Share Company,agro_processing,4782961,290,4.93,524.3,118.6,False,Oromia,45743.80154341992,116059.24308283074,adama,Adama Industrial Park,96.0,True,4.9,2024-09-28 16:12:18.976053
TEN76155,African Leather Processing,leather,9735266,173,5.44,119.3,41.4,False,Addis Ababa,93848.48256084179,280923.1988929419,bole_lemi,Bole Lemi Industrial Park,96.0,True,5.0,2025-12-23 16:12:18.976053
TEN57534,Sheba Chemical Corporation,chemical,13876138,425,7.12,709.7,138.2,False,Dire Dawa,115636.89221896947,299551.1009336683,kilinto,Kilinto Industrial Park,89.0,True,5.0,2025-05-23 16:12:18.976053
TEN78386,Bole Footwear Enterprise,footwear,11228490,2415,26.56,1940.0,288.7,False,Amhara,100337.879771941,239854.00685640651,bole_lemi_ii,Bole Lemi II Industrial Park,74.0,True,4.4,2024-02-25 16:12:18.976053
TEN41780,Merkato Beverage Manufacturing,beverage,1620966,263,3.4,293.4,41.4,False,any,15062.290419427332,38757.2916184543,adama,Adama Industrial Park,96.0,True,4.9,2025-04-02 16:12:18.976053
TEN52922,Addis Footwear International,footwear,3071506,1844,22.21,2542.7,680.3,True,Oromia,25292.574244425632,70987.43621237928,bole_lemi_ii,Bole Lemi II Industrial Park,78.0,True,4.4,2024-03-04 16:12:18.976053
TEN54744,Axum Metal PLC,metal,13379514,761,10.55,1076.9,122.9,False,any,117244.72695861143,386817.3700112867,semera,Semera Industrial Park,81.0,True,4.6,2024-01-14 16:12:18.976053
TEN41626,Meskel Automotive Processing,automotive,24535855,1703,18.54,1114.7,849.9,False,Oromia,216979.1100265263,647270.5537038977,bole_lemi_ii,Bole Lemi II Industrial Park,74.0,False,2.7,2025-04-27 16:12:18.976053
TEN73641,Sheba Electronics Group,electronics,7540480,386,7.36,338.5,93.7,True,any,67788.55450270076,195380.2038918802,addis_industrial_village,Addis Industrial Village (AIV),96.0,True,5.0,2024-01-15 16:12:18.976053
TEN24129,Blue Nile Automotive Group,automotive,45710962,1298,17.25,1380.7,399.2,False,Dire Dawa,374364.8767714949,1356120.6409899704,dire_dawa_ftz,Dire Dawa Free Trade Zone,81.0,True,4.8,2024-05-01 16:12:18.976053
TEN14885,Merkato Steel International,steel,31423786,1819,21.92,1018.3,652.7,False,Dire Dawa,298173.1623183866,764162.7961439826,semera,Semera Industrial Park,74.0,True,3.7,2025-02-07 16:12:18.976053
TEN55095,Harar Leather Industries,leather,7414627,349,7.6,556.2,153.5,True,any,63419.26925415566,206401.6985873839,bole_lemi,Bole Lemi Industrial Park,100.0,True,5.0,2025-07-29 16:12:18.976053
TEN21648,Gondar Chemical Factory,chemical,20363592,335,6.77,539.7,134.4,False,Amhara,188013.0832767742,557933.7745658396,kombolcha,Kombolcha Industrial Park,66.0,True,3.6,2025-10-09 16:12:18.976053
TEN67379,Harar Manufacturing Manufacturing,manufacturing,8841509,370,7.08,604.9,66.9,False,Oromia,87695.53855448289,205367.0147695155,semera,Semera Industrial Park,89.0,True,5.0,2024-01-23 16:12:18.976053
TEN96925,Merkato Horticulture Textile Mill,horticulture,9893919,353,6.45,387.2,133.5,True,Dire Dawa,82035.73499206128,231533.92569223244,dire_dawa_ftz,Dire Dawa Free Trade Zone,70.0,True,3.9,2025-03-15 16:12:18.976053
TEN39421,Sheba Apparel Industries,apparel,4771935,1526,17.75,856.3,487.1,False,Amhara,46527.66376228695,116452.19740146048,hawassa,Hawassa Industrial Park,89.0,True,4.7,2025-12-19 16:12:18.976053
TEN86139,Merkato Automotive International,automotive,34457428,1866,21.03,2475.9,610.6,False,any,315316.9509375764,1000072.6433616347,semera,Semera Industrial Park,81.0,True,4.8,2025-01-02 16:12:18.976053
TEN52160,Sheba Food Processing Corporation,food_processing,6711403,541,7.55,1021.5,104.9,False,SNNPR,61462.4711927652,140712.71213670398,addis_industrial_village,Addis Industrial Village (AIV),89.0,True,4.6,2024-05-01 16:12:18.976053
TEN16973,Piassa Medical Group,medical,6344222,787,11.6,1154.9,253.1,False,Dire Dawa,56309.677069040445,164382.78437583055,kilinto,Kilinto Industrial Park,89.0,False,2.5,2024-10-07 16:12:18.976053
TEN84678,Axum Horticulture PLC,horticulture,1465457,715,11.68,868.7,273.5,True,Oromia,13815.191953499409,36501.74681041396,adama,Adama Industrial Park,66.0,False,2.7,2025-06-03 16:12:18.976053
TEN28904,Gondar Metal PLC,metal,41131123,784,11.48,750.3,151.3,False,Amhara,408916.4544632129,844409.9948099519,semera,Semera Industrial Park,74.0,True,4.5,2025-10-29 16:12:18.976053
TEN33506,African Apparel PLC,apparel,7940926,2369,27.48,3787.6,472.7,False,any,73841.19407967046,198124.12249870776,hawassa,Hawassa Industrial Park,96.0,True,5.0,2024-06-01 16:12:18.976053
TEN66408,Axum Manufacturing Enterprise,manufacturing,7337960,874,10.96,1058.9,383.6,True,SNNPR,60035.292125832755,165874.9943410472,dire_dawa_ftz,Dire Dawa Free Trade Zone,93.0,True,5.0,2025-10-18 16:12:18.976053
TEN22516,African Agro Processing PLC,agro_processing,2077526,562,8.48,298.2,192.5,False,Oromia,20624.015094402977,52543.145658504385,adama,Adama Industrial Park,96.0,True,4.8,2024-06-07 16:12:18.976053
TEN22709,Horn Coffee Processing Group,coffee_processing,1664158,929,14.09,727.1,323.6,True,Oromia,14558.614350949227,36227.52626610068,jimma,Jimma Industrial Park,96.0,True,5.0,2024-08-08 16:12:18.976053
TEN48198,Blue Nile Footwear Factory,footwear,1509048,2023,23.53,3849.6,921.1,False,Oromia,14133.840304233334,39085.94772885386,bahir_dar,Bahir Dar Industrial Park,74.0,True,3.9,2025-08-04 16:12:18.976053
TEN57932,Horn Agro Processing Industries,agro_processing,9693586,565,9.89,947.0,269.8,False,SNNPR,96167.8772088975,241444.75276794314,mekelle,Mekelle Industrial Park,89.0,True,4.5,2024-09-05 16:12:18.976053
TEN78376,Merkato Leather Corporation,leather,9221531,918,10.09,1360.7,426.6,False,any,85634.79793444388,210487.12165503306,bole_lemi,Bole Lemi Industrial Park,96.0,True,5.0,2024-04-08 16:12:18.976053
TEN50094,Meskel Steel Textile Mill,steel,34201672,977,11.97,1207.3,289.7,True,Amhara,326341.5968470473,923069.4912011996,dire_dawa_ftz,Dire Dawa Free Trade Zone,78.0,True,4.8,2025-03-01 16:12:18.976053
TEN16872,Bole Horticulture Corporation,horticulture,5762234,227,6.1,295.4,27.0,True,Dire Dawa,52136.51389454032,125518.17377482436,dire_dawa_ftz,Dire Dawa Free Trade Zone,70.0,True,4.4,2025-09-30 16:12:18.976053
TEN12043,Ethiopia Metal Processing,metal,19869119,530,9.01,323.0,96.2,True,any,167140.2147801067,534358.0041540237,bole_lemi_ii,Bole Lemi II Industrial Park,85.0,False,3.0,2025-02-05 16:12:18.976053
TEN65422,Lalibela Pharmaceutical Industries,pharmaceutical,9662886,249,4.66,437.4,29.4,True,Oromia,95474.58560121132,256388.8675752601,jimma,Jimma Industrial Park,66.0,False,2.1,2024-11-12 16:12:18.976053
TEN26893,Sheba Manufacturing Share Company,manufacturing,3679223,334,7.52,411.6,113.6,False,Amhara,34125.507499677704,77825.80946808451,bole_lemi_ii,Bole Lemi II Industrial Park,89.0,True,5.0,2025-07-22 16:12:18.978748
TEN61761,Abyssinia Food Processing Share Company,food_processing,7180763,797,9.75,740.9,352.4,True,any,65413.160360011614,179373.10551882567,dire_dawa_ftz,Dire Dawa Free Trade Zone,100.0,True,5.0,2025-09-20 16:12:18.978748
TEN58614,Piassa Leather Manufacturing,leather,1138058,284,7.09,220.6,115.0,False,Dire Dawa,10110.561484923575,31514.266398215845,bole_lemi,Bole Lemi Industrial Park,89.0,True,5.0,2025-06-08 16:12:18.978748
TEN94428,Ethiopia Agro Processing Processing,agro_processing,738423,144,6.21,145.7,69.1,False,SNNPR,6468.636200132739,21760.006170184166,mekelle,Mekelle Industrial Park,89.0,True,5.0,2025-01-31 16:12:18.978748
TEN17433,Blue Nile Metal International,metal,34563501,201,2.82,174.6,62.6,False,Oromia,281010.34275124385,870325.3086905525,semera,Semera Industrial Park,74.0,True,4.4,2025-02-14 16:12:18.978748
TEN84311,Blue Nile Coffee Processing Industries,coffee_processing,2907303,89,5.45,135.9,9.1,True,Amhara,27690.178597075454,59169.29170831312,jimma,Jimma Industrial Park,89.0,True,5.0,2024-09-09 16:12:18.978748
TEN72800,Horn Manufacturing Enterprise,manufacturing,6988875,339,5.91,549.9,126.5,False,Amhara,63409.42935701387,164946.89526559887,semera,Semera Industrial Park,89.0,True,4.6,2024-12-08 16:12:18.978748
TEN39751,Merkato Food Processing Manufacturing,food_processing,6675325,264,6.47,303.0,58.1,True,Dire Dawa,64618.95298431837,157066.48371061432,addis_industrial_village,Addis Industrial Village (AIV),89.0,True,4.9,2024-10-03 16:12:18.978748
TEN35030,Abyssinia Metal International,metal,36106109,945,11.59,934.6,245.3,False,SNNPR,345472.3337438232,853337.1618020306,semera,Semera Industrial Park,74.0,False,2.8,2024-12-22 16:12:18.978748
TEN91735,Bole Beverage PLC,beverage,7090586,268,3.82,177.7,96.7,True,any,59552.55192425296,165755.43435626724,addis_industrial_village,Addis Industrial Village (AIV),81.0,False,2.6,2024-10-13 16:12:18.978748
TEN94048,Merkato Textile Group,textile,7475513,1045,13.5,792.6,515.7,False,any,71493.69692338645,164297.55353721514,hawassa,Hawassa Industrial Park,96.0,True,5.0,2025-08-29 16:12:18.978748
TEN18566,Nile Automotive PLC,automotive,45960434,797,12.67,1130.5,314.1,False,any,368480.30485424347,1315502.186244301,semera,Semera Industrial Park,81.0,False,2.5,2025-01-09 16:12:18.978748
TEN72270,Gondar Chemical Manufacturing,chemical,7053395,430,9.11,413.4,54.4,False,Amhara,60514.476132425516,148227.0598798366,kilinto,Kilinto Industrial Park,89.0,False,2.6,2024-11-10 16:12:18.978748
TEN42688,Blue Nile Leather International,leather,7373288,595,7.16,790.4,171.3,False,any,72927.74376930168,214502.57554533932,bole_lemi,Bole Lemi Industrial Park,96.0,True,5.0,2024-09-12 16:12:18.978748
TEN33833,Piassa Manufacturing PLC,manufacturing,3359809,538,9.33,742.0,266.4,True,Dire Dawa,33398.495217314696,99000.26900878007,dire_dawa_ftz,Dire Dawa Free Trade Zone,100.0,True,5.0,2024-12-27 16:12:18.979276
TEN97674,Abyssinia Apparel International,apparel,3263974,925,12.56,1402.4,431.7,True,any,28205.295678812254,88499.65807590257,kombolcha,Kombolcha Industrial Park,96.0,True,5.0,2024-08-21 16:12:18.979276
TEN13072,Meskel Textile Factory,textile,10903972,2747,29.85,2070.1,1210.1,True,Dire Dawa,106985.77484559797,223750.7125122645,hawassa,Hawassa Industrial Park,93.0,True,5.0,2024-10-23 16:12:18.979276
TEN91811,Addis Agro Processing Group,agro_processing,5077437,141,5.28,231.2,39.9,True,SNNPR,40814.59305177602,120877.07605233698,mekelle,Mekelle Industrial Park,89.0,True,5.0,2025-04-08 16:12:18.979276
TEN44286,Abyssinia Manufacturing Enterprise,manufacturing,6653780,393,8.04,699.7,162.6,False,Oromia,56978.196304030425,138618.60632733995,semera,Semera Industrial Park,89.0,True,5.0,2025-02-17 16:12:18.979276
TEN30185,Sheba Electronics Share Company,electronics,2404638,967,10.27,669.9,391.5,True,Addis Ababa,23390.82950828057,48324.69320016316,addis_industrial_village,Addis Industrial Village (AIV),96.0,True,5.0,2024-04-17 16:12:18.979276
TEN23871,Blue Nile Apparel PLC,apparel,10777005,839,11.71,1516.1,238.5,False,any,101393.24506869863,237042.5215565468,hawassa,Hawassa Industrial Park,96.0,True,4.9,2025-10-08 16:12:18.979276
TEN35249,Meskel Textile Industries,textile,14280722,1973,23.32,1608.6,763.1,True,any,134474.06528136999,356346.91025222157,hawassa,Hawassa Industrial Park,100.0,True,5.0,2024-05-13 16:12:18.979276
TEN85423,Abyssinia Garment Share Company,garment,4102574,2012,22.9,1246.1,985.2,True,any,38587.72874194045,85160.4007226512,hawassa,Hawassa Industrial Park,100.0,True,5.0,2025-07-27 16:12:18.979276
TEN41558,Entoto Manufacturing PLC,manufacturing,5478127,700,10.21,882.0,149.9,False,any,50999.63311460066,162598.4262892586,semera,Semera Industrial Park,96.0,True,4.9,2025-11-06 16:12:18.979276
TEN11572,Nile Automotive Factory,automotive,9053642,854,11.83,1474.5,112.7,False,any,83078.7290838685,264034.38412966015,semera,Semera Industrial Park,81.0,True,4.7,2025-11-03 16:12:18.979276
TEN51087,Abyssinia Food Processing Industries,food_processing,5853005,844,10.97,1361.6,246.6,False,any,53698.150026777425,119559.30291675398,adama,Adama Industrial Park,96.0,True,5.0,2024-11-23 16:12:18.979276
TEN51513,Merkato Metal International,metal,36164858,1929,21.82,1375.6,772.0,False,SNNPR,300123.76107833564,855555.6802639462,semera,Semera Industrial Park,74.0,False,2.9,2025-08-08 16:12:18.979276
