id,tenantId,tenantName,tenantEmail,serviceType,title,description,status,priority,companyName,contactPerson,contactPhone,contactEmail,createdAt,updatedAt,submittedAt,actual_processing_days
req_0000,tenant_003,Gondar Ceramics Industry,gondar.ceramics.industry@example.com,work_permit,Work Permit Application for Foreign Employee,Application for work permit for Mr. Zhang Wei (Chinese national) as Production Manager at Gondar Ceramics Industry. 2-year contract. CV and employment contract attached.,issued,urgent,Gondar Ceramics Industry,Solomon Haile,+251-91-8148196,contact@gondarceramicsindustry.com,2025-04-09T00:23:31.955243,2025-12-08T00:23:31.955243,2025-04-09T20:23:31.955243,9.0
req_0001,tenant_047,Nazret Agro Processing,nazret.agro.processing@example.com,investment_permit,New Investment Permit Application - Nazret Agro Processing,"Nazret Agro Processing is applying for an investment permit for a new textile manufacturing facility in Hawassa Industrial Park. Expected capital investment: USD 5 million, creating 500 jobs.",rejected,normal,Nazret Agro Processing,Almaz Tesfaye,+251-91-6802016,contact@nazretagroprocessing.com,2025-09-16T00:23:31.955243,2025-11-25T00:23:31.955243,2025-09-17T22:23:31.955243,
req_0002,tenant_006,Dessie Textile Mills,dessie.textile.mills@example.com,notarization,MoU Notarization Service,Notarization required for Memorandum of Understanding between shareholders of Dessie Textile Mills.,approved,high,Dessie Textile Mills,Solomon Haile,+251-91-5278909,contact@dessietextilemills.com,2025-01-22T00:23:31.955243,2025-02-07T00:23:31.955243,2025-01-23T22:23:31.955243,1.0
req_0003,tenant_009,Gondar Ceramics Industry,gondar.ceramics.industry@example.com,work_permit,Work Permit Application for Foreign Employee,Application for work permit for Mr. Zhang Wei (Chinese national) as Production Manager at Gondar Ceramics Industry. 2-year contract. CV and employment contract attached.,issued,urgent,Gondar Ceramics Industry,Solomon Haile,+251-91-3686878,contact@gondarceramicsindustry.com,2025-09-16T00:23:31.955243,2025-10-25T00:23:31.955243,2025-09-17T01:23:31.955243,11.0
req_0004,tenant_022,Dire Dawa Leather Factory,dire.dawa.leather.factory@example.com,business_license,Business License Renewal for Dire Dawa Leather Factory,Request to renew business operating license for Dire Dawa Leather Factory. Previous license expires next month. All compliance documents attached.,issued,high,Dire Dawa Leather Factory,Abebe Bekele,+251-91-6072514,contact@diredawaleatherfactory.com,2025-04-10T00:23:31.955243,2025-12-02T00:23:31.955243,2025-04-10T15:23:31.955243,10.0
req_0005,tenant_014,Gondar Ceramics Industry,gondar.ceramics.industry@example.com,customs_clearance,Import Clearance - Machinery and Equipment,Import clearance for 50 tons of raw textile materials. Bill of lading no: BL-11376.,approved,normal,Gondar Ceramics Industry,Yohannes Gebre,+251-91-9082278,contact@gondarceramicsindustry.com,2025-11-01T00:23:31.955243,2025-12-08T00:23:31.955243,2025-11-01T10:23:31.955243,3.0
req_0006,tenant_021,Dessie Textile Mills,dessie.textile.mills@example.com,banking_services,Loan Application for Working Capital,Application for working capital loan of 5 million ETB for Dessie Textile Mills expansion project.,rejected,high,Dessie Textile Mills,Abebe Bekele,+251-91-4434274,contact@dessietextilemills.com,2025-03-20T00:23:31.955243,2025-03-25T00:23:31.955243,2025-03-21T05:23:31.955243,
req_0007,tenant_015,Dessie Textile Mills,dessie.textile.mills@example.com,tin_issuance,TIN Certificate Request - Dessie Textile Mills,Tax Identification Number (TIN) application for Dessie Textile Mills to commence business operations.,issued,low,Dessie Textile Mills,Yohannes Gebre,+251-91-7123328,contact@dessietextilemills.com,2025-01-18T00:23:31.955243,2025-08-31T00:23:31.955243,2025-01-18T23:23:31.955243,3.0
req_0008,tenant_010,Bole Lemi Garment Factory,bole.lemi.garment.factory@example.com,work_permit,Work Permit Application for Foreign Employee,Application for work permit for Mr. Zhang Wei (Chinese national) as Production Manager at Bole Lemi Garment Factory. 2-year contract. CV and employment contract attached.,issued,high,Bole Lemi Garment Factory,Abebe Bekele,+251-91-8375870,contact@bolelemigarmentfactory.com,2025-05-18T00:23:31.955243,2025-08-07T00:23:31.955243,2025-05-18T16:23:31.955243,24.0
req_0009,tenant_048,Dire Dawa Leather Factory,dire.dawa.leather.factory@example.com,tin_issuance,TIN Certificate Request - Dire Dawa Leather Factory,Tax Identification Number (TIN) application for Dire Dawa Leather Factory to commence business operations.,approved,normal,Dire Dawa Leather Factory,Yohannes Gebre,+251-91-6873022,contact@diredawaleatherfactory.com,2025-05-13T00:23:31.955243,2025-06-20T00:23:31.955243,2025-05-13T17:23:31.955243,1.0
req_0010,tenant_001,Bole Lemi Garment Factory,bole.lemi.garment.factory@example.com,business_license,Business License Renewal for Bole Lemi Garment Factory,Request to renew business operating license for Bole Lemi Garment Factory. Previous license expires next month. All compliance documents attached.,approved,low,Bole Lemi Garment Factory,Tigist Assefa,+251-91-7890778,contact@bolelemigarmentfactory.com,2025-12-07T00:23:31.955243,2025-12-14T00:23:31.955243,2025-12-07T03:23:31.955243,9.0
req_0011,tenant_010,Adama Food Processing,adama.food.processing@example.com,customs_exemption,Customs Duty Exemption for Raw Materials,Request for customs duty exemption on imported industrial machinery valued at USD 2 million as per investment permit.,approved,low,Adama Food Processing,Almaz Tesfaye,+251-91-2405939,contact@adamafoodprocessing.com,2025-10-28T00:23:31.955243,2025-12-02T00:23:31.955243,2025-10-29T04:23:31.955243,10.0
req_0012,tenant_033,Adama Food Processing,adama.food.processing@example.com,customs_exemption,Customs Duty Exemption for Raw Materials,Request for customs duty exemption on imported industrial machinery valued at USD 2 million as per investment permit.,approved,normal,Adama Food Processing,Yohannes Gebre,+251-91-2224249,contact@adamafoodprocessing.com,2025-01-20T00:23:31.955243,2025-06-29T00:23:31.955243,2025-01-20T14:23:31.955243,13.0
req_0013,tenant_002,Mekelle Steel Industry,mekelle.steel.industry@example.com,customs_clearance,Import Clearance - Machinery and Equipment,Import clearance for 50 tons of raw textile materials. Bill of lading no: BL-30814.,issued,low,Mekelle Steel Industry,Almaz Tesfaye,+251-91-6566651,contact@mekellesteelindustry.com,2025-03-19T00:23:31.955243,2025-09-25T00:23:31.955243,2025-03-19T05:23:31.955243,6.0
req_0014,tenant_002,Mekelle Steel Industry,mekelle.steel.industry@example.com,agreements,Partnership Agreement between Mekelle Steel Industry and IPDC,Processing partnership agreement between Mekelle Steel Industry and IPDC for land lease and utility services.,issued,normal,Mekelle Steel Industry,Solomon Haile,+251-91-1134134,contact@mekellesteelindustry.com,2025-05-28T00:23:31.955243,2025-11-23T00:23:31.955243,2025-05-28T04:23:31.955243,6.0
req_0015,tenant_014,Kombolcha Industrial Park Ltd,kombolcha.industrial.park.ltd@example.com,business_license,Business License Renewal for Kombolcha Industrial Park Ltd,Request to renew business operating license for Kombolcha Industrial Park Ltd. Previous license expires next month. All compliance documents attached.,rejected,high,Kombolcha Industrial Park Ltd,Solomon Haile,+251-91-4724337,contact@kombolchaindustrialparkltd.com,2025-10-29T00:23:31.955243,2025-12-31T00:23:31.955243,2025-10-30T09:23:31.955243,
req_0016,tenant_018,Dessie Textile Mills,dessie.textile.mills@example.com,notarization,MoU Notarization Service,Notarization required for Memorandum of Understanding between shareholders of Dessie Textile Mills.,issued,urgent,Dessie Textile Mills,Almaz Tesfaye,+251-91-9476369,contact@dessietextilemills.com,2025-03-02T00:23:31.955243,2025-12-15T00:23:31.955243,2025-03-03T03:23:31.955243,0.0
req_0017,tenant_013,Nazret Agro Processing,nazret.agro.processing@example.com,tin_issuance,TIN Certificate Request - Nazret Agro Processing,Tax Identification Number (TIN) application for Nazret Agro Processing to commence business operations.,approved,low,Nazret Agro Processing,Yohannes Gebre,+251-91-8762459,contact@nazretagroprocessing.com,2025-02-19T00:23:31.955243,2025-09-10T00:23:31.955243,2025-02-19T01:23:31.955243,1.0
req_0018,tenant_048,Hawassa Textile Industry,hawassa.textile.industry@example.com,banking_services,Loan Application for Working Capital,Application for working capital loan of 5 million ETB for Hawassa Textile Industry expansion project.,approved,high,Hawassa Textile Industry,Yohannes Gebre,+251-91-8819596,contact@hawassatextileindustry.com,2025-10-15T00:23:31.955243,2025-10-22T00:23:31.955243,2025-10-15T01:23:31.955243,5.0
req_0019,tenant_038,Dire Dawa Leather Factory,dire.dawa.leather.factory@example.com,customs_clearance,Import Clearance - Machinery and Equipment,Import clearance for 50 tons of raw textile materials. Bill of lading no: BL-79696.,rejected,urgent,Dire Dawa Leather Factory,Solomon Haile,+251-91-1704787,contact@diredawaleatherfactory.com,2025-03-22T00:23:31.955243,2025-06-17T00:23:31.955243,2025-03-23T18:23:31.955243,
req_0020,tenant_023,Nazret Agro Processing,nazret.agro.processing@example.com,work_permit,Work Permit Application for Foreign Employee,Application for work permit for Mr. Zhang Wei (Chinese national) as Production Manager at Nazret Agro Processing. 2-year contract. CV and employment contract attached.,issued,high,Nazret Agro Processing,Tigist Assefa,+251-91-9256185,contact@nazretagroprocessing.com,2025-05-06T00:23:31.955243,2025-08-16T00:23:31.955243,2025-05-06T21:23:31.955243,16.0
req_0021,tenant_001,Gondar Ceramics Industry,gondar.ceramics.industry@example.com,banking_services,Loan Application for Working Capital,Application for working capital loan of 5 million ETB for Gondar Ceramics Industry expansion project.,under_review,high,Gondar Ceramics Industry,Almaz Tesfaye,+251-91-6064738,contact@gondarceramicsindustry.com,2025-12-16T00:23:31.955243,2026-01-06T00:23:31.955243,2025-12-16T19:23:31.955243,
req_0022,tenant_040,Mekelle Steel Industry,mekelle.steel.industry@example.com,commercial_registration,Commercial Registration - Mekelle Steel Industry,Mekelle Steel Industry requires commercial registration certificate for newly established manufacturing entity. Registered capital: 10 million ETB.,issued,low,Mekelle Steel Industry,Abebe Bekele,+251-91-9746080,contact@mekellesteelindustry.com,2025-03-08T00:23:31.955243,2025-03-28T00:23:31.955243,2025-03-08T18:23:31.955243,9.0
req_0023,tenant_010,Nazret Agro Processing,nazret.agro.processing@example.com,agreements,Partnership Agreement between Nazret Agro Processing and IPDC,Processing partnership agreement between Nazret Agro Processing and IPDC for land lease and utility services.,issued,low,Nazret Agro Processing,Almaz Tesfaye,+251-91-8272117,contact@nazretagroprocessing.com,2025-08-09T00:23:31.955243,2025-10-11T00:23:31.955243,2025-08-10T16:23:31.955243,10.0
req_0024,tenant_042,Nazret Agro Processing,nazret.agro.processing@example.com,banking_services,Loan Application for Working Capital,Application for working capital loan of 5 million ETB for Nazret Agro Processing expansion project.,issued,normal,Nazret Agro Processing,Tigist Assefa,+251-91-3278819,contact@nazretagroprocessing.com,2025-08-17T00:23:31.955243,2025-10-02T00:23:31.955243,2025-08-18T08:23:31.955243,5.0
req_0025,tenant_011,Adama Food Processing,adama.food.processing@example.com,agreements,Partnership Agreement between Adama Food Processing and IPDC,Processing partnership agreement between Adama Food Processing and IPDC for land lease and utility services.,approved,urgent,Adama Food Processing,Solomon Haile,+251-91-2134343,contact@adamafoodprocessing.com,2025-02-10T00:23:31.955243,2025-07-31T00:23:31.955243,2025-02-10T03:23:31.955243,2.0
req_0026,tenant_002,Mekelle Steel Industry,mekelle.steel.industry@example.com,investment_permit,New Investment Permit Application - Mekelle Steel Industry,"Mekelle Steel Industry is applying for an investment permit for a new textile manufacturing facility in Hawassa Industrial Park. Expected capital investment: USD 5 million, creating 500 jobs.",under_review,high,Mekelle Steel Industry,Solomon Haile,+251-91-8738368,contact@mekellesteelindustry.com,2025-12-14T00:23:31.955243,2025-12-23T00:23:31.955243,2025-12-14T03:23:31.955243,
req_0027,tenant_012,Kombolcha Industrial Park Ltd,kombolcha.industrial.park.ltd@example.com,tin_issuance,TIN Certificate Request - Kombolcha Industrial Park Ltd,Tax Identification Number (TIN) application for Kombolcha Industrial Park Ltd to commence business operations.,approved,normal,Kombolcha Industrial Park Ltd,Abebe Bekele,+251-91-3376105,contact@kombolchaindustrialparkltd.com,2025-11-18T00:23:31.955243,2025-12-05T00:23:31.955243,2025-11-18T06:23:31.955243,2.0
req_0028,tenant_044,Dire Dawa Leather Factory,dire.dawa.leather.factory@example.com,business_license,Business License Renewal for Dire Dawa Leather Factory,Request to renew business operating license for Dire Dawa Leather Factory. Previous license expires next month. All compliance documents attached.,approved,high,Dire Dawa Leather Factory,Tigist Assefa,+251-91-8931348,contact@diredawaleatherfactory.com,2025-10-19T00:23:31.955243,2025-11-23T00:23:31.955243,2025-10-19T10:23:31.955243,7.0
req_0029,tenant_035,Addis Manufacturing PLC,addis.manufacturing.plc@example.com,notarization,MoU Notarization Service,Notarization required for Memorandum of Understanding between shareholders of Addis Manufacturing PLC.,approved,normal,Addis Manufacturing PLC,Abebe Bekele,+251-91-6687488,contact@addismanufacturingplc.com,2025-11-12T00:23:31.955243,2025-12-15T00:23:31.955243,2025-11-12T23:23:31.955243,1.0
req_0030,tenant_008,Gondar Ceramics Industry,gondar.ceramics.industry@example.com,customs_clearance,Import Clearance - Machinery and Equipment,Import clearance for 50 tons of raw textile materials. Bill of lading no: BL-30166.,approved,urgent,Gondar Ceramics Industry,Yohannes Gebre,+251-91-7221580,contact@gondarceramicsindustry.com,2025-04-16T00:23:31.955243,2025-04-24T00:23:31.955243,2025-04-17T03:23:31.955243,1.0
req_0031,tenant_048,Mekelle Steel Industry,mekelle.steel.industry@example.com,banking_services,Loan Application for Working Capital,Application for working capital loan of 5 million ETB for Mekelle Steel Industry expansion project.,approved,urgent,Mekelle Steel Industry,Almaz Tesfaye,+251-91-6233632,contact@mekellesteelindustry.com,2025-03-30T00:23:31.955243,2025-12-13T00:23:31.955243,2025-03-30T15:23:31.955243,2.0
req_0032,tenant_028,Dire Dawa Leather Factory,dire.dawa.leather.factory@example.com,investment_permit,New Investment Permit Application - Dire Dawa Leather Factory,"Dire Dawa Leather Factory is applying for an investment permit for a new textile manufacturing facility in Hawassa Industrial Park. Expected capital investment: USD 5 million, creating 500 jobs.",rejected,normal,Dire Dawa Leather Factory,Tigist Assefa,+251-91-9761736,contact@diredawaleatherfactory.com,2025-07-24T00:23:31.955243,2025-12-19T00:23:31.955243,2025-07-24T14:23:31.955243,
req_0033,tenant_004,Bahir Dar Pharmaceutical PLC,bahir.dar.pharmaceutical.plc@example.com,banking_services,Loan Application for Working Capital,Application for working capital loan of 5 million ETB for Bahir Dar Pharmaceutical PLC expansion project.,rejected,urgent,Bahir Dar Pharmaceutical PLC,Solomon Haile,+251-91-1224262,contact@bahirdarpharmaceuticalplc.com,2025-10-22T00:23:31.955243,2025-11-05T00:23:31.955243,2025-10-23T00:23:31.955243,
req_0034,tenant_016,Gondar Ceramics Industry,gondar.ceramics.industry@example.com,tin_issuance,TIN Certificate Request - Gondar Ceramics Industry,Tax Identification Number (TIN) application for Gondar Ceramics Industry to commence business operations.,draft,normal,Gondar Ceramics Industry,Abebe Bekele,+251-91-6348255,contact@gondarceramicsindustry.com,2026-01-10T00:23:31.955243,2026-01-10T00:23:31.955243,,
req_0035,tenant_036,Gondar Ceramics Industry,gondar.ceramics.industry@example.com,investment_permit,New Investment Permit Application - Gondar Ceramics Industry,"Gondar Ceramics Industry is applying for an investment permit for a new textile manufacturing facility in Hawassa Industrial Park. Expected capital investment: USD 5 million, creating 500 jobs.",issued,normal,Gondar Ceramics Industry,Yohannes Gebre,+251-91-8153401,contact@gondarceramicsindustry.com,2025-09-09T00:23:31.955243,2025-12-15T00:23:31.955243,2025-09-10T16:23:31.955243,11.0
req_0036,tenant_033,Dessie Textile Mills,dessie.textile.mills@example.com,work_permit,Work Permit Application for Foreign Employee,Application for work permit for Mr. Zhang Wei (Chinese national) as Production Manager at Dessie Textile Mills. 2-year contract. CV and employment contract attached.,pending_documents,high,Dessie Textile Mills,Abebe Bekele,+251-91-6361438,contact@dessietextilemills.com,2025-12-14T00:23:31.955243,2025-12-22T00:23:31.955243,2025-12-14T16:23:31.955243,
req_0037,tenant_016,Addis Manufacturing PLC,addis.manufacturing.plc@example.com,work_permit,Work Permit Application for Foreign Employee,Application for work permit for Mr. Zhang Wei (Chinese national) as Production Manager at Addis Manufacturing PLC. 2-year contract. CV and employment contract attached.,rejected,urgent,Addis Manufacturing PLC,Tigist Assefa,+251-91-7632787,contact@addismanufacturingplc.com,2025-01-18T00:23:31.955243,2025-10-25T00:23:31.955243,2025-01-19T07:23:31.955243,
req_0038,tenant_018,Gondar Ceramics Industry,gondar.ceramics.industry@example.com,commercial_registration,Commercial Registration - Gondar Ceramics Industry,Gondar Ceramics Industry requires commercial registration certificate for newly established manufacturing entity. Registered capital: 10 million ETB.,approved,low,Gondar Ceramics Industry,Tigist Assefa,+251-91-9432600,contact@gondarceramicsindustry.com,2025-03-06T00:23:31.955243,2025-12-11T00:23:31.955243,2025-03-06T21:23:31.955243,9.0
req_0039,tenant_041,Bahir Dar Pharmaceutical PLC,bahir.dar.pharmaceutical.plc@example.com,work_permit,Work Permit Application for Foreign Employee,Application for work permit for Mr. Zhang Wei (Chinese national) as Production Manager at Bahir Dar Pharmaceutical PLC. 2-year contract. CV and employment contract attached.,issued,urgent,Bahir Dar Pharmaceutical PLC,Tigist Assefa,+251-91-3662385,contact@bahirdarpharmaceuticalplc.com,2025-06-17T00:23:31.955243,2025-07-02T00:23:31.955243,2025-06-18T02:23:31.955243,11.0
req_0040,tenant_036,Mekelle Steel Industry,mekelle.steel.industry@example.com,notarization,MoU Notarization Service,Notarization required for Memorandum of Understanding between shareholders of Mekelle Steel Industry.,rejected,low,Mekelle Steel Industry,Tigist Assefa,+251-91-3521692,contact@mekellesteelindustry.com,2025-02-16T00:23:31.955243,2025-02-21T00:23:31.955243,2025-02-17T07:23:31.955243,
req_0041,tenant_006,Kombolcha Industrial Park Ltd,kombolcha.industrial.park.ltd@example.com,banking_services,Loan Application for Working Capital,Application for working capital loan of 5 million ETB for Kombolcha Industrial Park Ltd expansion project.,issued,low,Kombolcha Industrial Park Ltd,Solomon Haile,+251-91-3521478,contact@kombolchaindustrialparkltd.com,2025-01-17T00:23:31.955243,2025-04-15T00:23:31.955243,2025-01-17T18:23:31.955243,13.0
req_0042,tenant_027,Bahir Dar Pharmaceutical PLC,bahir.dar.pharmaceutical.plc@example.com,tin_issuance,TIN Certificate Request - Bahir Dar Pharmaceutical PLC,Tax Identification Number (TIN) application for Bahir Dar Pharmaceutical PLC to commence business operations.,issued,high,Bahir Dar Pharmaceutical PLC,Almaz Tesfaye,+251-91-6859904,contact@bahirdarpharmaceuticalplc.com,2025-05-05T00:23:31.955243,2025-10-28T00:23:31.955243,2025-05-06T16:23:31.955243,2.0
req_0043,tenant_022,Gondar Ceramics Industry,gondar.ceramics.industry@example.com,customs_clearance,Import Clearance - Machinery and Equipment,Import clearance for 50 tons of raw textile materials. Bill of lading no: BL-83253.,issued,high,Gondar Ceramics Industry,Yohannes Gebre,+251-91-8170291,contact@gondarceramicsindustry.com,2025-04-14T00:23:31.955243,2026-01-08T00:23:31.955243,2025-04-14T12:23:31.955243,7.0
req_0044,tenant_016,Hawassa Textile Industry,hawassa.textile.industry@example.com,banking_services,Loan Application for Working Capital,Application for working capital loan of 5 million ETB for Hawassa Textile Industry expansion project.,issued,normal,Hawassa Textile Industry,Yohannes Gebre,+251-91-3526797,contact@hawassatextileindustry.com,2025-07-26T00:23:31.955243,2025-12-13T00:23:31.955243,2025-07-26T03:23:31.955243,9.0
req_0045,tenant_002,Dire Dawa Leather Factory,dire.dawa.leather.factory@example.com,customs_exemption,Customs Duty Exemption for Raw Materials,Request for customs duty exemption on imported industrial machinery valued at USD 2 million as per investment permit.,issued,high,Dire Dawa Leather Factory,Yohannes Gebre,+251-91-4740738,contact@diredawaleatherfactory.com,2025-10-10T00:23:31.955243,2025-12-22T00:23:31.955243,2025-10-11T06:23:31.955243,7.0
req_0046,tenant_006,Kombolcha Industrial Park Ltd,kombolcha.industrial.park.ltd@example.com,commercial_registration,Commercial Registration - Kombolcha Industrial Park Ltd,Kombolcha Industrial Park Ltd requires commercial registration certificate for newly established manufacturing entity. Registered capital: 10 million ETB.,approved,urgent,Kombolcha Industrial Park Ltd,Solomon Haile,+251-91-7014069,contact@kombolchaindustrialparkltd.com,2025-02-01T00:23:31.955243,2025-08-14T00:23:31.955243,2025-02-01T01:23:31.955243,3.0
req_0047,tenant_046,Adama Food Processing,adama.food.processing@example.com,customs_clearance,Import Clearance - Machinery and Equipment,Import clearance for 50 tons of raw textile materials. Bill of lading no: BL-27510.,approved,high,Adama Food Processing,Almaz Tesfaye,+251-91-9612172,contact@adamafoodprocessing.com,2025-04-04T00:23:31.955243,2025-10-06T00:23:31.955243,2025-04-04T05:23:31.955243,3.0
req_0048,tenant_016,Bole Lemi Garment Factory,bole.lemi.garment.factory@example.com,tin_issuance,TIN Certificate Request - Bole Lemi Garment Factory,Tax Identification Number (TIN) application for Bole Lemi Garment Factory to commence business operations.,issued,low,Bole Lemi Garment Factory,Tigist Assefa,+251-91-5162038,contact@bolelemigarmentfactory.com,2025-06-19T00:23:31.955243,2025-07-04T00:23:31.955243,2025-06-19T01:23:31.955243,1.0
req_0049,tenant_017,Bahir Dar Pharmaceutical PLC,bahir.dar.pharmaceutical.plc@example.com,notarization,MoU Notarization Service,Notarization required for Memorandum of Understanding between shareholders of Bahir Dar Pharmaceutical PLC.,issued,normal,Bahir Dar Pharmaceutical PLC,Almaz Tesfaye,+251-91-2955567,contact@bahirdarpharmaceuticalplc.com,2025-09-04T00:23:31.955243,2026-01-06T00:23:31.955243,2025-09-05T16:23:31.955243,1.0
req_0050,tenant_041,Addis Manufacturing PLC,addis.manufacturing.plc@example.com,agreements,Partnership Agreement between Addis Manufacturing PLC and IPDC,Processing partnership agreement between Addis Manufacturing PLC and IPDC for land lease and utility services.,pending_documents,normal,Addis Manufacturing PLC,Almaz Tesfaye,+251-91-5125411,contact@addismanufacturingplc.com,2025-12-14T00:23:31.955243,2025-12-18T00:23:31.955243,2025-12-14T12:23:31.955243,
req_0051,tenant_027,Kombolcha Industrial Park Ltd,kombolcha.industrial.park.ltd@example.com,customs_exemption,Customs Duty Exemption for Raw Materials,Request for customs duty exemption on imported industrial machinery valued at USD 2 million as per investment permit.,issued,normal,Kombolcha Industrial Park Ltd,Tigist Assefa,+251-91-7323892,contact@kombolchaindustrialparkltd.com,2025-04-10T00:23:31.955243,2025-10-27T00:23:31.955243,2025-04-11T19:23:31.955243,11.0
req_0052,tenant_032,Dessie Textile Mills,dessie.textile.mills@example.com,investment_permit,New Investment Permit Application - Dessie Textile Mills,"Dessie Textile Mills is applying for an investment permit for a new textile manufacturing facility in Hawassa Industrial Park. Expected capital investment: USD 5 million, creating 500 jobs.",rejected,normal,Dessie Textile Mills,Yohannes Gebre,+251-91-4973491,contact@dessietextilemills.com,2025-10-14T00:23:31.955243,2025-11-21T00:23:31.955243,2025-10-14T13:23:31.955243,
req_0053,tenant_009,Hawassa Textile Industry,hawassa.textile.industry@example.com,commercial_registration,Commercial Registration - Hawassa Textile Industry,Hawassa Textile Industry requires commercial registration certificate for newly established manufacturing entity. Registered capital: 10 million ETB.,approved,normal,Hawassa Textile Industry,Almaz Tesfaye,+251-91-8117422,contact@hawassatextileindustry.com,2025-10-18T00:23:31.955243,2025-11-29T00:23:31.955243,2025-10-18T12:23:31.955243,7.0
req_0054,tenant_002,Gondar Ceramics Industry,gondar.ceramics.industry@example.com,business_license,Business License Renewal for Gondar Ceramics Industry,Request to renew business operating license for Gondar Ceramics Industry. Previous license expires next month. All compliance documents attached.,rejected,normal,Gondar Ceramics Industry,Yohannes Gebre,+251-91-4964450,contact@gondarceramicsindustry.com,2025-01-25T00:23:31.955243,2025-07-18T00:23:31.955243,2025-01-26T03:23:31.955243,
req_0055,tenant_035,Gondar Ceramics Industry,gondar.ceramics.industry@example.com,notarization,MoU Notarization Service,Notarization required for Memorandum of Understanding between shareholders of Gondar Ceramics Industry.,approved,low,Gondar Ceramics Industry,Almaz Tesfaye,+251-91-2938773,contact@gondarceramicsindustry.com,2025-01-21T00:23:31.955243,2025-06-27T00:23:31.955243,2025-01-21T21:23:31.955243,1.0
req_0056,tenant_018,Addis Manufacturing PLC,addis.manufacturing.plc@example.com,customs_clearance,Import Clearance - Machinery and Equipment,Import clearance for 50 tons of raw textile materials. Bill of lading no: BL-63131.,approved,urgent,Addis Manufacturing PLC,Almaz Tesfaye,+251-91-2525896,contact@addismanufacturingplc.com,2025-12-24T00:23:31.955243,2026-01-06T00:23:31.955243,2025-12-24T02:23:31.955243,1.0
req_0057,tenant_050,Bahir Dar Pharmaceutical PLC,bahir.dar.pharmaceutical.plc@example.com,customs_clearance,Import Clearance - Machinery and Equipment,Import clearance for 50 tons of raw textile materials. Bill of lading no: BL-54435.,rejected,urgent,Bahir Dar Pharmaceutical PLC,Abebe Bekele,+251-91-2041097,contact@bahirdarpharmaceuticalplc.com,2025-09-11T00:23:31.955243,2025-09-26T00:23:31.955243,2025-09-11T14:23:31.955243,
req_0058,tenant_033,Bahir Dar Pharmaceutical PLC,bahir.dar.pharmaceutical.plc@example.com,agreements,Partnership Agreement between Bahir Dar Pharmaceutical PLC and IPDC,Processing partnership agreement between Bahir Dar Pharmaceutical PLC and IPDC for land lease and utility services.,rejected,normal,Bahir Dar Pharmaceutical PLC,Abebe Bekele,+251-91-1843156,contact@bahirdarpharmaceuticalplc.com,2025-09-17T00:23:31.955243,2025-09-29T00:23:31.955243,2025-09-18T11:23:31.955243,
req_0059,tenant_034,Adama Food Processing,adama.food.processing@example.com,agreements,Partnership Agreement between Adama Food Processing and IPDC,Processing partnership agreement between Adama Food Processing and IPDC for land lease and utility services.,issued,high,Adama Food Processing,Tigist Assefa,+251-91-5158859,contact@adamafoodprocessing.com,2025-02-04T00:23:31.955243,2025-07-25T00:23:31.955243,2025-02-04T07:23:31.955243,7.0
req_0060,tenant_009,Dessie Textile Mills,dessie.textile.mills@example.com,agreements,Partnership Agreement between Dessie Textile Mills and IPDC,Processing partnership agreement between Dessie Textile Mills and IPDC for land lease and utility services.,rejected,high,Dessie Textile Mills,Solomon Haile,+251-91-6987907,contact@dessietextilemills.com,2025-07-17T00:23:31.955243,2025-12-18T00:23:31.955243,2025-07-18T07:23:31.955243,
req_0061,tenant_049,Adama Food Processing,adama.food.processing@example.com,investment_permit,New Investment Permit Application - Adama Food Processing,"Adama Food Processing is applying for an investment permit for a new textile manufacturing facility in Hawassa Industrial Park. Expected capital investment: USD 5 million, creating 500 jobs.",approved,urgent,Adama Food Processing,Solomon Haile,+251-91-9693995,contact@adamafoodprocessing.com,2025-02-23T00:23:31.955243,2025-05-27T00:23:31.955243,2025-02-23T23:23:31.955243,8.0
req_0062,tenant_036,Bole Lemi Garment Factory,bole.lemi.garment.factory@example.com,work_permit,Work Permit Application for Foreign Employee,Application for work permit for Mr. Zhang Wei (Chinese national) as Production Manager at Bole Lemi Garment Factory. 2-year contract. CV and employment contract attached.,rejected,normal,Bole Lemi Garment Factory,Yohannes Gebre,+251-91-1950522,contact@bolelemigarmentfactory.com,2025-04-01T00:23:31.955243,2025-09-04T00:23:31.955243,2025-04-02T23:23:31.955243,
req_0063,tenant_009,Dessie Textile Mills,dessie.textile.mills@example.com,tin_issuance,TIN Certificate Request - Dessie Textile Mills,Tax Identification Number (TIN) application for Dessie Textile Mills to commence business operations.,rejected,high,Dessie Textile Mills,Solomon Haile,+251-91-8373853,contact@dessietextilemills.com,2025-07-01T00:23:31.955243,2025-09-28T00:23:31.955243,2025-07-02T14:23:31.955243,
req_0064,tenant_013,Bahir Dar Pharmaceutical PLC,bahir.dar.pharmaceutical.plc@example.com,commercial_registration,Commercial Registration - Bahir Dar Pharmaceutical PLC,Bahir Dar Pharmaceutical PLC requires commercial registration certificate for newly established manufacturing entity. Registered capital: 10 million ETB.,rejected,high,Bahir Dar Pharmaceutical PLC,Abebe Bekele,+251-91-1866335,contact@bahirdarpharmaceuticalplc.com,2025-01-22T00:23:31.955243,2025-08-01T00:23:31.955243,2025-01-23T03:23:31.955243,
req_0065,tenant_024,Kombolcha Industrial Park Ltd,kombolcha.industrial.park.ltd@example.com,agreements,Partnership Agreement between Kombolcha Industrial Park Ltd and IPDC,Processing partnership agreement between Kombolcha Industrial Park Ltd and IPDC for land lease and utility services.,rejected,low,Kombolcha Industrial Park Ltd,Abebe Bekele,+251-91-1890140,contact@kombolchaindustrialparkltd.com,2025-07-16T00:23:31.955243,2025-09-23T00:23:31.955243,2025-07-16T08:23:31.955243,
req_0066,tenant_049,Nazret Agro Processing,nazret.agro.processing@example.com,business_license,Business License Renewal for Nazret Agro Processing,Request to renew business operating license for Nazret Agro Processing. Previous license expires next month. All compliance documents attached.,rejected,normal,Nazret Agro Processing,Yohannes Gebre,+251-91-7613991,contact@nazretagroprocessing.com,2025-11-06T00:23:31.955243,2025-12-14T00:23:31.955243,2025-11-06T22:23:31.955243,
req_0067,tenant_023,Nazret Agro Processing,nazret.agro.processing@example.com,investment_permit,New Investment Permit Application - Nazret Agro Processing,"Nazret Agro Processing is applying for an investment permit for a new textile manufacturing facility in Hawassa Industrial Park. Expected capital investment: USD 5 million, creating 500 jobs.",issued,normal,Nazret Agro Processing,Yohannes Gebre,+251-91-7592941,contact@nazretagroprocessing.com,2025-02-19T00:23:31.955243,2025-05-02T00:23:31.955243,2025-02-19T18:23:31.955243,19.0
req_0068,tenant_034,Adama Food Processing,adama.food.processing@example.com,notarization,MoU Notarization Service,Notarization required for Memorandum of Understanding between shareholders of Adama Food Processing.,rejected,normal,Adama Food Processing,Almaz Tesfaye,+251-91-9763174,contact@adamafoodprocessing.com,2025-09-08T00:23:31.955243,2025-09-28T00:23:31.955243,2025-09-09T02:23:31.955243,
req_0069,tenant_022,Addis Manufacturing PLC,addis.manufacturing.plc@example.com,banking_services,Loan Application for Working Capital,Application for working capital loan of 5 million ETB for Addis Manufacturing PLC expansion project.,issued,urgent,Addis Manufacturing PLC,Almaz Tesfaye,+251-91-9296398,contact@addismanufacturingplc.com,2025-07-30T00:23:31.955243,2025-10-11T00:23:31.955243,2025-07-30T13:23:31.955243,4.0
req_0070,tenant_024,Jimma Coffee Processing,jimma.coffee.processing@example.com,notarization,MoU Notarization Service,Notarization required for Memorandum of Understanding between shareholders of Jimma Coffee Processing.,approved,normal,Jimma Coffee Processing,Almaz Tesfaye,+251-91-7026631,contact@jimmacoffeeprocessing.com,2025-02-28T00:23:31.955243,2025-04-20T00:23:31.955243,2025-03-02T00:23:31.955243,1.0
req_0071,tenant_001,Nazret Agro Processing,nazret.agro.processing@example.com,customs_exemption,Customs Duty Exemption for Raw Materials,Request for customs duty exemption on imported industrial machinery valued at USD 2 million as per investment permit.,rejected,urgent,Nazret Agro Processing,Yohannes Gebre,+251-91-9157241,contact@nazretagroprocessing.com,2025-07-04T00:23:31.955243,2025-09-01T00:23:31.955243,2025-07-05T11:23:31.955243,
req_0072,tenant_038,Dessie Textile Mills,dessie.textile.mills@example.com,commercial_registration,Commercial Registration - Dessie Textile Mills,Dessie Textile Mills requires commercial registration certificate for newly established manufacturing entity. Registered capital: 10 million ETB.,approved,low,Dessie Textile Mills,Almaz Tesfaye,+251-91-3909130,contact@dessietextilemills.com,2025-10-24T00:23:31.955243,2025-11-08T00:23:31.955243,2025-10-24T15:23:31.955243,6.0
req_0073,tenant_030,Addis Manufacturing PLC,addis.manufacturing.plc@example.com,tin_issuance,TIN Certificate Request - Addis Manufacturing PLC,Tax Identification Number (TIN) application for Addis Manufacturing PLC to commence business operations.,issued,high,Addis Manufacturing PLC,Abebe Bekele,+251-91-8527226,contact@addismanufacturingplc.com,2025-09-08T00:23:31.955243,2025-10-30T00:23:31.955243,2025-09-08T03:23:31.955243,1.0
req_0074,tenant_019,Addis Manufacturing PLC,addis.manufacturing.plc@example.com,customs_clearance,Import Clearance - Machinery and Equipment,Import clearance for 50 tons of raw textile materials. Bill of lading no: BL-13862.,issued,high,Addis Manufacturing PLC,Yohannes Gebre,+251-91-7134038,contact@addismanufacturingplc.com,2025-01-24T00:23:31.955243,2025-09-15T00:23:31.955243,2025-01-24T15:23:31.955243,4.0
req_0075,tenant_036,Mekelle Steel Industry,mekelle.steel.industry@example.com,trade_name_registration,Trade Name Registration - Mekelle Manufacturing,Registration of trade name 'Mekelle Industries' for manufacturing and export business.,rejected,normal,Mekelle Steel Industry,Abebe Bekele,+251-91-7690152,contact@mekellesteelindustry.com,2025-11-05T00:23:31.955243,2025-11-21T00:23:31.955243,2025-11-06T00:23:31.955243,
req_0076,tenant_040,Jimma Coffee Processing,jimma.coffee.processing@example.com,investment_permit,New Investment Permit Application - Jimma Coffee Processing,"Jimma Coffee Processing is applying for an investment permit for a new textile manufacturing facility in Hawassa Industrial Park. Expected capital investment: USD 5 million, creating 500 jobs.",approved,normal,Jimma Coffee Processing,Almaz Tesfaye,+251-91-5727423,contact@jimmacoffeeprocessing.com,2025-09-09T00:23:31.955243,2025-12-02T00:23:31.955243,2025-09-09T13:23:31.955243,16.0
req_0077,tenant_005,Jimma Coffee Processing,jimma.coffee.processing@example.com,investment_permit,New Investment Permit Application - Jimma Coffee Processing,"Jimma Coffee Processing is applying for an investment permit for a new textile manufacturing facility in Hawassa Industrial Park. Expected capital investment: USD 5 million, creating 500 jobs.",rejected,normal,Jimma Coffee Processing,Solomon Haile,+251-91-7098189,contact@jimmacoffeeprocessing.com,2025-08-11T00:23:31.955243,2025-12-21T00:23:31.955243,2025-08-11T19:23:31.955243,
req_0078,tenant_039,Bahir Dar Pharmaceutical PLC,bahir.dar.pharmaceutical.plc@example.com,business_license,Business License Renewal for Bahir Dar Pharmaceutical PLC,Request to renew business operating license for Bahir Dar Pharmaceutical PLC. Previous license expires next month. All compliance documents attached.,issued,high,Bahir Dar Pharmaceutical PLC,Tigist Assefa,+251-91-7223902,contact@bahirdarpharmaceuticalplc.com,2025-05-16T00:23:31.955243,2025-06-14T00:23:31.955243,2025-05-16T22:23:31.955243,9.0
req_0079,tenant_038,Hawassa Textile Industry,hawassa.textile.industry@example.com,tin_issuance,TIN Certificate Request - Hawassa Textile Industry,Tax Identification Number (TIN) application for Hawassa Textile Industry to commence business operations.,approved,normal,Hawassa Textile Industry,Yohannes Gebre,+251-91-4262933,contact@hawassatextileindustry.com,2025-10-01T00:23:31.955243,2025-10-09T00:23:31.955243,2025-10-02T15:23:31.955243,2.0
req_0080,tenant_003,Adama Food Processing,adama.food.processing@example.com,tin_issuance,TIN Certificate Request - Adama Food Processing,Tax Identification Number (TIN) application for Adama Food Processing to commence business operations.,issued,normal,Adama Food Processing,Tigist Assefa,+251-91-6155140,contact@adamafoodprocessing.com,2025-09-07T00:23:31.955243,2025-10-11T00:23:31.955243,2025-09-07T07:23:31.955243,2.0
req_0081,tenant_032,Bahir Dar Pharmaceutical PLC,bahir.dar.pharmaceutical.plc@example.com,business_license,Business License Renewal for Bahir Dar Pharmaceutical PLC,Request to renew business operating license for Bahir Dar Pharmaceutical PLC. Previous license expires next month. All compliance documents attached.,rejected,normal,Bahir Dar Pharmaceutical PLC,Solomon Haile,+251-91-1921578,contact@bahirdarpharmaceuticalplc.com,2025-10-02T00:23:31.955243,2025-10-25T00:23:31.955243,2025-10-03T03:23:31.955243,
req_0082,tenant_003,Addis Manufacturing PLC,addis.manufacturing.plc@example.com,investment_permit,New Investment Permit Application - Addis Manufacturing PLC,"Addis Manufacturing PLC is applying for an investment permit for a new textile manufacturing facility in Hawassa Industrial Park. Expected capital investment: USD 5 million, creating 500 jobs.",approved,low,Addis Manufacturing PLC,Solomon Haile,+251-91-9261352,contact@addismanufacturingplc.com,2025-04-25T00:23:31.955243,2025-12-29T00:23:31.955243,2025-04-26T22:23:31.955243,28.0
req_0083,tenant_016,Bole Lemi Garment Factory,bole.lemi.garment.factory@example.com,banking_services,Loan Application for Working Capital,Application for working capital loan of 5 million ETB for Bole Lemi Garment Factory expansion project.,approved,urgent,Bole Lemi Garment Factory,Yohannes Gebre,+251-91-2562573,contact@bolelemigarmentfactory.com,2025-04-15T00:23:31.955243,2025-07-16T00:23:31.955243,2025-04-15T05:23:31.955243,2.0
req_0084,tenant_010,Gondar Ceramics Industry,gondar.ceramics.industry@example.com,work_permit,Work Permit Application for Foreign Employee,Application for work permit for Mr. Zhang Wei (Chinese national) as Production Manager at Gondar Ceramics Industry. 2-year contract. CV and employment contract attached.,rejected,normal,Gondar Ceramics Industry,Almaz Tesfaye,+251-91-9887807,contact@gondarceramicsindustry.com,2025-06-29T00:23:31.955243,2025-08-19T00:23:31.955243,2025-06-29T18:23:31.955243,
req_0085,tenant_043,Dessie Textile Mills,dessie.textile.mills@example.com,agreements,Partnership Agreement between Dessie Textile Mills and IPDC,Processing partnership agreement between Dessie Textile Mills and IPDC for land lease and utility services.,rejected,urgent,Dessie Textile Mills,Almaz Tesfaye,+251-91-5525756,contact@dessietextilemills.com,2025-01-11T00:23:31.955243,2025-10-24T00:23:31.955243,2025-01-12T22:23:31.955243,
req_0086,tenant_023,Gondar Ceramics Industry,gondar.ceramics.industry@example.com,banking_services,Loan Application for Working Capital,Application for working capital loan of 5 million ETB for Gondar Ceramics Industry expansion project.,rejected,high,Gondar Ceramics Industry,Yohannes Gebre,+251-91-4391766,contact@gondarceramicsindustry.com,2025-01-29T00:23:31.955243,2025-07-05T00:23:31.955243,2025-01-30T05:23:31.955243,
req_0087,tenant_030,Addis Manufacturing PLC,addis.manufacturing.plc@example.com,customs_exemption,Customs Duty Exemption for Raw Materials,Request for customs duty exemption on imported industrial machinery valued at USD 2 million as per investment permit.,rejected,high,Addis Manufacturing PLC,Yohannes Gebre,+251-91-8163558,contact@addismanufacturingplc.com,2025-05-09T00:23:31.955243,2025-08-26T00:23:31.955243,2025-05-09T08:23:31.955243,
req_0088,tenant_028,Dire Dawa Leather Factory,dire.dawa.leather.factory@example.com,customs_clearance,Import Clearance - Machinery and Equipment,Import clearance for 50 tons of raw textile materials. Bill of lading no: BL-24515.,approved,high,Dire Dawa Leather Factory,Almaz Tesfaye,+251-91-3497208,contact@diredawaleatherfactory.com,2025-02-19T00:23:31.955243,2025-12-09T00:23:31.955243,2025-02-20T02:23:31.955243,5.0
req_0089,tenant_022,Hawassa Textile Industry,hawassa.textile.industry@example.com,investment_permit,New Investment Permit Application - Hawassa Textile Industry,"Hawassa Textile Industry is applying for an investment permit for a new textile manufacturing facility in Hawassa Industrial Park. Expected capital investment: USD 5 million, creating 500 jobs.",approved,normal,Hawassa Textile Industry,Almaz Tesfaye,+251-91-5634281,contact@hawassatextileindustry.com,2025-09-04T00:23:31.955243,2025-10-03T00:23:31.955243,2025-09-05T16:23:31.955243,10.0
req_0090,tenant_033,Addis Manufacturing PLC,addis.manufacturing.plc@example.com,business_license,Business License Renewal for Addis Manufacturing PLC,Request to renew business operating license for Addis Manufacturing PLC. Previous license expires next month. All compliance documents attached.,rejected,normal,Addis Manufacturing PLC,Almaz Tesfaye,+251-91-7190721,contact@addismanufacturingplc.com,2025-01-18T00:23:31.955243,2025-09-08T00:23:31.955243,2025-01-19T23:23:31.955243,
req_0091,tenant_033,Bole Lemi Garment Factory,bole.lemi.garment.factory@example.com,tin_issuance,TIN Certificate Request - Bole Lemi Garment Factory,Tax Identification Number (TIN) application for Bole Lemi Garment Factory to commence business operations.,rejected,low,Bole Lemi Garment Factory,Abebe Bekele,+251-91-4312656,contact@bolelemigarmentfactory.com,2025-07-16T00:23:31.955243,2025-09-26T00:23:31.955243,2025-07-16T09:23:31.955243,
req_0092,tenant_034,Kombolcha Industrial Park Ltd,kombolcha.industrial.park.ltd@example.com,trade_name_registration,Trade Name Registration - Kombolcha Manufacturing,Registration of trade name 'Kombolcha Industries' for manufacturing and export business.,approved,normal,Kombolcha Industrial Park Ltd,Abebe Bekele,+251-91-7683375,contact@kombolchaindustrialparkltd.com,2025-10-04T00:23:31.955243,2025-10-23T00:23:31.955243,2025-10-06T00:23:31.955243,2.0
req_0093,tenant_005,Addis Manufacturing PLC,addis.manufacturing.plc@example.com,commercial_registration,Commercial Registration - Addis Manufacturing PLC,Addis Manufacturing PLC requires commercial registration certificate for newly established manufacturing entity. Registered capital: 10 million ETB.,rejected,low,Addis Manufacturing PLC,Tigist Assefa,+251-91-6099234,contact@addismanufacturingplc.com,2025-02-25T00:23:31.955243,2025-04-08T00:23:31.955243,2025-02-25T02:23:31.955243,
req_0094,tenant_015,Nazret Agro Processing,nazret.agro.processing@example.com,trade_name_registration,Trade Name Registration - Nazret Manufacturing,Registration of trade name 'Nazret Industries' for manufacturing and export business.,rejected,low,Nazret Agro Processing,Abebe Bekele,+251-91-4431401,contact@nazretagroprocessing.com,2025-08-03T00:23:31.955243,2025-11-20T00:23:31.955243,2025-08-03T12:23:31.955243,
req_0095,tenant_045,Gondar Ceramics Industry,gondar.ceramics.industry@example.com,notarization,MoU Notarization Service,Notarization required for Memorandum of Understanding between shareholders of Gondar Ceramics Industry.,issued,normal,Gondar Ceramics Industry,Almaz Tesfaye,+251-91-7365059,contact@gondarceramicsindustry.com,2025-06-02T00:23:31.955243,2025-11-07T00:23:31.955243,2025-06-03T20:23:31.955243,1.0
req_0096,tenant_010,Mekelle Steel Industry,mekelle.steel.industry@example.com,notarization,MoU Notarization Service,Notarization required for Memorandum of Understanding between shareholders of Mekelle Steel Industry.,pending_documents,normal,Mekelle Steel Industry,Yohannes Gebre,+251-91-4101376,contact@mekellesteelindustry.com,2025-12-31T00:23:31.955243,2026-01-09T00:23:31.955243,2026-01-01T09:23:31.955243,
req_0097,tenant_008,Adama Food Processing,adama.food.processing@example.com,customs_clearance,Import Clearance - Machinery and Equipment,Import clearance for 50 tons of raw textile materials. Bill of lading no: BL-54652.,approved,urgent,Adama Food Processing,Almaz Tesfaye,+251-91-5087217,contact@adamafoodprocessing.com,2025-09-19T00:23:31.955243,2025-11-09T00:23:31.955243,2025-09-20T21:23:31.955243,2.0
req_0098,tenant_021,Kombolcha Industrial Park Ltd,kombolcha.industrial.park.ltd@example.com,trade_name_registration,Trade Name Registration - Kombolcha Manufacturing,Registration of trade name 'Kombolcha Industries' for manufacturing and export business.,rejected,low,Kombolcha Industrial Park Ltd,Solomon Haile,+251-91-2748098,contact@kombolchaindustrialparkltd.com,2025-06-01T00:23:31.955243,2025-10-28T00:23:31.955243,2025-06-02T02:23:31.955243,
req_0099,tenant_004,Dessie Textile Mills,dessie.textile.mills@example.com,commercial_registration,Commercial Registration - Dessie Textile Mills,Dessie Textile Mills requires commercial registration certificate for newly established manufacturing entity. Registered capital: 10 million ETB.,rejected,normal,Dessie Textile Mills,Abebe Bekele,+251-91-8642591,contact@dessietextilemills.com,2025-02-14T00:23:31.955243,2025-11-21T00:23:31.955243,2025-02-15T10:23:31.955243,
req_0100,tenant_021,Bahir Dar Pharmaceutical PLC,bahir.dar.pharmaceutical.plc@example.com,agreements,Partnership Agreement between Bahir Dar Pharmaceutical PLC and IPDC,Processing partnership agreement between Bahir Dar Pharmaceutical PLC and IPDC for land lease and utility services.,under_review,high,Bahir Dar Pharmaceutical PLC,Yohannes Gebre,+251-91-7731165,contact@bahirdarpharmaceuticalplc.com,2025-12-14T00:23:31.955243,2025-12-29T00:23:31.955243,2025-12-14T22:23:31.955243,
req_0101,tenant_007,Jimma Coffee Processing,jimma.coffee.processing@example.com,investment_permit,New Investment Permit Application - Jimma Coffee Processing,"Jimma Coffee Processing is applying for an investment permit for a new textile manufacturing facility in Hawassa Industrial Park. Expected capital investment: USD 5 million, creating 500 jobs.",approved,normal,Jimma Coffee Processing,Abebe Bekele,+251-91-7284682,contact@jimmacoffeeprocessing.com,2025-06-20T00:23:31.955243,2025-09-13T00:23:31.955243,2025-06-20T05:23:31.955243,20.0
req_0102,tenant_012,Gondar Ceramics Industry,gondar.ceramics.industry@example.com,trade_name_registration,Trade Name Registration - Gondar Manufacturing,Registration of trade name 'Gondar Industries' for manufacturing and export business.,issued,normal,Gondar Ceramics Industry,Yohannes Gebre,+251-91-6454416,contact@gondarceramicsindustry.com,2025-05-19T00:23:31.955243,2025-11-24T00:23:31.955243,2025-05-19T03:23:31.955243,2.0
req_0103,tenant_020,Hawassa Textile Industry,hawassa.textile.industry@example.com,customs_exemption,Customs Duty Exemption for Raw Materials,Request for customs duty exemption on imported industrial machinery valued at USD 2 million as per investment permit.,approved,normal,Hawassa Textile Industry,Tigist Assefa,+251-91-3964609,contact@hawassatextileindustry.com,2025-12-24T00:23:31.955243,2025-12-30T00:23:31.955243,2025-12-24T10:23:31.955243,10.0
req_0104,tenant_046,Gondar Ceramics Industry,gondar.ceramics.industry@example.com,work_permit,Work Permit Application for Foreign Employee,Application for work permit for Mr. Zhang Wei (Chinese national) as Production Manager at Gondar Ceramics Industry. 2-year contract. CV and employment contract attached.,under_review,normal,Gondar Ceramics Industry,Almaz Tesfaye,+251-91-1131826,contact@gondarceramicsindustry.com,2025-12-27T00:23:31.955243,2026-01-07T00:23:31.955243,2025-12-27T03:23:31.955243,
req_0105,tenant_018,Mekelle Steel Industry,mekelle.steel.industry@example.com,banking_services,Loan Application for Working Capital,Application for working capital loan of 5 million ETB for Mekelle Steel Industry expansion project.,issued,high,Mekelle Steel Industry,Yohannes Gebre,+251-91-2883885,contact@mekellesteelindustry.com,2025-02-23T00:23:31.955243,2025-02-23T00:23:31.955243,2025-02-23T14:23:31.955243,10.0
req_0106,tenant_007,Bahir Dar Pharmaceutical PLC,bahir.dar.pharmaceutical.plc@example.com,investment_permit,New Investment Permit Application - Bahir Dar Pharmaceutical PLC,"Bahir Dar Pharmaceutical PLC is applying for an investment permit for a new textile manufacturing facility in Hawassa Industrial Park. Expected capital investment: USD 5 million, creating 500 jobs.",approved,low,Bahir Dar Pharmaceutical PLC,Yohannes Gebre,+251-91-3348966,contact@bahirdarpharmaceuticalplc.com,2025-05-12T00:23:31.955243,2025-11-11T00:23:31.955243,2025-05-12T10:23:31.955243,22.0
req_0107,tenant_011,Bahir Dar Pharmaceutical PLC,bahir.dar.pharmaceutical.plc@example.com,business_license,Business License Renewal for Bahir Dar Pharmaceutical PLC,Request to renew business operating license for Bahir Dar Pharmaceutical PLC. Previous license expires next month. All compliance documents attached.,rejected,normal,Bahir Dar Pharmaceutical PLC,Tigist Assefa,+251-91-9624800,contact@bahirdarpharmaceuticalplc.com,2025-05-16T00:23:31.955243,2025-09-14T00:23:31.955243,2025-05-17T03:23:31.955243,
req_0108,tenant_001,Bole Lemi Garment Factory,bole.lemi.garment.factory@example.com,notarization,MoU Notarization Service,Notarization required for Memorandum of Understanding between shareholders of Bole Lemi Garment Factory.,rejected,high,Bole Lemi Garment Factory,Solomon Haile,+251-91-6635497,contact@bolelemigarmentfactory.com,2025-08-22T00:23:31.955243,2025-10-24T00:23:31.955243,2025-08-23T16:23:31.955243,
req_0109,tenant_005,Nazret Agro Processing,nazret.agro.processing@example.com,investment_permit,New Investment Permit Application - Nazret Agro Processing,"Nazret Agro Processing is applying for an investment permit for a new textile manufacturing facility in Hawassa Industrial Park. Expected capital investment: USD 5 million, creating 500 jobs.",issued,normal,Nazret Agro Processing,Yohannes Gebre,+251-91-5963857,contact@nazretagroprocessing.com,2025-06-10T00:23:31.955243,2025-10-07T00:23:31.955243,2025-06-10T10:23:31.955243,11.0
req_0110,tenant_042,Dessie Textile Mills,dessie.textile.mills@example.com,business_license,Business License Renewal for Dessie Textile Mills,Request to renew business operating license for Dessie Textile Mills. Previous license expires next month. All compliance documents attached.,approved,normal,Dessie Textile Mills,Yohannes Gebre,+251-91-6631971,contact@dessietextilemills.com,2025-12-22T00:23:31.955243,2026-01-02T00:23:31.955243,2025-12-22T19:23:31.955243,7.0
req_0111,tenant_006,Hawassa Textile Industry,hawassa.textile.industry@example.com,agreements,Partnership Agreement between Hawassa Textile Industry and IPDC,Processing partnership agreement between Hawassa Textile Industry and IPDC for land lease and utility services.,approved,normal,Hawassa Textile Industry,Almaz Tesfaye,+251-91-9875186,contact@hawassatextileindustry.com,2025-06-15T00:23:31.955243,2025-07-24T00:23:31.955243,2025-06-16T00:23:31.955243,6.0
req_0112,tenant_040,Dessie Textile Mills,dessie.textile.mills@example.com,customs_exemption,Customs Duty Exemption for Raw Materials,Request for customs duty exemption on imported industrial machinery valued at USD 2 million as per investment permit.,rejected,low,Dessie Textile Mills,Tigist Assefa,+251-91-5892427,contact@dessietextilemills.com,2025-09-01T00:23:31.955243,2025-10-02T00:23:31.955243,2025-09-01T09:23:31.955243,
req_0113,tenant_013,Bahir Dar Pharmaceutical PLC,bahir.dar.pharmaceutical.plc@example.com,work_permit,Work Permit Application for Foreign Employee,Application for work permit for Mr. Zhang Wei (Chinese national) as Production Manager at Bahir Dar Pharmaceutical PLC. 2-year contract. CV and employment contract attached.,issued,low,Bahir Dar Pharmaceutical PLC,Yohannes Gebre,+251-91-1477274,contact@bahirdarpharmaceuticalplc.com,2025-04-28T00:23:31.955243,2025-08-09T00:23:31.955243,2025-04-28T21:23:31.955243,30.0
req_0114,tenant_026,Dire Dawa Leather Factory,dire.dawa.leather.factory@example.com,commercial_registration,Commercial Registration - Dire Dawa Leather Factory,Dire Dawa Leather Factory requires commercial registration certificate for newly established manufacturing entity. Registered capital: 10 million ETB.,issued,urgent,Dire Dawa Leather Factory,Abebe Bekele,+251-91-7224814,contact@diredawaleatherfactory.com,2025-09-16T00:23:31.955243,2025-10-02T00:23:31.955243,2025-09-17T19:23:31.955243,3.0
req_0115,tenant_021,Jimma Coffee Processing,jimma.coffee.processing@example.com,trade_name_registration,Trade Name Registration - Jimma Manufacturing,Registration of trade name 'Jimma Industries' for manufacturing and export business.,rejected,low,Jimma Coffee Processing,Solomon Haile,+251-91-2229061,contact@jimmacoffeeprocessing.com,2025-01-24T00:23:31.955243,2025-10-24T00:23:31.955243,2025-01-26T00:23:31.955243,
req_0116,tenant_007,Kombolcha Industrial Park Ltd,kombolcha.industrial.park.ltd@example.com,agreements,Partnership Agreement between Kombolcha Industrial Park Ltd and IPDC,Processing partnership agreement between Kombolcha Industrial Park Ltd and IPDC for land lease and utility services.,pending_documents,high,Kombolcha Industrial Park Ltd,Almaz Tesfaye,+251-91-7615690,contact@kombolchaindustrialparkltd.com,2025-12-28T00:23:31.955243,2026-01-06T00:23:31.955243,2025-12-29T03:23:31.955243,
req_0117,tenant_002,Gondar Ceramics Industry,gondar.ceramics.industry@example.com,customs_exemption,Customs Duty Exemption for Raw Materials,Request for customs duty exemption on imported industrial machinery valued at USD 2 million as per investment permit.,rejected,low,Gondar Ceramics Industry,Solomon Haile,+251-91-4403380,contact@gondarceramicsindustry.com,2025-07-25T00:23:31.955243,2025-12-20T00:23:31.955243,2025-07-26T12:23:31.955243,
req_0118,tenant_049,Jimma Coffee Processing,jimma.coffee.processing@example.com,business_license,Business License Renewal for Jimma Coffee Processing,Request to renew business operating license for Jimma Coffee Processing. Previous license expires next month. All compliance documents attached.,under_review,normal,Jimma Coffee Processing,Abebe Bekele,+251-91-1132758,contact@jimmacoffeeprocessing.com,2025-12-25T00:23:31.955243,2026-01-06T00:23:31.955243,2025-12-26T04:23:31.955243,
req_0119,tenant_021,Bahir Dar Pharmaceutical PLC,bahir.dar.pharmaceutical.plc@example.com,notarization,MoU Notarization Service,Notarization required for Memorandum of Understanding between shareholders of Bahir Dar Pharmaceutical PLC.,approved,normal,Bahir Dar Pharmaceutical PLC,Tigist Assefa,+251-91-5811029,contact@bahirdarpharmaceuticalplc.com,2025-10-07T00:23:31.955243,2025-12-11T00:23:31.955243,2025-10-07T14:23:31.955243,1.0
req_0120,tenant_040,Jimma Coffee Processing,jimma.coffee.processing@example.com,investment_permit,New Investment Permit Application - Jimma Coffee Processing,"Jimma Coffee Processing is applying for an investment permit for a new textile manufacturing facility in Hawassa Industrial Park. Expected capital investment: USD 5 million, creating 500 jobs.",rejected,high,Jimma Coffee Processing,Abebe Bekele,+251-91-3569086,contact@jimmacoffeeprocessing.com,2025-09-03T00:23:31.955243,2026-01-03T00:23:31.955243,2025-09-03T08:23:31.955243,
req_0121,tenant_044,Bole Lemi Garment Factory,bole.lemi.garment.factory@example.com,business_license,Business License Renewal for Bole Lemi Garment Factory,Request to renew business operating license for Bole Lemi Garment Factory. Previous license expires next month. All compliance documents attached.,approved,urgent,Bole Lemi Garment Factory,Solomon Haile,+251-91-3240318,contact@bolelemigarmentfactory.com,2025-05-02T00:23:31.955243,2025-06-20T00:23:31.955243,2025-05-03T13:23:31.955243,3.0
req_0122,tenant_034,Addis Manufacturing PLC,addis.manufacturing.plc@example.com,notarization,MoU Notarization Service,Notarization required for Memorandum of Understanding between shareholders of Addis Manufacturing PLC.,issued,low,Addis Manufacturing PLC,Tigist Assefa,+251-91-6668293,contact@addismanufacturingplc.com,2025-03-04T00:23:31.955243,2025-03-25T00:23:31.955243,2025-03-04T14:23:31.955243,1.0
req_0123,tenant_003,Mekelle Steel Industry,mekelle.steel.industry@example.com,work_permit,Work Permit Application for Foreign Employee,Application for work permit for Mr. Zhang Wei (Chinese national) as Production Manager at Mekelle Steel Industry. 2-year contract. CV and employment contract attached.,issued,high,Mekelle Steel Industry,Solomon Haile,+251-91-3386051,contact@mekellesteelindustry.com,2025-01-24T00:23:31.955243,2025-06-08T00:23:31.955243,2025-01-24T06:23:31.955243,22.0
req_0124,tenant_015,Adama Food Processing,adama.food.processing@example.com,agreements,Partnership Agreement between Adama Food Processing and IPDC,Processing partnership agreement between Adama Food Processing and IPDC for land lease and utility services.,rejected,high,Adama Food Processing,Yohannes Gebre,+251-91-8084833,contact@adamafoodprocessing.com,2025-04-08T00:23:31.955243,2025-07-21T00:23:31.955243,2025-04-08T09:23:31.955243,
req_0125,tenant_027,Nazret Agro Processing,nazret.agro.processing@example.com,investment_permit,New Investment Permit Application - Nazret Agro Processing,"Nazret Agro Processing is applying for an investment permit for a new textile manufacturing facility in Hawassa Industrial Park. Expected capital investment: USD 5 million, creating 500 jobs.",approved,high,Nazret Agro Processing,Yohannes Gebre,+251-91-2681417,contact@nazretagroprocessing.com,2025-02-25T00:23:31.955243,2025-07-14T00:23:31.955243,2025-02-26T13:23:31.955243,19.0
req_0126,tenant_034,Bole Lemi Garment Factory,bole.lemi.garment.factory@example.com,trade_name_registration,Trade Name Registration - Bole Manufacturing,Registration of trade name 'Bole Industries' for manufacturing and export business.,issued,normal,Bole Lemi Garment Factory,Yohannes Gebre,+251-91-4898925,contact@bolelemigarmentfactory.com,2025-08-07T00:23:31.955243,2025-10-21T00:23:31.955243,2025-08-08T09:23:31.955243,1.0
req_0127,tenant_012,Nazret Agro Processing,nazret.agro.processing@example.com,tin_issuance,TIN Certificate Request - Nazret Agro Processing,Tax Identification Number (TIN) application for Nazret Agro Processing to commence business operations.,issued,high,Nazret Agro Processing,Solomon Haile,+251-91-5782285,contact@nazretagroprocessing.com,2025-10-20T00:23:31.955243,2025-12-27T00:23:31.955243,2025-10-20T06:23:31.955243,1.0
req_0128,tenant_020,Adama Food Processing,adama.food.processing@example.com,agreements,Partnership Agreement between Adama Food Processing and IPDC,Processing partnership agreement between Adama Food Processing and IPDC for land lease and utility services.,rejected,normal,Adama Food Processing,Yohannes Gebre,+251-91-9114155,contact@adamafoodprocessing.com,2025-10-26T00:23:31.955243,2025-11-24T00:23:31.955243,2025-10-26T17:23:31.955243,
req_0129,tenant_037,Kombolcha Industrial Park Ltd,kombolcha.industrial.park.ltd@example.com,notarization,MoU Notarization Service,Notarization required for Memorandum of Understanding between shareholders of Kombolcha Industrial Park Ltd.,issued,low,Kombolcha Industrial Park Ltd,Tigist Assefa,+251-91-6123362,contact@kombolchaindustrialparkltd.com,2025-10-13T00:23:31.955243,2025-12-26T00:23:31.955243,2025-10-13T15:23:31.955243,1.0
req_0130,tenant_035,Nazret Agro Processing,nazret.agro.processing@example.com,customs_clearance,Import Clearance - Machinery and Equipment,Import clearance for 50 tons of raw textile materials. Bill of lading no: BL-14302.,rejected,normal,Nazret Agro Processing,Yohannes Gebre,+251-91-1261765,contact@nazretagroprocessing.com,2025-06-20T00:23:31.955243,2025-12-08T00:23:31.955243,2025-06-21T05:23:31.955243,
req_0131,tenant_002,Nazret Agro Processing,nazret.agro.processing@example.com,business_license,Business License Renewal for Nazret Agro Processing,Request to renew business operating license for Nazret Agro Processing. Previous license expires next month. All compliance documents attached.,rejected,high,Nazret Agro Processing,Solomon Haile,+251-91-6285442,contact@nazretagroprocessing.com,2025-01-14T00:23:31.955243,2025-07-05T00:23:31.955243,2025-01-15T12:23:31.955243,
req_0132,tenant_003,Dire Dawa Leather Factory,dire.dawa.leather.factory@example.com,customs_exemption,Customs Duty Exemption for Raw Materials,Request for customs duty exemption on imported industrial machinery valued at USD 2 million as per investment permit.,issued,low,Dire Dawa Leather Factory,Abebe Bekele,+251-91-8595036,contact@diredawaleatherfactory.com,2025-02-19T00:23:31.955243,2025-05-11T00:23:31.955243,2025-02-20T12:23:31.955243,13.0
req_0133,tenant_049,Jimma Coffee Processing,jimma.coffee.processing@example.com,customs_exemption,Customs Duty Exemption for Raw Materials,Request for customs duty exemption on imported industrial machinery valued at USD 2 million as per investment permit.,issued,low,Jimma Coffee Processing,Almaz Tesfaye,+251-91-6082643,contact@jimmacoffeeprocessing.com,2025-11-28T00:23:31.955243,2025-12-07T00:23:31.955243,2025-11-28T13:23:31.955243,21.0
req_0134,tenant_050,Nazret Agro Processing,nazret.agro.processing@example.com,business_license,Business License Renewal for Nazret Agro Processing,Request to renew business operating license for Nazret Agro Processing. Previous license expires next month. All compliance documents attached.,approved,high,Nazret Agro Processing,Tigist Assefa,+251-91-3746881,contact@nazretagroprocessing.com,2025-12-01T00:23:31.955243,2025-12-29T00:23:31.955243,2025-12-01T10:23:31.955243,9.0
req_0135,tenant_013,Gondar Ceramics Industry,gondar.ceramics.industry@example.com,commercial_registration,Commercial Registration - Gondar Ceramics Industry,Gondar Ceramics Industry requires commercial registration certificate for newly established manufacturing entity. Registered capital: 10 million ETB.,approved,urgent,Gondar Ceramics Industry,Abebe Bekele,+251-91-9332738,contact@gondarceramicsindustry.com,2025-05-26T00:23:31.955243,2025-12-19T00:23:31.955243,2025-05-26T15:23:31.955243,2.0
req_0136,tenant_001,Kombolcha Industrial Park Ltd,kombolcha.industrial.park.ltd@example.com,business_license,Business License Renewal for Kombolcha Industrial Park Ltd,Request to renew business operating license for Kombolcha Industrial Park Ltd. Previous license expires next month. All compliance documents attached.,issued,normal,Kombolcha Industrial Park Ltd,Tigist Assefa,+251-91-2850192,contact@kombolchaindustrialparkltd.com,2025-07-20T00:23:31.955243,2025-12-09T00:23:31.955243,2025-07-21T21:23:31.955243,6.0
req_0137,tenant_013,Dire Dawa Leather Factory,dire.dawa.leather.factory@example.com,notarization,MoU Notarization Service,Notarization required for Memorandum of Understanding between shareholders of Dire Dawa Leather Factory.,rejected,high,Dire Dawa Leather Factory,Tigist Assefa,+251-91-3595030,contact@diredawaleatherfactory.com,2025-03-11T00:23:31.955243,2025-11-06T00:23:31.955243,2025-03-13T00:23:31.955243,
req_0138,tenant_045,Dire Dawa Leather Factory,dire.dawa.leather.factory@example.com,business_license,Business License Renewal for Dire Dawa Leather Factory,Request to renew business operating license for Dire Dawa Leather Factory. Previous license expires next month. All compliance documents attached.,rejected,urgent,Dire Dawa Leather Factory,Solomon Haile,+251-91-9877241,contact@diredawaleatherfactory.com,2025-05-14T00:23:31.955243,2025-06-13T00:23:31.955243,2025-05-15T22:23:31.955243,
req_0139,tenant_036,Dessie Textile Mills,dessie.textile.mills@example.com,notarization,MoU Notarization Service,Notarization required for Memorandum of Understanding between shareholders of Dessie Textile Mills.,approved,urgent,Dessie Textile Mills,Solomon Haile,+251-91-6109501,contact@dessietextilemills.com,2025-07-30T00:23:31.955243,2025-11-18T00:23:31.955243,2025-07-31T00:23:31.955243,0.0
req_0140,tenant_038,Jimma Coffee Processing,jimma.coffee.processing@example.com,trade_name_registration,Trade Name Registration - Jimma Manufacturing,Registration of trade name 'Jimma Industries' for manufacturing and export business.,approved,normal,Jimma Coffee Processing,Yohannes Gebre,+251-91-9324630,contact@jimmacoffeeprocessing.com,2025-02-08T00:23:31.955243,2025-07-19T00:23:31.955243,2025-02-08T08:23:31.955243,3.0
req_0141,tenant_001,Dessie Textile Mills,dessie.textile.mills@example.com,commercial_registration,Commercial Registration - Dessie Textile Mills,Dessie Textile Mills requires commercial registration certificate for newly established manufacturing entity. Registered capital: 10 million ETB.,issued,normal,Dessie Textile Mills,Yohannes Gebre,+251-91-9891499,contact@dessietextilemills.com,2025-11-28T00:23:31.955243,2025-12-29T00:23:31.955243,2025-11-28T20:23:31.955243,5.0
req_0142,tenant_042,Adama Food Processing,adama.food.processing@example.com,investment_permit,New Investment Permit Application - Adama Food Processing,"Adama Food Processing is applying for an investment permit for a new textile manufacturing facility in Hawassa Industrial Park. Expected capital investment: USD 5 million, creating 500 jobs.",rejected,normal,Adama Food Processing,Tigist Assefa,+251-91-6741778,contact@adamafoodprocessing.com,2025-09-29T00:23:31.955243,2025-12-17T00:23:31.955243,2025-09-30T21:23:31.955243,
req_0143,tenant_006,Dessie Textile Mills,dessie.textile.mills@example.com,business_license,Business License Renewal for Dessie Textile Mills,Request to renew business operating license for Dessie Textile Mills. Previous license expires next month. All compliance documents attached.,pending_documents,urgent,Dessie Textile Mills,Abebe Bekele,+251-91-5818039,contact@dessietextilemills.com,2025-12-28T00:23:31.955243,2026-01-10T00:23:31.955243,2025-12-28T15:23:31.955243,
req_0144,tenant_013,Mekelle Steel Industry,mekelle.steel.industry@example.com,work_permit,Work Permit Application for Foreign Employee,Application for work permit for Mr. Zhang Wei (Chinese national) as Production Manager at Mekelle Steel Industry. 2-year contract. CV and employment contract attached.,approved,urgent,Mekelle Steel Industry,Almaz Tesfaye,+251-91-8613680,contact@mekellesteelindustry.com,2025-05-05T00:23:31.955243,2025-07-01T00:23:31.955243,2025-05-06T21:23:31.955243,9.0
req_0145,tenant_039,Gondar Ceramics Industry,gondar.ceramics.industry@example.com,business_license,Business License Renewal for Gondar Ceramics Industry,Request to renew business operating license for Gondar Ceramics Industry. Previous license expires next month. All compliance documents attached.,approved,high,Gondar Ceramics Industry,Solomon Haile,+251-91-5026010,contact@gondarceramicsindustry.com,2025-11-08T00:23:31.955243,2025-11-27T00:23:31.955243,2025-11-08T20:23:31.955243,8.0
req_0146,tenant_047,Mekelle Steel Industry,mekelle.steel.industry@example.com,commercial_registration,Commercial Registration - Mekelle Steel Industry,Mekelle Steel Industry requires commercial registration certificate for newly established manufacturing entity. Registered capital: 10 million ETB.,issued,high,Mekelle Steel Industry,Abebe Bekele,+251-91-4476523,contact@mekellesteelindustry.com,2025-05-22T00:23:31.955243,2025-07-08T00:23:31.955243,2025-05-22T08:23:31.955243,3.0
req_0147,tenant_038,Jimma Coffee Processing,jimma.coffee.processing@example.com,investment_permit,New Investment Permit Application - Jimma Coffee Processing,"Jimma Coffee Processing is applying for an investment permit for a new textile manufacturing facility in Hawassa Industrial Park. Expected capital investment: USD 5 million, creating 500 jobs.",draft,normal,Jimma Coffee Processing,Solomon Haile,+251-91-3908486,contact@jimmacoffeeprocessing.com,2026-01-05T00:23:31.955243,2026-01-05T00:23:31.955243,,
req_0148,tenant_011,Bole Lemi Garment Factory,bole.lemi.garment.factory@example.com,work_permit,Work Permit Application for Foreign Employee,Application for work permit for Mr. Zhang Wei (Chinese national) as Production Manager at Bole Lemi Garment Factory. 2-year contract. CV and employment contract attached.,rejected,urgent,Bole Lemi Garment Factory,Solomon Haile,+251-91-9982739,contact@bolelemigarmentfactory.com,2025-03-12T00:23:31.955243,2025-06-01T00:23:31.955243,2025-03-13T13:23:31.955243,
req_0149,tenant_004,Kombolcha Industrial Park Ltd,kombolcha.industrial.park.ltd@example.com,business_license,Business License Renewal for Kombolcha Industrial Park Ltd,Request to renew business operating license for Kombolcha Industrial Park Ltd. Previous license expires next month. All compliance documents attached.,issued,normal,Kombolcha Industrial Park Ltd,Solomon Haile,+251-91-7149380,contact@kombolchaindustrialparkltd.com,2025-02-07T00:23:31.955243,2025-04-15T00:23:31.955243,2025-02-08T18:23:31.955243,8.0
req_0150,tenant_003,Dire Dawa Leather Factory,dire.dawa.leather.factory@example.com,trade_name_registration,Trade Name Registration - Dire Manufacturing,Registration of trade name 'Dire Industries' for manufacturing and export business.,rejected,normal,Dire Dawa Leather Factory,Yohannes Gebre,+251-91-6091157,contact@diredawaleatherfactory.com,2025-06-03T00:23:31.955243,2025-12-27T00:23:31.955243,2025-06-03T07:23:31.955243,
req_0151,tenant_042,Bole Lemi Garment Factory,bole.lemi.garment.factory@example.com,customs_exemption,Customs Duty Exemption for Raw Materials,Request for customs duty exemption on imported industrial machinery valued at USD 2 million as per investment permit.,approved,normal,Bole Lemi Garment Factory,Abebe Bekele,+251-91-5780101,contact@bolelemigarmentfactory.com,2025-03-14T00:23:31.955243,2025-12-08T00:23:31.955243,2025-03-15T23:23:31.955243,9.0
req_0152,tenant_038,Hawassa Textile Industry,hawassa.textile.industry@example.com,banking_services,Loan Application for Working Capital,Application for working capital loan of 5 million ETB for Hawassa Textile Industry expansion project.,approved,high,Hawassa Textile Industry,Yohannes Gebre,+251-91-2788083,contact@hawassatextileindustry.com,2025-09-06T00:23:31.955243,2025-09-10T00:23:31.955243,2025-09-07T04:23:31.955243,10.0
req_0153,tenant_037,Nazret Agro Processing,nazret.agro.processing@example.com,work_permit,Work Permit Application for Foreign Employee,Application for work permit for Mr. Zhang Wei (Chinese national) as Production Manager at Nazret Agro Processing. 2-year contract. CV and employment contract attached.,approved,normal,Nazret Agro Processing,Tigist Assefa,+251-91-8591149,contact@nazretagroprocessing.com,2025-12-17T00:23:31.955243,2025-12-27T00:23:31.955243,2025-12-17T16:23:31.955243,16.0
req_0154,tenant_046,Jimma Coffee Processing,jimma.coffee.processing@example.com,customs_exemption,Customs Duty Exemption for Raw Materials,Request for customs duty exemption on imported industrial machinery valued at USD 2 million as per investment permit.,approved,urgent,Jimma Coffee Processing,Tigist Assefa,+251-91-7270218,contact@jimmacoffeeprocessing.com,2025-04-16T00:23:31.955243,2025-11-02T00:23:31.955243,2025-04-16T07:23:31.955243,7.0
req_0155,tenant_004,Addis Manufacturing PLC,addis.manufacturing.plc@example.com,commercial_registration,Commercial Registration - Addis Manufacturing PLC,Addis Manufacturing PLC requires commercial registration certificate for newly established manufacturing entity. Registered capital: 10 million ETB.,issued,normal,Addis Manufacturing PLC,Tigist Assefa,+251-91-7982761,contact@addismanufacturingplc.com,2025-10-05T00:23:31.955243,2025-11-24T00:23:31.955243,2025-10-05T20:23:31.955243,3.0
req_0156,tenant_035,Adama Food Processing,adama.food.processing@example.com,investment_permit,New Investment Permit Application - Adama Food Processing,"Adama Food Processing is applying for an investment permit for a new textile manufacturing facility in Hawassa Industrial Park. Expected capital investment: USD 5 million, creating 500 jobs.",rejected,high,Adama Food Processing,Solomon Haile,+251-91-9491749,contact@adamafoodprocessing.com,2025-05-15T00:23:31.955243,2025-10-28T00:23:31.955243,2025-05-16T06:23:31.955243,
req_0157,tenant_045,Gondar Ceramics Industry,gondar.ceramics.industry@example.com,notarization,MoU Notarization Service,Notarization required for Memorandum of Understanding between shareholders of Gondar Ceramics Industry.,approved,low,Gondar Ceramics Industry,Almaz Tesfaye,+251-91-6948224,contact@gondarceramicsindustry.com,2025-05-21T00:23:31.955243,2025-07-01T00:23:31.955243,2025-05-21T01:23:31.955243,1.0
req_0158,tenant_015,Jimma Coffee Processing,jimma.coffee.processing@example.com,tin_issuance,TIN Certificate Request - Jimma Coffee Processing,Tax Identification Number (TIN) application for Jimma Coffee Processing to commence business operations.,approved,high,Jimma Coffee Processing,Tigist Assefa,+251-91-4590869,contact@jimmacoffeeprocessing.com,2025-08-09T00:23:31.955243,2025-09-29T00:23:31.955243,2025-08-09T01:23:31.955243,2.0
req_0159,tenant_036,Dire Dawa Leather Factory,dire.dawa.leather.factory@example.com,notarization,MoU Notarization Service,Notarization required for Memorandum of Understanding between shareholders of Dire Dawa Leather Factory.,issued,normal,Dire Dawa Leather Factory,Almaz Tesfaye,+251-91-5542249,contact@diredawaleatherfactory.com,2025-01-19T00:23:31.955243,2025-04-25T00:23:31.955243,2025-01-20T00:23:31.955243,1.0
req_0160,tenant_026,Nazret Agro Processing,nazret.agro.processing@example.com,work_permit,Work Permit Application for Foreign Employee,Application for work permit for Mr. Zhang Wei (Chinese national) as Production Manager at Nazret Agro Processing. 2-year contract. CV and employment contract attached.,approved,urgent,Nazret Agro Processing,Yohannes Gebre,+251-91-3546407,contact@nazretagroprocessing.com,2025-05-17T00:23:31.955243,2025-12-02T00:23:31.955243,2025-05-18T13:23:31.955243,7.0
req_0161,tenant_033,Addis Manufacturing PLC,addis.manufacturing.plc@example.com,notarization,MoU Notarization Service,Notarization required for Memorandum of Understanding between shareholders of Addis Manufacturing PLC.,rejected,normal,Addis Manufacturing PLC,Almaz Tesfaye,+251-91-3470312,contact@addismanufacturingplc.com,2025-05-09T00:23:31.955243,2025-10-21T00:23:31.955243,2025-05-10T04:23:31.955243,
req_0162,tenant_005,Bole Lemi Garment Factory,bole.lemi.garment.factory@example.com,commercial_registration,Commercial Registration - Bole Lemi Garment Factory,Bole Lemi Garment Factory requires commercial registration certificate for newly established manufacturing entity. Registered capital: 10 million ETB.,rejected,normal,Bole Lemi Garment Factory,Solomon Haile,+251-91-6068008,contact@bolelemigarmentfactory.com,2025-05-28T00:23:31.955243,2025-07-14T00:23:31.955243,2025-05-29T16:23:31.955243,
req_0163,tenant_009,Kombolcha Industrial Park Ltd,kombolcha.industrial.park.ltd@example.com,investment_permit,New Investment Permit Application - Kombolcha Industrial Park Ltd,"Kombolcha Industrial Park Ltd is applying for an investment permit for a new textile manufacturing facility in Hawassa Industrial Park. Expected capital investment: USD 5 million, creating 500 jobs.",issued,urgent,Kombolcha Industrial Park Ltd,Yohannes Gebre,+251-91-8690347,contact@kombolchaindustrialparkltd.com,2025-02-08T00:23:31.955243,2025-08-07T00:23:31.955243,2025-02-08T08:23:31.955243,8.0
req_0164,tenant_036,Bahir Dar Pharmaceutical PLC,bahir.dar.pharmaceutical.plc@example.com,customs_exemption,Customs Duty Exemption for Raw Materials,Request for customs duty exemption on imported industrial machinery valued at USD 2 million as per investment permit.,issued,urgent,Bahir Dar Pharmaceutical PLC,Abebe Bekele,+251-91-3840200,contact@bahirdarpharmaceuticalplc.com,2025-08-26T00:23:31.955243,2025-11-19T00:23:31.955243,2025-08-27T21:23:31.955243,6.0
req_0165,tenant_048,Jimma Coffee Processing,jimma.coffee.processing@example.com,customs_clearance,Import Clearance - Machinery and Equipment,Import clearance for 50 tons of raw textile materials. Bill of lading no: BL-23037.,issued,urgent,Jimma Coffee Processing,Almaz Tesfaye,+251-91-4053127,contact@jimmacoffeeprocessing.com,2025-03-11T00:23:31.955243,2025-06-30T00:23:31.955243,2025-03-12T06:23:31.955243,3.0
req_0166,tenant_001,Mekelle Steel Industry,mekelle.steel.industry@example.com,customs_exemption,Customs Duty Exemption for Raw Materials,Request for customs duty exemption on imported industrial machinery valued at USD 2 million as per investment permit.,approved,low,Mekelle Steel Industry,Tigist Assefa,+251-91-5391264,contact@mekellesteelindustry.com,2025-12-19T00:23:31.955243,2026-01-10T00:23:31.955243,2025-12-20T03:23:31.955243,21.0
req_0167,tenant_003,Addis Manufacturing PLC,addis.manufacturing.plc@example.com,business_license,Business License Renewal for Addis Manufacturing PLC,Request to renew business operating license for Addis Manufacturing PLC. Previous license expires next month. All compliance documents attached.,approved,low,Addis Manufacturing PLC,Abebe Bekele,+251-91-2712941,contact@addismanufacturingplc.com,2025-11-18T00:23:31.955243,2025-11-18T00:23:31.955243,2025-11-18T17:23:31.955243,9.0
req_0168,tenant_013,Dire Dawa Leather Factory,dire.dawa.leather.factory@example.com,customs_clearance,Import Clearance - Machinery and Equipment,Import clearance for 50 tons of raw textile materials. Bill of lading no: BL-32704.,approved,low,Dire Dawa Leather Factory,Abebe Bekele,+251-91-1111675,contact@diredawaleatherfactory.com,2025-07-13T00:23:31.955243,2025-09-25T00:23:31.955243,2025-07-13T21:23:31.955243,4.0
req_0169,tenant_046,Jimma Coffee Processing,jimma.coffee.processing@example.com,investment_permit,New Investment Permit Application - Jimma Coffee Processing,"Jimma Coffee Processing is applying for an investment permit for a new textile manufacturing facility in Hawassa Industrial Park. Expected capital investment: USD 5 million, creating 500 jobs.",issued,normal,Jimma Coffee Processing,Almaz Tesfaye,+251-91-7774475,contact@jimmacoffeeprocessing.com,2025-04-07T00:23:31.955243,2025-08-23T00:23:31.955243,2025-04-08T07:23:31.955243,10.0
req_0170,tenant_050,Dire Dawa Leather Factory,dire.dawa.leather.factory@example.com,customs_exemption,Customs Duty Exemption for Raw Materials,Request for customs duty exemption on imported industrial machinery valued at USD 2 million as per investment permit.,pending_documents,normal,Dire Dawa Leather Factory,Abebe Bekele,+251-91-5066966,contact@diredawaleatherfactory.com,2025-12-12T00:23:31.955243,2026-01-07T00:23:31.955243,2025-12-12T02:23:31.955243,
req_0171,tenant_033,Bole Lemi Garment Factory,bole.lemi.garment.factory@example.com,agreements,Partnership Agreement between Bole Lemi Garment Factory and IPDC,Processing partnership agreement between Bole Lemi Garment Factory and IPDC for land lease and utility services.,issued,low,Bole Lemi Garment Factory,Solomon Haile,+251-91-4571502,contact@bolelemigarmentfactory.com,2025-12-11T00:23:31.955243,2025-12-29T00:23:31.955243,2025-12-11T11:23:31.955243,9.0
req_0172,tenant_041,Adama Food Processing,adama.food.processing@example.com,trade_name_registration,Trade Name Registration - Adama Manufacturing,Registration of trade name 'Adama Industries' for manufacturing and export business.,approved,normal,Adama Food Processing,Solomon Haile,+251-91-5234505,contact@adamafoodprocessing.com,2025-03-05T00:23:31.955243,2025-06-04T00:23:31.955243,2025-03-05T14:23:31.955243,2.0
req_0173,tenant_030,Bole Lemi Garment Factory,bole.lemi.garment.factory@example.com,notarization,MoU Notarization Service,Notarization required for Memorandum of Understanding between shareholders of Bole Lemi Garment Factory.,rejected,normal,Bole Lemi Garment Factory,Yohannes Gebre,+251-91-9946951,contact@bolelemigarmentfactory.com,2025-01-17T00:23:31.955243,2025-07-09T00:23:31.955243,2025-01-17T08:23:31.955243,
req_0174,tenant_048,Gondar Ceramics Industry,gondar.ceramics.industry@example.com,agreements,Partnership Agreement between Gondar Ceramics Industry and IPDC,Processing partnership agreement between Gondar Ceramics Industry and IPDC for land lease and utility services.,approved,normal,Gondar Ceramics Industry,Almaz Tesfaye,+251-91-4377111,contact@gondarceramicsindustry.com,2025-07-17T00:23:31.955243,2025-08-26T00:23:31.955243,2025-07-18T18:23:31.955243,4.0
req_0175,tenant_030,Gondar Ceramics Industry,gondar.ceramics.industry@example.com,business_license,Business License Renewal for Gondar Ceramics Industry,Request to renew business operating license for Gondar Ceramics Industry. Previous license expires next month. All compliance documents attached.,rejected,normal,Gondar Ceramics Industry,Tigist Assefa,+251-91-2804291,contact@gondarceramicsindustry.com,2025-01-18T00:23:31.955243,2025-07-17T00:23:31.955243,2025-01-19T10:23:31.955243,
req_0176,tenant_022,Hawassa Textile Industry,hawassa.textile.industry@example.com,investment_permit,New Investment Permit Application - Hawassa Textile Industry,"Hawassa Textile Industry is applying for an investment permit for a new textile manufacturing facility in Hawassa Industrial Park. Expected capital investment: USD 5 million, creating 500 jobs.",draft,normal,Hawassa Textile Industry,Tigist Assefa,+251-91-3035261,contact@hawassatextileindustry.com,2026-01-07T00:23:31.955243,2026-01-09T00:23:31.955243,,
req_0177,tenant_035,Hawassa Textile Industry,hawassa.textile.industry@example.com,business_license,Business License Renewal for Hawassa Textile Industry,Request to renew business operating license for Hawassa Textile Industry. Previous license expires next month. All compliance documents attached.,rejected,low,Hawassa Textile Industry,Solomon Haile,+251-91-8418654,contact@hawassatextileindustry.com,2025-04-27T00:23:31.955243,2025-12-20T00:23:31.955243,2025-04-28T21:23:31.955243,
req_0178,tenant_029,Bole Lemi Garment Factory,bole.lemi.garment.factory@example.com,business_license,Business License Renewal for Bole Lemi Garment Factory,Request to renew business operating license for Bole Lemi Garment Factory. Previous license expires next month. All compliance documents attached.,approved,urgent,Bole Lemi Garment Factory,Almaz Tesfaye,+251-91-9182068,contact@bolelemigarmentfactory.com,2025-06-14T00:23:31.955243,2025-11-30T00:23:31.955243,2025-06-15T16:23:31.955243,3.0
req_0179,tenant_019,Jimma Coffee Processing,jimma.coffee.processing@example.com,agreements,Partnership Agreement between Jimma Coffee Processing and IPDC,Processing partnership agreement between Jimma Coffee Processing and IPDC for land lease and utility services.,approved,high,Jimma Coffee Processing,Solomon Haile,+251-91-9678132,contact@jimmacoffeeprocessing.com,2025-01-10T00:23:31.955243,2025-01-21T00:23:31.955243,2025-01-10T11:23:31.955243,5.0
req_0180,tenant_005,Gondar Ceramics Industry,gondar.ceramics.industry@example.com,commercial_registration,Commercial Registration - Gondar Ceramics Industry,Gondar Ceramics Industry requires commercial registration certificate for newly established manufacturing entity. Registered capital: 10 million ETB.,issued,low,Gondar Ceramics Industry,Almaz Tesfaye,+251-91-9880697,contact@gondarceramicsindustry.com,2025-06-29T00:23:31.955243,2025-11-12T00:23:31.955243,2025-06-29T23:23:31.955243,6.0
req_0181,tenant_048,Dessie Textile Mills,dessie.textile.mills@example.com,commercial_registration,Commercial Registration - Dessie Textile Mills,Dessie Textile Mills requires commercial registration certificate for newly established manufacturing entity. Registered capital: 10 million ETB.,rejected,normal,Dessie Textile Mills,Abebe Bekele,+251-91-9051151,contact@dessietextilemills.com,2025-04-07T00:23:31.955243,2025-05-06T00:23:31.955243,2025-04-08T17:23:31.955243,
req_0182,tenant_037,Jimma Coffee Processing,jimma.coffee.processing@example.com,customs_exemption,Customs Duty Exemption for Raw Materials,Request for customs duty exemption on imported industrial machinery valued at USD 2 million as per investment permit.,approved,low,Jimma Coffee Processing,Abebe Bekele,+251-91-7460948,contact@jimmacoffeeprocessing.com,2025-08-19T00:23:31.955243,2025-09-08T00:23:31.955243,2025-08-19T06:23:31.955243,13.0
req_0183,tenant_039,Mekelle Steel Industry,mekelle.steel.industry@example.com,tin_issuance,TIN Certificate Request - Mekelle Steel Industry,Tax Identification Number (TIN) application for Mekelle Steel Industry to commence business operations.,rejected,normal,Mekelle Steel Industry,Almaz Tesfaye,+251-91-8802088,contact@mekellesteelindustry.com,2025-08-04T00:23:31.955243,2025-10-13T00:23:31.955243,2025-08-05T04:23:31.955243,
req_0184,tenant_001,Kombolcha Industrial Park Ltd,kombolcha.industrial.park.ltd@example.com,customs_clearance,Import Clearance - Machinery and Equipment,Import clearance for 50 tons of raw textile materials. Bill of lading no: BL-22858.,draft,high,Kombolcha Industrial Park Ltd,Solomon Haile,+251-91-4767320,contact@kombolchaindustrialparkltd.com,2026-01-04T00:23:31.955243,2026-01-07T00:23:31.955243,,
req_0185,tenant_023,Adama Food Processing,adama.food.processing@example.com,banking_services,Loan Application for Working Capital,Application for working capital loan of 5 million ETB for Adama Food Processing expansion project.,issued,high,Adama Food Processing,Almaz Tesfaye,+251-91-4917546,contact@adamafoodprocessing.com,2025-07-15T00:23:31.955243,2025-12-03T00:23:31.955243,2025-07-16T13:23:31.955243,8.0
req_0186,tenant_033,Gondar Ceramics Industry,gondar.ceramics.industry@example.com,commercial_registration,Commercial Registration - Gondar Ceramics Industry,Gondar Ceramics Industry requires commercial registration certificate for newly established manufacturing entity. Registered capital: 10 million ETB.,rejected,normal,Gondar Ceramics Industry,Solomon Haile,+251-91-8442435,contact@gondarceramicsindustry.com,2025-06-02T00:23:31.955243,2025-08-16T00:23:31.955243,2025-06-02T21:23:31.955243,
req_0187,tenant_005,Adama Food Processing,adama.food.processing@example.com,tin_issuance,TIN Certificate Request - Adama Food Processing,Tax Identification Number (TIN) application for Adama Food Processing to commence business operations.,issued,normal,Adama Food Processing,Solomon Haile,+251-91-2530858,contact@adamafoodprocessing.com,2025-11-11T00:23:31.955243,2025-12-30T00:23:31.955243,2025-11-11T17:23:31.955243,2.0
req_0188,tenant_018,Jimma Coffee Processing,jimma.coffee.processing@example.com,investment_permit,New Investment Permit Application - Jimma Coffee Processing,"Jimma Coffee Processing is applying for an investment permit for a new textile manufacturing facility in Hawassa Industrial Park. Expected capital investment: USD 5 million, creating 500 jobs.",approved,urgent,Jimma Coffee Processing,Abebe Bekele,+251-91-5944340,contact@jimmacoffeeprocessing.com,2025-10-20T00:23:31.955243,2025-12-06T00:23:31.955243,2025-10-21T11:23:31.955243,9.0
req_0189,tenant_042,Nazret Agro Processing,nazret.agro.processing@example.com,work_permit,Work Permit Application for Foreign Employee,Application for work permit for Mr. Zhang Wei (Chinese national) as Production Manager at Nazret Agro Processing. 2-year contract. CV and employment contract attached.,rejected,high,Nazret Agro Processing,Tigist Assefa,+251-91-3275642,contact@nazretagroprocessing.com,2025-04-25T00:23:31.955243,2025-12-18T00:23:31.955243,2025-04-26T16:23:31.955243,
req_0190,tenant_017,Adama Food Processing,adama.food.processing@example.com,customs_exemption,Customs Duty Exemption for Raw Materials,Request for customs duty exemption on imported industrial machinery valued at USD 2 million as per investment permit.,approved,normal,Adama Food Processing,Yohannes Gebre,+251-91-6175502,contact@adamafoodprocessing.com,2025-11-20T00:23:31.955243,2025-11-29T00:23:31.955243,2025-11-21T18:23:31.955243,14.0
req_0191,tenant_002,Kombolcha Industrial Park Ltd,kombolcha.industrial.park.ltd@example.com,trade_name_registration,Trade Name Registration - Kombolcha Manufacturing,Registration of trade name 'Kombolcha Industries' for manufacturing and export business.,issued,normal,Kombolcha Industrial Park Ltd,Tigist Assefa,+251-91-4897570,contact@kombolchaindustrialparkltd.com,2025-05-04T00:23:31.955243,2025-11-20T00:23:31.955243,2025-05-05T17:23:31.955243,2.0
req_0192,tenant_034,Hawassa Textile Industry,hawassa.textile.industry@example.com,trade_name_registration,Trade Name Registration - Hawassa Manufacturing,Registration of trade name 'Hawassa Industries' for manufacturing and export business.,issued,high,Hawassa Textile Industry,Yohannes Gebre,+251-91-7044972,contact@hawassatextileindustry.com,2025-08-21T00:23:31.955243,2025-11-01T00:23:31.955243,2025-08-21T20:23:31.955243,2.0
req_0193,tenant_037,Mekelle Steel Industry,mekelle.steel.industry@example.com,banking_services,Loan Application for Working Capital,Application for working capital loan of 5 million ETB for Mekelle Steel Industry expansion project.,rejected,high,Mekelle Steel Industry,Tigist Assefa,+251-91-7390944,contact@mekellesteelindustry.com,2025-09-14T00:23:31.955243,2025-12-31T00:23:31.955243,2025-09-15T16:23:31.955243,
req_0194,tenant_001,Jimma Coffee Processing,jimma.coffee.processing@example.com,commercial_registration,Commercial Registration - Jimma Coffee Processing,Jimma Coffee Processing requires commercial registration certificate for newly established manufacturing entity. Registered capital: 10 million ETB.,approved,normal,Jimma Coffee Processing,Yohannes Gebre,+251-91-8171723,contact@jimmacoffeeprocessing.com,2025-05-08T00:23:31.955243,2025-05-22T00:23:31.955243,2025-05-09T04:23:31.955243,4.0
req_0195,tenant_017,Bahir Dar Pharmaceutical PLC,bahir.dar.pharmaceutical.plc@example.com,banking_services,Loan Application for Working Capital,Application for working capital loan of 5 million ETB for Bahir Dar Pharmaceutical PLC expansion project.,approved,high,Bahir Dar Pharmaceutical PLC,Abebe Bekele,+251-91-4730679,contact@bahirdarpharmaceuticalplc.com,2025-09-21T00:23:31.955243,2025-12-22T00:23:31.955243,2025-09-21T10:23:31.955243,7.0
req_0196,tenant_031,Nazret Agro Processing,nazret.agro.processing@example.com,banking_services,Loan Application for Working Capital,Application for working capital loan of 5 million ETB for Nazret Agro Processing expansion project.,pending_documents,urgent,Nazret Agro Processing,Yohannes Gebre,+251-91-9538290,contact@nazretagroprocessing.com,2025-12-14T00:23:31.955243,2026-01-02T00:23:31.955243,2025-12-14T15:23:31.955243,
req_0197,tenant_031,Kombolcha Industrial Park Ltd,kombolcha.industrial.park.ltd@example.com,work_permit,Work Permit Application for Foreign Employee,Application for work permit for Mr. Zhang Wei (Chinese national) as Production Manager at Kombolcha Industrial Park Ltd. 2-year contract. CV and employment contract attached.,approved,high,Kombolcha Industrial Park Ltd,Tigist Assefa,+251-91-6662638,contact@kombolchaindustrialparkltd.com,2025-08-29T00:23:31.955243,2025-12-25T00:23:31.955243,2025-08-30T20:23:31.955243,17.0
req_0198,tenant_018,Dessie Textile Mills,dessie.textile.mills@example.com,investment_permit,New Investment Permit Application - Dessie Textile Mills,"Dessie Textile Mills is applying for an investment permit for a new textile manufacturing facility in Hawassa Industrial Park. Expected capital investment: USD 5 million, creating 500 jobs.",approved,normal,Dessie Textile Mills,Tigist Assefa,+251-91-9130671,contact@dessietextilemills.com,2025-11-20T00:23:31.955243,2025-11-20T00:23:31.955243,2025-11-20T02:23:31.955243,11.0
req_0199,tenant_048,Bole Lemi Garment Factory,bole.lemi.garment.factory@example.com,tin_issuance,TIN Certificate Request - Bole Lemi Garment Factory,Tax Identification Number (TIN) application for Bole Lemi Garment Factory to commence business operations.,issued,normal,Bole Lemi Garment Factory,Abebe Bekele,+251-91-2897581,contact@bolelemigarmentfactory.com,2025-05-03T00:23:31.955243,2025-09-02T00:23:31.955243,2025-05-03T04:23:31.955243,1.0
req_0200,tenant_020,Mekelle Steel Industry,mekelle.steel.industry@example.com,business_license,Business License Renewal for Mekelle Steel Industry,Request to renew business operating license for Mekelle Steel Industry. Previous license expires next month. All compliance documents attached.,issued,high,Mekelle Steel Industry,Tigist Assefa,+251-91-4266818,contact@mekellesteelindustry.com,2025-08-31T00:23:31.955243,2025-11-19T00:23:31.955243,2025-09-01T11:23:31.955243,5.0
req_0201,tenant_013,Bahir Dar Pharmaceutical PLC,bahir.dar.pharmaceutical.plc@example.com,commercial_registration,Commercial Registration - Bahir Dar Pharmaceutical PLC,Bahir Dar Pharmaceutical PLC requires commercial registration certificate for newly established manufacturing entity. Registered capital: 10 million ETB.,issued,normal,Bahir Dar Pharmaceutical PLC,Solomon Haile,+251-91-4925903,contact@bahirdarpharmaceuticalplc.com,2025-06-28T00:23:31.955243,2025-08-02T00:23:31.955243,2025-06-29T14:23:31.955243,6.0
req_0202,tenant_029,Kombolcha Industrial Park Ltd,kombolcha.industrial.park.ltd@example.com,banking_services,Loan Application for Working Capital,Application for working capital loan of 5 million ETB for Kombolcha Industrial Park Ltd expansion project.,approved,high,Kombolcha Industrial Park Ltd,Yohannes Gebre,+251-91-5282800,contact@kombolchaindustrialparkltd.com,2025-09-26T00:23:31.955243,2026-01-09T00:23:31.955243,2025-09-26T19:23:31.955243,5.0
req_0203,tenant_002,Adama Food Processing,adama.food.processing@example.com,notarization,MoU Notarization Service,Notarization required for Memorandum of Understanding between shareholders of Adama Food Processing.,issued,normal,Adama Food Processing,Almaz Tesfaye,+251-91-9966058,contact@adamafoodprocessing.com,2025-04-15T00:23:31.955243,2025-08-30T00:23:31.955243,2025-04-15T14:23:31.955243,1.0
req_0204,tenant_009,Bole Lemi Garment Factory,bole.lemi.garment.factory@example.com,investment_permit,New Investment Permit Application - Bole Lemi Garment Factory,"Bole Lemi Garment Factory is applying for an investment permit for a new textile manufacturing facility in Hawassa Industrial Park. Expected capital investment: USD 5 million, creating 500 jobs.",issued,urgent,Bole Lemi Garment Factory,Yohannes Gebre,+251-91-3059842,contact@bolelemigarmentfactory.com,2025-06-01T00:23:31.955243,2025-12-20T00:23:31.955243,2025-06-01T14:23:31.955243,8.0
req_0205,tenant_007,Adama Food Processing,adama.food.processing@example.com,commercial_registration,Commercial Registration - Adama Food Processing,Adama Food Processing requires commercial registration certificate for newly established manufacturing entity. Registered capital: 10 million ETB.,approved,high,Adama Food Processing,Abebe Bekele,+251-91-9848578,contact@adamafoodprocessing.com,2025-11-01T00:23:31.955243,2026-01-06T00:23:31.955243,2025-11-02T19:23:31.955243,7.0
req_0206,tenant_034,Adama Food Processing,adama.food.processing@example.com,customs_clearance,Import Clearance - Machinery and Equipment,Import clearance for 50 tons of raw textile materials. Bill of lading no: BL-37039.,approved,normal,Adama Food Processing,Abebe Bekele,+251-91-7561843,contact@adamafoodprocessing.com,2025-05-20T00:23:31.955243,2025-10-05T00:23:31.955243,2025-05-20T14:23:31.955243,5.0
req_0207,tenant_038,Gondar Ceramics Industry,gondar.ceramics.industry@example.com,customs_clearance,Import Clearance - Machinery and Equipment,Import clearance for 50 tons of raw textile materials. Bill of lading no: BL-31478.,rejected,high,Gondar Ceramics Industry,Abebe Bekele,+251-91-1261999,contact@gondarceramicsindustry.com,2025-12-10T00:23:31.955243,2025-12-23T00:23:31.955243,2025-12-10T17:23:31.955243,
req_0208,tenant_006,Hawassa Textile Industry,hawassa.textile.industry@example.com,business_license,Business License Renewal for Hawassa Textile Industry,Request to renew business operating license for Hawassa Textile Industry. Previous license expires next month. All compliance documents attached.,issued,normal,Hawassa Textile Industry,Solomon Haile,+251-91-4545021,contact@hawassatextileindustry.com,2025-07-15T00:23:31.955243,2025-11-16T00:23:31.955243,2025-07-16T21:23:31.955243,9.0
req_0209,tenant_039,Bahir Dar Pharmaceutical PLC,bahir.dar.pharmaceutical.plc@example.com,customs_exemption,Customs Duty Exemption for Raw Materials,Request for customs duty exemption on imported industrial machinery valued at USD 2 million as per investment permit.,approved,low,Bahir Dar Pharmaceutical PLC,Almaz Tesfaye,+251-91-5130537,contact@bahirdarpharmaceuticalplc.com,2025-04-29T00:23:31.955243,2025-08-18T00:23:31.955243,2025-04-30T13:23:31.955243,15.0
req_0210,tenant_023,Jimma Coffee Processing,jimma.coffee.processing@example.com,investment_permit,New Investment Permit Application - Jimma Coffee Processing,"Jimma Coffee Processing is applying for an investment permit for a new textile manufacturing facility in Hawassa Industrial Park. Expected capital investment: USD 5 million, creating 500 jobs.",rejected,low,Jimma Coffee Processing,Abebe Bekele,+251-91-1086445,contact@jimmacoffeeprocessing.com,2025-08-16T00:23:31.955243,2025-12-06T00:23:31.955243,2025-08-16T22:23:31.955243,
req_0211,tenant_027,Adama Food Processing,adama.food.processing@example.com,banking_services,Loan Application for Working Capital,Application for working capital loan of 5 million ETB for Adama Food Processing expansion project.,approved,normal,Adama Food Processing,Solomon Haile,+251-91-7648624,contact@adamafoodprocessing.com,2025-08-06T00:23:31.955243,2025-09-01T00:23:31.955243,2025-08-07T08:23:31.955243,6.0
req_0212,tenant_024,Kombolcha Industrial Park Ltd,kombolcha.industrial.park.ltd@example.com,work_permit,Work Permit Application for Foreign Employee,Application for work permit for Mr. Zhang Wei (Chinese national) as Production Manager at Kombolcha Industrial Park Ltd. 2-year contract. CV and employment contract attached.,approved,high,Kombolcha Industrial Park Ltd,Yohannes Gebre,+251-91-6194869,contact@kombolchaindustrialparkltd.com,2025-12-22T00:23:31.955243,2025-12-30T00:23:31.955243,2025-12-23T22:23:31.955243,17.0
req_0213,tenant_022,Gondar Ceramics Industry,gondar.ceramics.industry@example.com,investment_permit,New Investment Permit Application - Gondar Ceramics Industry,"Gondar Ceramics Industry is applying for an investment permit for a new textile manufacturing facility in Hawassa Industrial Park. Expected capital investment: USD 5 million, creating 500 jobs.",issued,low,Gondar Ceramics Industry,Tigist Assefa,+251-91-8530620,contact@gondarceramicsindustry.com,2025-05-15T00:23:31.955243,2025-05-30T00:23:31.955243,2025-05-15T02:23:31.955243,22.0
req_0214,tenant_023,Adama Food Processing,adama.food.processing@example.com,tin_issuance,TIN Certificate Request - Adama Food Processing,Tax Identification Number (TIN) application for Adama Food Processing to commence business operations.,approved,normal,Adama Food Processing,Tigist Assefa,+251-91-5770119,contact@adamafoodprocessing.com,2025-03-20T00:23:31.955243,2025-05-24T00:23:31.955243,2025-03-21T06:23:31.955243,2.0
req_0215,tenant_005,Hawassa Textile Industry,hawassa.textile.industry@example.com,trade_name_registration,Trade Name Registration - Hawassa Manufacturing,Registration of trade name 'Hawassa Industries' for manufacturing and export business.,issued,normal,Hawassa Textile Industry,Yohannes Gebre,+251-91-4847117,contact@hawassatextileindustry.com,2025-03-07T00:23:31.955243,2025-10-20T00:23:31.955243,2025-03-08T02:23:31.955243,1.0
req_0216,tenant_022,Kombolcha Industrial Park Ltd,kombolcha.industrial.park.ltd@example.com,work_permit,Work Permit Application for Foreign Employee,Application for work permit for Mr. Zhang Wei (Chinese national) as Production Manager at Kombolcha Industrial Park Ltd. 2-year contract. CV and employment contract attached.,rejected,urgent,Kombolcha Industrial Park Ltd,Solomon Haile,+251-91-1721431,contact@kombolchaindustrialparkltd.com,2025-12-02T00:23:31.955243,2025-12-28T00:23:31.955243,2025-12-02T18:23:31.955243,
req_0217,tenant_022,Nazret Agro Processing,nazret.agro.processing@example.com,customs_exemption,Customs Duty Exemption for Raw Materials,Request for customs duty exemption on imported industrial machinery valued at USD 2 million as per investment permit.,approved,normal,Nazret Agro Processing,Almaz Tesfaye,+251-91-8948105,contact@nazretagroprocessing.com,2025-05-13T00:23:31.955243,2025-08-20T00:23:31.955243,2025-05-13T11:23:31.955243,14.0
req_0218,tenant_004,Jimma Coffee Processing,jimma.coffee.processing@example.com,customs_clearance,Import Clearance - Machinery and Equipment,Import clearance for 50 tons of raw textile materials. Bill of lading no: BL-61974.,issued,high,Jimma Coffee Processing,Almaz Tesfaye,+251-91-7451278,contact@jimmacoffeeprocessing.com,2025-07-04T00:23:31.955243,2025-08-04T00:23:31.955243,2025-07-05T10:23:31.955243,7.0
req_0219,tenant_033,Jimma Coffee Processing,jimma.coffee.processing@example.com,trade_name_registration,Trade Name Registration - Jimma Manufacturing,Registration of trade name 'Jimma Industries' for manufacturing and export business.,rejected,normal,Jimma Coffee Processing,Tigist Assefa,+251-91-3799959,contact@jimmacoffeeprocessing.com,2025-11-23T00:23:31.955243,2025-12-22T00:23:31.955243,2025-11-23T19:23:31.955243,
req_0220,tenant_031,Bole Lemi Garment Factory,bole.lemi.garment.factory@example.com,customs_exemption,Customs Duty Exemption for Raw Materials,Request for customs duty exemption on imported industrial machinery valued at USD 2 million as per investment permit.,rejected,high,Bole Lemi Garment Factory,Tigist Assefa,+251-91-3462490,contact@bolelemigarmentfactory.com,2025-08-11T00:23:31.955243,2025-12-11T00:23:31.955243,2025-08-12T21:23:31.955243,
req_0221,tenant_002,Dire Dawa Leather Factory,dire.dawa.leather.factory@example.com,banking_services,Loan Application for Working Capital,Application for working capital loan of 5 million ETB for Dire Dawa Leather Factory expansion project.,rejected,urgent,Dire Dawa Leather Factory,Abebe Bekele,+251-91-3352760,contact@diredawaleatherfactory.com,2025-10-24T00:23:31.955243,2025-11-16T00:23:31.955243,2025-10-25T16:23:31.955243,
req_0222,tenant_030,Bahir Dar Pharmaceutical PLC,bahir.dar.pharmaceutical.plc@example.com,tin_issuance,TIN Certificate Request - Bahir Dar Pharmaceutical PLC,Tax Identification Number (TIN) application for Bahir Dar Pharmaceutical PLC to commence business operations.,issued,high,Bahir Dar Pharmaceutical PLC,Solomon Haile,+251-91-1396431,contact@bahirdarpharmaceuticalplc.com,2025-03-15T00:23:31.955243,2025-06-26T00:23:31.955243,2025-03-16T11:23:31.955243,1.0
req_0223,tenant_008,Nazret Agro Processing,nazret.agro.processing@example.com,customs_clearance,Import Clearance - Machinery and Equipment,Import clearance for 50 tons of raw textile materials. Bill of lading no: BL-77344.,rejected,high,Nazret Agro Processing,Solomon Haile,+251-91-3336427,contact@nazretagroprocessing.com,2025-05-25T00:23:31.955243,2025-12-29T00:23:31.955243,2025-05-25T06:23:31.955243,
req_0224,tenant_046,Hawassa Textile Industry,hawassa.textile.industry@example.com,business_license,Business License Renewal for Hawassa Textile Industry,Request to renew business operating license for Hawassa Textile Industry. Previous license expires next month. All compliance documents attached.,issued,high,Hawassa Textile Industry,Abebe Bekele,+251-91-2216469,contact@hawassatextileindustry.com,2025-04-08T00:23:31.955243,2025-09-27T00:23:31.955243,2025-04-08T20:23:31.955243,7.0
req_0225,tenant_050,Bole Lemi Garment Factory,bole.lemi.garment.factory@example.com,agreements,Partnership Agreement between Bole Lemi Garment Factory and IPDC,Processing partnership agreement between Bole Lemi Garment Factory and IPDC for land lease and utility services.,approved,normal,Bole Lemi Garment Factory,Abebe Bekele,+251-91-5845174,contact@bolelemigarmentfactory.com,2025-08-14T00:23:31.955243,2026-01-10T00:23:31.955243,2025-08-14T11:23:31.955243,7.0
req_0226,tenant_005,Hawassa Textile Industry,hawassa.textile.industry@example.com,customs_exemption,Customs Duty Exemption for Raw Materials,Request for customs duty exemption on imported industrial machinery valued at USD 2 million as per investment permit.,approved,normal,Hawassa Textile Industry,Almaz Tesfaye,+251-91-3169759,contact@hawassatextileindustry.com,2025-09-25T00:23:31.955243,2025-12-05T00:23:31.955243,2025-09-26T19:23:31.955243,10.0
req_0227,tenant_034,Mekelle Steel Industry,mekelle.steel.industry@example.com,banking_services,Loan Application for Working Capital,Application for working capital loan of 5 million ETB for Mekelle Steel Industry expansion project.,rejected,normal,Mekelle Steel Industry,Yohannes Gebre,+251-91-2364017,contact@mekellesteelindustry.com,2025-03-16T00:23:31.955243,2025-09-25T00:23:31.955243,2025-03-17T07:23:31.955243,
req_0228,tenant_019,Kombolcha Industrial Park Ltd,kombolcha.industrial.park.ltd@example.com,trade_name_registration,Trade Name Registration - Kombolcha Manufacturing,Registration of trade name 'Kombolcha Industries' for manufacturing and export business.,rejected,normal,Kombolcha Industrial Park Ltd,Yohannes Gebre,+251-91-7317871,contact@kombolchaindustrialparkltd.com,2025-09-09T00:23:31.955243,2025-09-13T00:23:31.955243,2025-09-10T21:23:31.955243,
req_0229,tenant_021,Kombolcha Industrial Park Ltd,kombolcha.industrial.park.ltd@example.com,agreements,Partnership Agreement between Kombolcha Industrial Park Ltd and IPDC,Processing partnership agreement between Kombolcha Industrial Park Ltd and IPDC for land lease and utility services.,rejected,normal,Kombolcha Industrial Park Ltd,Almaz Tesfaye,+251-91-2038434,contact@kombolchaindustrialparkltd.com,2025-06-25T00:23:31.955243,2025-10-27T00:23:31.955243,2025-06-26T09:23:31.955243,
req_0230,tenant_026,Gondar Ceramics Industry,gondar.ceramics.industry@example.com,banking_services,Loan Application for Working Capital,Application for working capital loan of 5 million ETB for Gondar Ceramics Industry expansion project.,rejected,normal,Gondar Ceramics Industry,Solomon Haile,+251-91-9678766,contact@gondarceramicsindustry.com,2025-04-04T00:23:31.955243,2025-05-17T00:23:31.955243,2025-04-05T15:23:31.955243,
req_0231,tenant_042,Addis Manufacturing PLC,addis.manufacturing.plc@example.com,customs_exemption,Customs Duty Exemption for Raw Materials,Request for customs duty exemption on imported industrial machinery valued at USD 2 million as per investment permit.,issued,low,Addis Manufacturing PLC,Almaz Tesfaye,+251-91-3882838,contact@addismanufacturingplc.com,2025-01-10T00:23:31.955243,2025-05-09T00:23:31.955243,2025-01-11T23:23:31.955243,21.0
req_0232,tenant_003,Jimma Coffee Processing,jimma.coffee.processing@example.com,commercial_registration,Commercial Registration - Jimma Coffee Processing,Jimma Coffee Processing requires commercial registration certificate for newly established manufacturing entity. Registered capital: 10 million ETB.,issued,low,Jimma Coffee Processing,Almaz Tesfaye,+251-91-5503165,contact@jimmacoffeeprocessing.com,2025-07-22T00:23:31.955243,2025-12-09T00:23:31.955243,2025-07-23T22:23:31.955243,9.0
req_0233,tenant_007,Gondar Ceramics Industry,gondar.ceramics.industry@example.com,notarization,MoU Notarization Service,Notarization required for Memorandum of Understanding between shareholders of Gondar Ceramics Industry.,issued,normal,Gondar Ceramics Industry,Yohannes Gebre,+251-91-1694605,contact@gondarceramicsindustry.com,2025-05-14T00:23:31.955243,2025-08-30T00:23:31.955243,2025-05-15T15:23:31.955243,1.0
req_0234,tenant_001,Addis Manufacturing PLC,addis.manufacturing.plc@example.com,trade_name_registration,Trade Name Registration - Addis Manufacturing,Registration of trade name 'Addis Industries' for manufacturing and export business.,approved,normal,Addis Manufacturing PLC,Tigist Assefa,+251-91-6487739,contact@addismanufacturingplc.com,2025-06-13T00:23:31.955243,2025-10-21T00:23:31.955243,2025-06-14T04:23:31.955243,2.0
req_0235,tenant_031,Mekelle Steel Industry,mekelle.steel.industry@example.com,customs_clearance,Import Clearance - Machinery and Equipment,Import clearance for 50 tons of raw textile materials. Bill of lading no: BL-94661.,rejected,high,Mekelle Steel Industry,Yohannes Gebre,+251-91-9900328,contact@mekellesteelindustry.com,2025-04-16T00:23:31.955243,2025-10-09T00:23:31.955243,2025-04-17T10:23:31.955243,
req_0236,tenant_029,Mekelle Steel Industry,mekelle.steel.industry@example.com,commercial_registration,Commercial Registration - Mekelle Steel Industry,Mekelle Steel Industry requires commercial registration certificate for newly established manufacturing entity. Registered capital: 10 million ETB.,issued,normal,Mekelle Steel Industry,Yohannes Gebre,+251-91-1677444,contact@mekellesteelindustry.com,2025-10-12T00:23:31.955243,2025-12-18T00:23:31.955243,2025-10-13T04:23:31.955243,5.0
req_0237,tenant_037,Addis Manufacturing PLC,addis.manufacturing.plc@example.com,investment_permit,New Investment Permit Application - Addis Manufacturing PLC,"Addis Manufacturing PLC is applying for an investment permit for a new textile manufacturing facility in Hawassa Industrial Park. Expected capital investment: USD 5 million, creating 500 jobs.",approved,normal,Addis Manufacturing PLC,Tigist Assefa,+251-91-5536947,contact@addismanufacturingplc.com,2025-06-26T00:23:31.955243,2025-10-13T00:23:31.955243,2025-06-26T18:23:31.955243,13.0
req_0238,tenant_002,Hawassa Textile Industry,hawassa.textile.industry@example.com,banking_services,Loan Application for Working Capital,Application for working capital loan of 5 million ETB for Hawassa Textile Industry expansion project.,rejected,low,Hawassa Textile Industry,Yohannes Gebre,+251-91-1078501,contact@hawassatextileindustry.com,2025-11-02T00:23:31.955243,2025-12-18T00:23:31.955243,2025-11-03T12:23:31.955243,
req_0239,tenant_031,Bahir Dar Pharmaceutical PLC,bahir.dar.pharmaceutical.plc@example.com,banking_services,Loan Application for Working Capital,Application for working capital loan of 5 million ETB for Bahir Dar Pharmaceutical PLC expansion project.,approved,low,Bahir Dar Pharmaceutical PLC,Almaz Tesfaye,+251-91-8245072,contact@bahirdarpharmaceuticalplc.com,2025-03-02T00:23:31.955243,2025-03-17T00:23:31.955243,2025-03-03T14:23:31.955243,12.0
req_0240,tenant_003,Hawassa Textile Industry,hawassa.textile.industry@example.com,customs_clearance,Import Clearance - Machinery and Equipment,Import clearance for 50 tons of raw textile materials. Bill of lading no: BL-13846.,rejected,high,Hawassa Textile Industry,Abebe Bekele,+251-91-5525946,contact@hawassatextileindustry.com,2025-01-17T00:23:31.955243,2025-05-05T00:23:31.955243,2025-01-17T04:23:31.955243,
req_0241,tenant_007,Jimma Coffee Processing,jimma.coffee.processing@example.com,agreements,Partnership Agreement between Jimma Coffee Processing and IPDC,Processing partnership agreement between Jimma Coffee Processing and IPDC for land lease and utility services.,approved,low,Jimma Coffee Processing,Abebe Bekele,+251-91-8281958,contact@jimmacoffeeprocessing.com,2025-01-18T00:23:31.955243,2025-09-03T00:23:31.955243,2025-01-18T03:23:31.955243,4.0
req_0242,tenant_025,Dessie Textile Mills,dessie.textile.mills@example.com,banking_services,Loan Application for Working Capital,Application for working capital loan of 5 million ETB for Dessie Textile Mills expansion project.,approved,high,Dessie Textile Mills,Solomon Haile,+251-91-4116190,contact@dessietextilemills.com,2025-07-10T00:23:31.955243,2025-08-09T00:23:31.955243,2025-07-11T07:23:31.955243,9.0
req_0243,tenant_037,Mekelle Steel Industry,mekelle.steel.industry@example.com,tin_issuance,TIN Certificate Request - Mekelle Steel Industry,Tax Identification Number (TIN) application for Mekelle Steel Industry to commence business operations.,approved,normal,Mekelle Steel Industry,Abebe Bekele,+251-91-8459829,contact@mekellesteelindustry.com,2025-02-19T00:23:31.955243,2025-05-15T00:23:31.955243,2025-02-20T16:23:31.955243,1.0
req_0244,tenant_016,Gondar Ceramics Industry,gondar.ceramics.industry@example.com,investment_permit,New Investment Permit Application - Gondar Ceramics Industry,"Gondar Ceramics Industry is applying for an investment permit for a new textile manufacturing facility in Hawassa Industrial Park. Expected capital investment: USD 5 million, creating 500 jobs.",issued,normal,Gondar Ceramics Industry,Yohannes Gebre,+251-91-3011470,contact@gondarceramicsindustry.com,2025-03-18T00:23:31.955243,2025-06-17T00:23:31.955243,2025-03-19T03:23:31.955243,10.0
req_0245,tenant_019,Bole Lemi Garment Factory,bole.lemi.garment.factory@example.com,agreements,Partnership Agreement between Bole Lemi Garment Factory and IPDC,Processing partnership agreement between Bole Lemi Garment Factory and IPDC for land lease and utility services.,approved,normal,Bole Lemi Garment Factory,Tigist Assefa,+251-91-9633262,contact@bolelemigarmentfactory.com,2025-05-13T00:23:31.955243,2025-08-05T00:23:31.955243,2025-05-14T18:23:31.955243,4.0
req_0246,tenant_003,Adama Food Processing,adama.food.processing@example.com,agreements,Partnership Agreement between Adama Food Processing and IPDC,Processing partnership agreement between Adama Food Processing and IPDC for land lease and utility services.,approved,normal,Adama Food Processing,Yohannes Gebre,+251-91-6319758,contact@adamafoodprocessing.com,2025-02-07T00:23:31.955243,2025-10-20T00:23:31.955243,2025-02-07T06:23:31.955243,3.0
req_0247,tenant_013,Gondar Ceramics Industry,gondar.ceramics.industry@example.com,customs_exemption,Customs Duty Exemption for Raw Materials,Request for customs duty exemption on imported industrial machinery valued at USD 2 million as per investment permit.,rejected,high,Gondar Ceramics Industry,Abebe Bekele,+251-91-4263820,contact@gondarceramicsindustry.com,2025-08-03T00:23:31.955243,2025-12-26T00:23:31.955243,2025-08-03T11:23:31.955243,
req_0248,tenant_050,Adama Food Processing,adama.food.processing@example.com,agreements,Partnership Agreement between Adama Food Processing and IPDC,Processing partnership agreement between Adama Food Processing and IPDC for land lease and utility services.,approved,normal,Adama Food Processing,Solomon Haile,+251-91-4726043,contact@adamafoodprocessing.com,2025-11-01T00:23:31.955243,2025-12-18T00:23:31.955243,2025-11-02T03:23:31.955243,7.0
req_0249,tenant_037,Adama Food Processing,adama.food.processing@example.com,trade_name_registration,Trade Name Registration - Adama Manufacturing,Registration of trade name 'Adama Industries' for manufacturing and export business.,issued,normal,Adama Food Processing,Abebe Bekele,+251-91-1205462,contact@adamafoodprocessing.com,2025-08-24T00:23:31.955243,2026-01-04T00:23:31.955243,2025-08-24T15:23:31.955243,3.0
req_0250,tenant_036,Addis Manufacturing PLC,addis.manufacturing.plc@example.com,agreements,Partnership Agreement between Addis Manufacturing PLC and IPDC,Processing partnership agreement between Addis Manufacturing PLC and IPDC for land lease and utility services.,approved,normal,Addis Manufacturing PLC,Yohannes Gebre,+251-91-5776648,contact@addismanufacturingplc.com,2025-07-29T00:23:31.955243,2025-12-17T00:23:31.955243,2025-07-30T22:23:31.955243,6.0
req_0251,tenant_020,Hawassa Textile Industry,hawassa.textile.industry@example.com,agreements,Partnership Agreement between Hawassa Textile Industry and IPDC,Processing partnership agreement between Hawassa Textile Industry and IPDC for land lease and utility services.,approved,low,Hawassa Textile Industry,Tigist Assefa,+251-91-2362346,contact@hawassatextileindustry.com,2025-07-07T00:23:31.955243,2025-07-14T00:23:31.955243,2025-07-07T10:23:31.955243,4.0
req_0252,tenant_024,Dessie Textile Mills,dessie.textile.mills@example.com,work_permit,Work Permit Application for Foreign Employee,Application for work permit for Mr. Zhang Wei (Chinese national) as Production Manager at Dessie Textile Mills. 2-year contract. CV and employment contract attached.,rejected,high,Dessie Textile Mills,Solomon Haile,+251-91-7095153,contact@dessietextilemills.com,2025-09-21T00:23:31.955243,2025-12-22T00:23:31.955243,2025-09-21T07:23:31.955243,
req_0253,tenant_029,Bahir Dar Pharmaceutical PLC,bahir.dar.pharmaceutical.plc@example.com,agreements,Partnership Agreement between Bahir Dar Pharmaceutical PLC and IPDC,Processing partnership agreement between Bahir Dar Pharmaceutical PLC and IPDC for land lease and utility services.,under_review,normal,Bahir Dar Pharmaceutical PLC,Almaz Tesfaye,+251-91-8935375,contact@bahirdarpharmaceuticalplc.com,2025-12-26T00:23:31.955243,2025-12-27T00:23:31.955243,2025-12-27T05:23:31.955243,
req_0254,tenant_025,Hawassa Textile Industry,hawassa.textile.industry@example.com,notarization,MoU Notarization Service,Notarization required for Memorandum of Understanding between shareholders of Hawassa Textile Industry.,approved,normal,Hawassa Textile Industry,Tigist Assefa,+251-91-1159147,contact@hawassatextileindustry.com,2025-05-03T00:23:31.955243,2025-09-28T00:23:31.955243,2025-05-04T00:23:31.955243,1.0
req_0255,tenant_011,Dire Dawa Leather Factory,dire.dawa.leather.factory@example.com,business_license,Business License Renewal for Dire Dawa Leather Factory,Request to renew business operating license for Dire Dawa Leather Factory. Previous license expires next month. All compliance documents attached.,rejected,normal,Dire Dawa Leather Factory,Abebe Bekele,+251-91-5747905,contact@diredawaleatherfactory.com,2025-02-24T00:23:31.955243,2025-06-15T00:23:31.955243,2025-02-24T03:23:31.955243,
req_0256,tenant_043,Nazret Agro Processing,nazret.agro.processing@example.com,investment_permit,New Investment Permit Application - Nazret Agro Processing,"Nazret Agro Processing is applying for an investment permit for a new textile manufacturing facility in Hawassa Industrial Park. Expected capital investment: USD 5 million, creating 500 jobs.",rejected,normal,Nazret Agro Processing,Yohannes Gebre,+251-91-8285774,contact@nazretagroprocessing.com,2025-04-25T00:23:31.955243,2025-04-25T00:23:31.955243,2025-04-26T13:23:31.955243,
req_0257,tenant_013,Bahir Dar Pharmaceutical PLC,bahir.dar.pharmaceutical.plc@example.com,customs_clearance,Import Clearance - Machinery and Equipment,Import clearance for 50 tons of raw textile materials. Bill of lading no: BL-15149.,approved,normal,Bahir Dar Pharmaceutical PLC,Solomon Haile,+251-91-5082853,contact@bahirdarpharmaceuticalplc.com,2025-05-21T00:23:31.955243,2025-11-04T00:23:31.955243,2025-05-22T19:23:31.955243,7.0
req_0258,tenant_040,Hawassa Textile Industry,hawassa.textile.industry@example.com,work_permit,Work Permit Application for Foreign Employee,Application for work permit for Mr. Zhang Wei (Chinese national) as Production Manager at Hawassa Textile Industry. 2-year contract. CV and employment contract attached.,approved,high,Hawassa Textile Industry,Yohannes Gebre,+251-91-3131473,contact@hawassatextileindustry.com,2025-10-28T00:23:31.955243,2025-12-03T00:23:31.955243,2025-10-28T19:23:31.955243,18.0
req_0259,tenant_015,Bole Lemi Garment Factory,bole.lemi.garment.factory@example.com,business_license,Business License Renewal for Bole Lemi Garment Factory,Request to renew business operating license for Bole Lemi Garment Factory. Previous license expires next month. All compliance documents attached.,issued,high,Bole Lemi Garment Factory,Almaz Tesfaye,+251-91-2160563,contact@bolelemigarmentfactory.com,2025-04-30T00:23:31.955243,2025-06-06T00:23:31.955243,2025-04-30T11:23:31.955243,10.0
req_0260,tenant_022,Addis Manufacturing PLC,addis.manufacturing.plc@example.com,investment_permit,New Investment Permit Application - Addis Manufacturing PLC,"Addis Manufacturing PLC is applying for an investment permit for a new textile manufacturing facility in Hawassa Industrial Park. Expected capital investment: USD 5 million, creating 500 jobs.",issued,normal,Addis Manufacturing PLC,Almaz Tesfaye,+251-91-9506344,contact@addismanufacturingplc.com,2025-05-18T00:23:31.955243,2025-10-21T00:23:31.955243,2025-05-20T00:23:31.955243,16.0
req_0261,tenant_032,Jimma Coffee Processing,jimma.coffee.processing@example.com,customs_exemption,Customs Duty Exemption for Raw Materials,Request for customs duty exemption on imported industrial machinery valued at USD 2 million as per investment permit.,rejected,normal,Jimma Coffee Processing,Solomon Haile,+251-91-7959939,contact@jimmacoffeeprocessing.com,2025-08-22T00:23:31.955243,2025-11-13T00:23:31.955243,2025-08-23T03:23:31.955243,
req_0262,tenant_038,Mekelle Steel Industry,mekelle.steel.industry@example.com,notarization,MoU Notarization Service,Notarization required for Memorandum of Understanding between shareholders of Mekelle Steel Industry.,issued,high,Mekelle Steel Industry,Abebe Bekele,+251-91-5354012,contact@mekellesteelindustry.com,2025-03-28T00:23:31.955243,2025-04-22T00:23:31.955243,2025-03-29T20:23:31.955243,1.0
req_0263,tenant_018,Bahir Dar Pharmaceutical PLC,bahir.dar.pharmaceutical.plc@example.com,investment_permit,New Investment Permit Application - Bahir Dar Pharmaceutical PLC,"Bahir Dar Pharmaceutical PLC is applying for an investment permit for a new textile manufacturing facility in Hawassa Industrial Park. Expected capital investment: USD 5 million, creating 500 jobs.",issued,high,Bahir Dar Pharmaceutical PLC,Almaz Tesfaye,+251-91-1390581,contact@bahirdarpharmaceuticalplc.com,2025-12-06T00:23:31.955243,2025-12-20T00:23:31.955243,2025-12-07T01:23:31.955243,18.0
req_0264,tenant_029,Nazret Agro Processing,nazret.agro.processing@example.com,work_permit,Work Permit Application for Foreign Employee,Application for work permit for Mr. Zhang Wei (Chinese national) as Production Manager at Nazret Agro Processing. 2-year contract. CV and employment contract attached.,approved,high,Nazret Agro Processing,Abebe Bekele,+251-91-8907754,contact@nazretagroprocessing.com,2025-05-16T00:23:31.955243,2025-11-03T00:23:31.955243,2025-05-16T05:23:31.955243,15.0
req_0265,tenant_014,Nazret Agro Processing,nazret.agro.processing@example.com,customs_clearance,Import Clearance - Machinery and Equipment,Import clearance for 50 tons of raw textile materials. Bill of lading no: BL-27655.,approved,urgent,Nazret Agro Processing,Abebe Bekele,+251-91-3278892,contact@nazretagroprocessing.com,2025-06-04T00:23:31.955243,2025-10-25T00:23:31.955243,2025-06-05T10:23:31.955243,3.0
req_0266,tenant_034,Bahir Dar Pharmaceutical PLC,bahir.dar.pharmaceutical.plc@example.com,commercial_registration,Commercial Registration - Bahir Dar Pharmaceutical PLC,Bahir Dar Pharmaceutical PLC requires commercial registration certificate for newly established manufacturing entity. Registered capital: 10 million ETB.,issued,normal,Bahir Dar Pharmaceutical PLC,Almaz Tesfaye,+251-91-5879636,contact@bahirdarpharmaceuticalplc.com,2025-10-17T00:23:31.955243,2025-12-09T00:23:31.955243,2025-10-18T05:23:31.955243,4.0
req_0267,tenant_027,Kombolcha Industrial Park Ltd,kombolcha.industrial.park.ltd@example.com,customs_clearance,Import Clearance - Machinery and Equipment,Import clearance for 50 tons of raw textile materials. Bill of lading no: BL-99680.,approved,normal,Kombolcha Industrial Park Ltd,Almaz Tesfaye,+251-91-4693774,contact@kombolchaindustrialparkltd.com,2025-02-13T00:23:31.955243,2025-12-24T00:23:31.955243,2025-02-14T09:23:31.955243,6.0
req_0268,tenant_045,Mekelle Steel Industry,mekelle.steel.industry@example.com,tin_issuance,TIN Certificate Request - Mekelle Steel Industry,Tax Identification Number (TIN) application for Mekelle Steel Industry to commence business operations.,rejected,high,Mekelle Steel Industry,Solomon Haile,+251-91-4374724,contact@mekellesteelindustry.com,2025-01-19T00:23:31.955243,2025-08-01T00:23:31.955243,2025-01-20T14:23:31.955243,
req_0269,tenant_039,Bole Lemi Garment Factory,bole.lemi.garment.factory@example.com,trade_name_registration,Trade Name Registration - Bole Manufacturing,Registration of trade name 'Bole Industries' for manufacturing and export business.,issued,normal,Bole Lemi Garment Factory,Yohannes Gebre,+251-91-9193127,contact@bolelemigarmentfactory.com,2025-11-27T00:23:31.955243,2025-12-19T00:23:31.955243,2025-11-27T13:23:31.955243,1.0
req_0270,tenant_011,Nazret Agro Processing,nazret.agro.processing@example.com,banking_services,Loan Application for Working Capital,Application for working capital loan of 5 million ETB for Nazret Agro Processing expansion project.,issued,high,Nazret Agro Processing,Almaz Tesfaye,+251-91-9366033,contact@nazretagroprocessing.com,2025-11-04T00:23:31.955243,2025-12-01T00:23:31.955243,2025-11-05T01:23:31.955243,8.0
req_0271,tenant_041,Dire Dawa Leather Factory,dire.dawa.leather.factory@example.com,trade_name_registration,Trade Name Registration - Dire Manufacturing,Registration of trade name 'Dire Industries' for manufacturing and export business.,issued,low,Dire Dawa Leather Factory,Almaz Tesfaye,+251-91-7518175,contact@diredawaleatherfactory.com,2025-01-21T00:23:31.955243,2026-01-04T00:23:31.955243,2025-01-21T05:23:31.955243,4.0
req_0272,tenant_023,Bole Lemi Garment Factory,bole.lemi.garment.factory@example.com,trade_name_registration,Trade Name Registration - Bole Manufacturing,Registration of trade name 'Bole Industries' for manufacturing and export business.,rejected,high,Bole Lemi Garment Factory,Solomon Haile,+251-91-4518041,contact@bolelemigarmentfactory.com,2025-02-07T00:23:31.955243,2025-09-25T00:23:31.955243,2025-02-08T23:23:31.955243,
req_0273,tenant_027,Mekelle Steel Industry,mekelle.steel.industry@example.com,tin_issuance,TIN Certificate Request - Mekelle Steel Industry,Tax Identification Number (TIN) application for Mekelle Steel Industry to commence business operations.,rejected,normal,Mekelle Steel Industry,Almaz Tesfaye,+251-91-4822305,contact@mekellesteelindustry.com,2025-10-13T00:23:31.955243,2025-11-26T00:23:31.955243,2025-10-13T15:23:31.955243,
req_0274,tenant_012,Nazret Agro Processing,nazret.agro.processing@example.com,customs_clearance,Import Clearance - Machinery and Equipment,Import clearance for 50 tons of raw textile materials. Bill of lading no: BL-89269.,under_review,urgent,Nazret Agro Processing,Tigist Assefa,+251-91-7890165,contact@nazretagroprocessing.com,2025-12-29T00:23:31.955243,2025-12-30T00:23:31.955243,2025-12-30T05:23:31.955243,
req_0275,tenant_037,Bole Lemi Garment Factory,bole.lemi.garment.factory@example.com,banking_services,Loan Application for Working Capital,Application for working capital loan of 5 million ETB for Bole Lemi Garment Factory expansion project.,approved,high,Bole Lemi Garment Factory,Solomon Haile,+251-91-3571394,contact@bolelemigarmentfactory.com,2025-06-28T00:23:31.955243,2025-12-18T00:23:31.955243,2025-06-29T21:23:31.955243,6.0
req_0276,tenant_014,Kombolcha Industrial Park Ltd,kombolcha.industrial.park.ltd@example.com,trade_name_registration,Trade Name Registration - Kombolcha Manufacturing,Registration of trade name 'Kombolcha Industries' for manufacturing and export business.,rejected,normal,Kombolcha Industrial Park Ltd,Yohannes Gebre,+251-91-8674041,contact@kombolchaindustrialparkltd.com,2025-07-05T00:23:31.955243,2025-11-21T00:23:31.955243,2025-07-06T14:23:31.955243,
req_0277,tenant_040,Bahir Dar Pharmaceutical PLC,bahir.dar.pharmaceutical.plc@example.com,commercial_registration,Commercial Registration - Bahir Dar Pharmaceutical PLC,Bahir Dar Pharmaceutical PLC requires commercial registration certificate for newly established manufacturing entity. Registered capital: 10 million ETB.,issued,low,Bahir Dar Pharmaceutical PLC,Solomon Haile,+251-91-3116488,contact@bahirdarpharmaceuticalplc.com,2025-08-18T00:23:31.955243,2025-09-22T00:23:31.955243,2025-08-18T17:23:31.955243,6.0
req_0278,tenant_004,Kombolcha Industrial Park Ltd,kombolcha.industrial.park.ltd@example.com,investment_permit,New Investment Permit Application - Kombolcha Industrial Park Ltd,"Kombolcha Industrial Park Ltd is applying for an investment permit for a new textile manufacturing facility in Hawassa Industrial Park. Expected capital investment: USD 5 million, creating 500 jobs.",approved,high,Kombolcha Industrial Park Ltd,Tigist Assefa,+251-91-3240760,contact@kombolchaindustrialparkltd.com,2025-02-07T00:23:31.955243,2025-05-25T00:23:31.955243,2025-02-08T23:23:31.955243,13.0
req_0279,tenant_008,Jimma Coffee Processing,jimma.coffee.processing@example.com,notarization,MoU Notarization Service,Notarization required for Memorandum of Understanding between shareholders of Jimma Coffee Processing.,approved,normal,Jimma Coffee Processing,Almaz Tesfaye,+251-91-5051720,contact@jimmacoffeeprocessing.com,2025-05-07T00:23:31.955243,2025-10-30T00:23:31.955243,2025-05-08T11:23:31.955243,1.0
req_0280,tenant_041,Gondar Ceramics Industry,gondar.ceramics.industry@example.com,banking_services,Loan Application for Working Capital,Application for working capital loan of 5 million ETB for Gondar Ceramics Industry expansion project.,approved,high,Gondar Ceramics Industry,Abebe Bekele,+251-91-7570392,contact@gondarceramicsindustry.com,2025-12-19T00:23:31.955243,2025-12-28T00:23:31.955243,2025-12-21T00:23:31.955243,8.0
req_0281,tenant_046,Nazret Agro Processing,nazret.agro.processing@example.com,customs_clearance,Import Clearance - Machinery and Equipment,Import clearance for 50 tons of raw textile materials. Bill of lading no: BL-41800.,issued,normal,Nazret Agro Processing,Almaz Tesfaye,+251-91-5271613,contact@nazretagroprocessing.com,2025-06-17T00:23:31.955243,2025-07-25T00:23:31.955243,2025-06-18T11:23:31.955243,3.0
req_0282,tenant_044,Hawassa Textile Industry,hawassa.textile.industry@example.com,notarization,MoU Notarization Service,Notarization required for Memorandum of Understanding between shareholders of Hawassa Textile Industry.,issued,high,Hawassa Textile Industry,Yohannes Gebre,+251-91-3512785,contact@hawassatextileindustry.com,2025-11-24T00:23:31.955243,2025-12-26T00:23:31.955243,2025-11-25T03:23:31.955243,1.0
req_0283,tenant_046,Dire Dawa Leather Factory,dire.dawa.leather.factory@example.com,customs_exemption,Customs Duty Exemption for Raw Materials,Request for customs duty exemption on imported industrial machinery valued at USD 2 million as per investment permit.,approved,low,Dire Dawa Leather Factory,Yohannes Gebre,+251-91-7455100,contact@diredawaleatherfactory.com,2025-05-24T00:23:31.955243,2025-07-25T00:23:31.955243,2025-05-25T07:23:31.955243,16.0
req_0284,tenant_029,Bahir Dar Pharmaceutical PLC,bahir.dar.pharmaceutical.plc@example.com,business_license,Business License Renewal for Bahir Dar Pharmaceutical PLC,Request to renew business operating license for Bahir Dar Pharmaceutical PLC. Previous license expires next month. All compliance documents attached.,rejected,high,Bahir Dar Pharmaceutical PLC,Tigist Assefa,+251-91-4507585,contact@bahirdarpharmaceuticalplc.com,2025-10-12T00:23:31.955243,2025-12-08T00:23:31.955243,2025-10-13T00:23:31.955243,
req_0285,tenant_047,Dessie Textile Mills,dessie.textile.mills@example.com,agreements,Partnership Agreement between Dessie Textile Mills and IPDC,Processing partnership agreement between Dessie Textile Mills and IPDC for land lease and utility services.,approved,low,Dessie Textile Mills,Yohannes Gebre,+251-91-6454346,contact@dessietextilemills.com,2025-07-08T00:23:31.955243,2025-10-17T00:23:31.955243,2025-07-09T01:23:31.955243,7.0
req_0286,tenant_042,Jimma Coffee Processing,jimma.coffee.processing@example.com,customs_clearance,Import Clearance - Machinery and Equipment,Import clearance for 50 tons of raw textile materials. Bill of lading no: BL-15529.,approved,normal,Jimma Coffee Processing,Tigist Assefa,+251-91-7333626,contact@jimmacoffeeprocessing.com,2025-06-20T00:23:31.955243,2025-10-13T00:23:31.955243,2025-06-21T05:23:31.955243,5.0
req_0287,tenant_016,Bahir Dar Pharmaceutical PLC,bahir.dar.pharmaceutical.plc@example.com,investment_permit,New Investment Permit Application - Bahir Dar Pharmaceutical PLC,"Bahir Dar Pharmaceutical PLC is applying for an investment permit for a new textile manufacturing facility in Hawassa Industrial Park. Expected capital investment: USD 5 million, creating 500 jobs.",rejected,normal,Bahir Dar Pharmaceutical PLC,Solomon Haile,+251-91-5316946,contact@bahirdarpharmaceuticalplc.com,2025-08-30T00:23:31.955243,2025-12-24T00:23:31.955243,2025-08-31T06:23:31.955243,
req_0288,tenant_021,Gondar Ceramics Industry,gondar.ceramics.industry@example.com,notarization,MoU Notarization Service,Notarization required for Memorandum of Understanding between shareholders of Gondar Ceramics Industry.,issued,low,Gondar Ceramics Industry,Almaz Tesfaye,+251-91-3545811,contact@gondarceramicsindustry.com,2025-12-11T00:23:31.955243,2025-12-15T00:23:31.955243,2025-12-11T21:23:31.955243,1.0
req_0289,tenant_016,Jimma Coffee Processing,jimma.coffee.processing@example.com,customs_exemption,Customs Duty Exemption for Raw Materials,Request for customs duty exemption on imported industrial machinery valued at USD 2 million as per investment permit.,rejected,normal,Jimma Coffee Processing,Abebe Bekele,+251-91-6585801,contact@jimmacoffeeprocessing.com,2025-02-12T00:23:31.955243,2025-12-16T00:23:31.955243,2025-02-12T20:23:31.955243,
req_0290,tenant_030,Dessie Textile Mills,dessie.textile.mills@example.com,customs_clearance,Import Clearance - Machinery and Equipment,Import clearance for 50 tons of raw textile materials. Bill of lading no: BL-40903.,approved,high,Dessie Textile Mills,Yohannes Gebre,+251-91-5126817,contact@dessietextilemills.com,2025-01-24T00:23:31.955243,2025-08-10T00:23:31.955243,2025-01-24T10:23:31.955243,5.0
req_0291,tenant_013,Nazret Agro Processing,nazret.agro.processing@example.com,business_license,Business License Renewal for Nazret Agro Processing,Request to renew business operating license for Nazret Agro Processing. Previous license expires next month. All compliance documents attached.,issued,urgent,Nazret Agro Processing,Tigist Assefa,+251-91-1536743,contact@nazretagroprocessing.com,2025-11-13T00:23:31.955243,2025-12-02T00:23:31.955243,2025-11-13T01:23:31.955243,5.0
req_0292,tenant_049,Nazret Agro Processing,nazret.agro.processing@example.com,tin_issuance,TIN Certificate Request - Nazret Agro Processing,Tax Identification Number (TIN) application for Nazret Agro Processing to commence business operations.,approved,normal,Nazret Agro Processing,Abebe Bekele,+251-91-4250315,contact@nazretagroprocessing.com,2025-07-28T00:23:31.955243,2025-11-20T00:23:31.955243,2025-07-28T07:23:31.955243,1.0
req_0293,tenant_039,Hawassa Textile Industry,hawassa.textile.industry@example.com,notarization,MoU Notarization Service,Notarization required for Memorandum of Understanding between shareholders of Hawassa Textile Industry.,draft,high,Hawassa Textile Industry,Solomon Haile,+251-91-6541036,contact@hawassatextileindustry.com,2026-01-10T00:23:31.955243,2026-01-10T00:23:31.955243,,
req_0294,tenant_023,Dessie Textile Mills,dessie.textile.mills@example.com,tin_issuance,TIN Certificate Request - Dessie Textile Mills,Tax Identification Number (TIN) application for Dessie Textile Mills to commence business operations.,approved,low,Dessie Textile Mills,Solomon Haile,+251-91-3430958,contact@dessietextilemills.com,2025-08-21T00:23:31.955243,2025-10-11T00:23:31.955243,2025-08-22T20:23:31.955243,1.0
req_0295,tenant_007,Hawassa Textile Industry,hawassa.textile.industry@example.com,customs_exemption,Customs Duty Exemption for Raw Materials,Request for customs duty exemption on imported industrial machinery valued at USD 2 million as per investment permit.,issued,normal,Hawassa Textile Industry,Solomon Haile,+251-91-1348883,contact@hawassatextileindustry.com,2025-08-26T00:23:31.955243,2026-01-10T00:23:31.955243,2025-08-27T11:23:31.955243,11.0
req_0296,tenant_049,Dire Dawa Leather Factory,dire.dawa.leather.factory@example.com,customs_exemption,Customs Duty Exemption for Raw Materials,Request for customs duty exemption on imported industrial machinery valued at USD 2 million as per investment permit.,issued,high,Dire Dawa Leather Factory,Yohannes Gebre,+251-91-3428676,contact@diredawaleatherfactory.com,2025-11-07T00:23:31.955243,2025-12-25T00:23:31.955243,2025-11-08T01:23:31.955243,7.0
req_0297,tenant_009,Adama Food Processing,adama.food.processing@example.com,work_permit,Work Permit Application for Foreign Employee,Application for work permit for Mr. Zhang Wei (Chinese national) as Production Manager at Adama Food Processing. 2-year contract. CV and employment contract attached.,rejected,urgent,Adama Food Processing,Yohannes Gebre,+251-91-2616623,contact@adamafoodprocessing.com,2025-04-08T00:23:31.955243,2025-06-21T00:23:31.955243,2025-04-08T15:23:31.955243,
req_0298,tenant_006,Adama Food Processing,adama.food.processing@example.com,banking_services,Loan Application for Working Capital,Application for working capital loan of 5 million ETB for Adama Food Processing expansion project.,approved,urgent,Adama Food Processing,Almaz Tesfaye,+251-91-2134625,contact@adamafoodprocessing.com,2025-07-16T00:23:31.955243,2025-10-17T00:23:31.955243,2025-07-17T13:23:31.955243,3.0
req_0299,tenant_047,Bahir Dar Pharmaceutical PLC,bahir.dar.pharmaceutical.plc@example.com,work_permit,Work Permit Application for Foreign Employee,Application for work permit for Mr. Zhang Wei (Chinese national) as Production Manager at Bahir Dar Pharmaceutical PLC. 2-year contract. CV and employment contract attached.,approved,urgent,Bahir Dar Pharmaceutical PLC,Yohannes Gebre,+251-91-8027841,contact@bahirdarpharmaceuticalplc.com,2025-06-23T00:23:31.955243,2025-07-11T00:23:31.955243,2025-06-24T13:23:31.955243,8.0
req_0300,tenant_003,Nazret Agro Processing,nazret.agro.processing@example.com,business_license,Business License Renewal for Nazret Agro Processing,Request to renew business operating license for Nazret Agro Processing. Previous license expires next month. All compliance documents attached.,rejected,normal,Nazret Agro Processing,Tigist Assefa,+251-91-4616797,contact@nazretagroprocessing.com,2025-10-23T00:23:31.955243,2025-12-21T00:23:31.955243,2025-10-23T15:23:31.955243,
req_0301,tenant_039,Dire Dawa Leather Factory,dire.dawa.leather.factory@example.com,work_permit,Work Permit Application for Foreign Employee,Application for work permit for Mr. Zhang Wei (Chinese national) as Production Manager at Dire Dawa Leather Factory. 2-year contract. CV and employment contract attached.,issued,high,Dire Dawa Leather Factory,Almaz Tesfaye,+251-91-1497027,contact@diredawaleatherfactory.com,2025-09-23T00:23:31.955243,2025-12-28T00:23:31.955243,2025-09-23T23:23:31.955243,22.0
req_0302,tenant_008,Addis Manufacturing PLC,addis.manufacturing.plc@example.com,tin_issuance,TIN Certificate Request - Addis Manufacturing PLC,Tax Identification Number (TIN) application for Addis Manufacturing PLC to commence business operations.,approved,normal,Addis Manufacturing PLC,Yohannes Gebre,+251-91-8341961,contact@addismanufacturingplc.com,2025-08-29T00:23:31.955243,2025-09-09T00:23:31.955243,2025-08-30T01:23:31.955243,1.0
req_0303,tenant_006,Dessie Textile Mills,dessie.textile.mills@example.com,tin_issuance,TIN Certificate Request - Dessie Textile Mills,Tax Identification Number (TIN) application for Dessie Textile Mills to commence business operations.,rejected,low,Dessie Textile Mills,Abebe Bekele,+251-91-5876345,contact@dessietextilemills.com,2025-10-12T00:23:31.955243,2025-10-25T00:23:31.955243,2025-10-13T14:23:31.955243,
req_0304,tenant_037,Mekelle Steel Industry,mekelle.steel.industry@example.com,customs_clearance,Import Clearance - Machinery and Equipment,Import clearance for 50 tons of raw textile materials. Bill of lading no: BL-55451.,rejected,urgent,Mekelle Steel Industry,Abebe Bekele,+251-91-3735491,contact@mekellesteelindustry.com,2025-02-28T00:23:31.955243,2025-12-25T00:23:31.955243,2025-03-01T16:23:31.955243,
req_0305,tenant_050,Adama Food Processing,adama.food.processing@example.com,trade_name_registration,Trade Name Registration - Adama Manufacturing,Registration of trade name 'Adama Industries' for manufacturing and export business.,issued,normal,Adama Food Processing,Yohannes Gebre,+251-91-1785028,contact@adamafoodprocessing.com,2025-10-02T00:23:31.955243,2025-10-07T00:23:31.955243,2025-10-02T08:23:31.955243,2.0
req_0306,tenant_025,Kombolcha Industrial Park Ltd,kombolcha.industrial.park.ltd@example.com,customs_exemption,Customs Duty Exemption for Raw Materials,Request for customs duty exemption on imported industrial machinery valued at USD 2 million as per investment permit.,rejected,normal,Kombolcha Industrial Park Ltd,Yohannes Gebre,+251-91-6662508,contact@kombolchaindustrialparkltd.com,2025-11-22T00:23:31.955243,2025-12-17T00:23:31.955243,2025-11-23T19:23:31.955243,
req_0307,tenant_049,Dessie Textile Mills,dessie.textile.mills@example.com,business_license,Business License Renewal for Dessie Textile Mills,Request to renew business operating license for Dessie Textile Mills. Previous license expires next month. All compliance documents attached.,rejected,normal,Dessie Textile Mills,Almaz Tesfaye,+251-91-6728155,contact@dessietextilemills.com,2025-05-30T00:23:31.955243,2025-08-21T00:23:31.955243,2025-05-30T13:23:31.955243,
req_0308,tenant_010,Dire Dawa Leather Factory,dire.dawa.leather.factory@example.com,customs_exemption,Customs Duty Exemption for Raw Materials,Request for customs duty exemption on imported industrial machinery valued at USD 2 million as per investment permit.,approved,high,Dire Dawa Leather Factory,Solomon Haile,+251-91-4194278,contact@diredawaleatherfactory.com,2025-07-08T00:23:31.955243,2025-08-27T00:23:31.955243,2025-07-08T02:23:31.955243,12.0
req_0309,tenant_045,Gondar Ceramics Industry,gondar.ceramics.industry@example.com,trade_name_registration,Trade Name Registration - Gondar Manufacturing,Registration of trade name 'Gondar Industries' for manufacturing and export business.,rejected,urgent,Gondar Ceramics Industry,Solomon Haile,+251-91-7568885,contact@gondarceramicsindustry.com,2025-05-26T00:23:31.955243,2025-05-26T00:23:31.955243,2025-05-26T02:23:31.955243,
req_0310,tenant_014,Adama Food Processing,adama.food.processing@example.com,agreements,Partnership Agreement between Adama Food Processing and IPDC,Processing partnership agreement between Adama Food Processing and IPDC for land lease and utility services.,approved,low,Adama Food Processing,Almaz Tesfaye,+251-91-4588514,contact@adamafoodprocessing.com,2025-02-18T00:23:31.955243,2025-12-02T00:23:31.955243,2025-02-18T22:23:31.955243,6.0
req_0311,tenant_007,Mekelle Steel Industry,mekelle.steel.industry@example.com,commercial_registration,Commercial Registration - Mekelle Steel Industry,Mekelle Steel Industry requires commercial registration certificate for newly established manufacturing entity. Registered capital: 10 million ETB.,issued,low,Mekelle Steel Industry,Solomon Haile,+251-91-2451373,contact@mekellesteelindustry.com,2025-07-03T00:23:31.955243,2025-07-20T00:23:31.955243,2025-07-03T16:23:31.955243,6.0
req_0312,tenant_030,Addis Manufacturing PLC,addis.manufacturing.plc@example.com,tin_issuance,TIN Certificate Request - Addis Manufacturing PLC,Tax Identification Number (TIN) application for Addis Manufacturing PLC to commence business operations.,rejected,normal,Addis Manufacturing PLC,Solomon Haile,+251-91-1826216,contact@addismanufacturingplc.com,2025-10-27T00:23:31.955243,2025-11-29T00:23:31.955243,2025-10-27T07:23:31.955243,
req_0313,tenant_003,Bole Lemi Garment Factory,bole.lemi.garment.factory@example.com,customs_exemption,Customs Duty Exemption for Raw Materials,Request for customs duty exemption on imported industrial machinery valued at USD 2 million as per investment permit.,under_review,low,Bole Lemi Garment Factory,Abebe Bekele,+251-91-3098626,contact@bolelemigarmentfactory.com,2025-12-30T00:23:31.955243,2026-01-10T00:23:31.955243,2025-12-30T12:23:31.955243,
req_0314,tenant_012,Mekelle Steel Industry,mekelle.steel.industry@example.com,trade_name_registration,Trade Name Registration - Mekelle Manufacturing,Registration of trade name 'Mekelle Industries' for manufacturing and export business.,approved,low,Mekelle Steel Industry,Yohannes Gebre,+251-91-4771537,contact@mekellesteelindustry.com,2025-02-02T00:23:31.955243,2025-04-18T00:23:31.955243,2025-02-02T15:23:31.955243,1.0
req_0315,tenant_033,Jimma Coffee Processing,jimma.coffee.processing@example.com,work_permit,Work Permit Application for Foreign Employee,Application for work permit for Mr. Zhang Wei (Chinese national) as Production Manager at Jimma Coffee Processing. 2-year contract. CV and employment contract attached.,issued,high,Jimma Coffee Processing,Solomon Haile,+251-91-9275764,contact@jimmacoffeeprocessing.com,2025-05-11T00:23:31.955243,2025-11-26T00:23:31.955243,2025-05-12T07:23:31.955243,25.0
req_0316,tenant_042,Mekelle Steel Industry,mekelle.steel.industry@example.com,work_permit,Work Permit Application for Foreign Employee,Application for work permit for Mr. Zhang Wei (Chinese national) as Production Manager at Mekelle Steel Industry. 2-year contract. CV and employment contract attached.,issued,normal,Mekelle Steel Industry,Almaz Tesfaye,+251-91-4923580,contact@mekellesteelindustry.com,2025-03-08T00:23:31.955243,2025-05-18T00:23:31.955243,2025-03-09T07:23:31.955243,20.0
req_0317,tenant_019,Mekelle Steel Industry,mekelle.steel.industry@example.com,investment_permit,New Investment Permit Application - Mekelle Steel Industry,"Mekelle Steel Industry is applying for an investment permit for a new textile manufacturing facility in Hawassa Industrial Park. Expected capital investment: USD 5 million, creating 500 jobs.",rejected,normal,Mekelle Steel Industry,Solomon Haile,+251-91-3131031,contact@mekellesteelindustry.com,2025-02-01T00:23:31.955243,2025-06-28T00:23:31.955243,2025-02-01T21:23:31.955243,
req_0318,tenant_033,Mekelle Steel Industry,mekelle.steel.industry@example.com,customs_clearance,Import Clearance - Machinery and Equipment,Import clearance for 50 tons of raw textile materials. Bill of lading no: BL-73939.,approved,high,Mekelle Steel Industry,Solomon Haile,+251-91-4674134,contact@mekellesteelindustry.com,2025-12-13T00:23:31.955243,2025-12-24T00:23:31.955243,2025-12-14T23:23:31.955243,6.0
req_0319,tenant_012,Mekelle Steel Industry,mekelle.steel.industry@example.com,business_license,Business License Renewal for Mekelle Steel Industry,Request to renew business operating license for Mekelle Steel Industry. Previous license expires next month. All compliance documents attached.,issued,high,Mekelle Steel Industry,Almaz Tesfaye,+251-91-6907593,contact@mekellesteelindustry.com,2025-05-26T00:23:31.955243,2025-09-06T00:23:31.955243,2025-05-27T05:23:31.955243,8.0
req_0320,tenant_014,Bahir Dar Pharmaceutical PLC,bahir.dar.pharmaceutical.plc@example.com,customs_exemption,Customs Duty Exemption for Raw Materials,Request for customs duty exemption on imported industrial machinery valued at USD 2 million as per investment permit.,approved,normal,Bahir Dar Pharmaceutical PLC,Abebe Bekele,+251-91-5591981,contact@bahirdarpharmaceuticalplc.com,2025-10-07T00:23:31.955243,2025-11-15T00:23:31.955243,2025-10-08T11:23:31.955243,7.0
req_0321,tenant_034,Nazret Agro Processing,nazret.agro.processing@example.com,agreements,Partnership Agreement between Nazret Agro Processing and IPDC,Processing partnership agreement between Nazret Agro Processing and IPDC for land lease and utility services.,issued,high,Nazret Agro Processing,Tigist Assefa,+251-91-3843616,contact@nazretagroprocessing.com,2025-07-02T00:23:31.955243,2025-10-20T00:23:31.955243,2025-07-02T05:23:31.955243,6.0
req_0322,tenant_001,Gondar Ceramics Industry,gondar.ceramics.industry@example.com,tin_issuance,TIN Certificate Request - Gondar Ceramics Industry,Tax Identification Number (TIN) application for Gondar Ceramics Industry to commence business operations.,issued,low,Gondar Ceramics Industry,Yohannes Gebre,+251-91-2139137,contact@gondarceramicsindustry.com,2025-11-03T00:23:31.955243,2025-12-09T00:23:31.955243,2025-11-05T00:23:31.955243,3.0
req_0323,tenant_021,Kombolcha Industrial Park Ltd,kombolcha.industrial.park.ltd@example.com,agreements,Partnership Agreement between Kombolcha Industrial Park Ltd and IPDC,Processing partnership agreement between Kombolcha Industrial Park Ltd and IPDC for land lease and utility services.,issued,low,Kombolcha Industrial Park Ltd,Solomon Haile,+251-91-2909807,contact@kombolchaindustrialparkltd.com,2025-05-03T00:23:31.955243,2025-06-14T00:23:31.955243,2025-05-04T13:23:31.955243,4.0
req_0324,tenant_008,Gondar Ceramics Industry,gondar.ceramics.industry@example.com,customs_clearance,Import Clearance - Machinery and Equipment,Import clearance for 50 tons of raw textile materials. Bill of lading no: BL-38504.,rejected,urgent,Gondar Ceramics Industry,Yohannes Gebre,+251-91-6555351,contact@gondarceramicsindustry.com,2025-02-23T00:23:31.955243,2025-09-30T00:23:31.955243,2025-02-23T18:23:31.955243,
req_0325,tenant_016,Mekelle Steel Industry,mekelle.steel.industry@example.com,trade_name_registration,Trade Name Registration - Mekelle Manufacturing,Registration of trade name 'Mekelle Industries' for manufacturing and export business.,approved,normal,Mekelle Steel Industry,Almaz Tesfaye,+251-91-4572481,contact@mekellesteelindustry.com,2025-11-23T00:23:31.955243,2025-11-30T00:23:31.955243,2025-11-23T10:23:31.955243,2.0
req_0326,tenant_018,Bahir Dar Pharmaceutical PLC,bahir.dar.pharmaceutical.plc@example.com,customs_clearance,Import Clearance - Machinery and Equipment,Import clearance for 50 tons of raw textile materials. Bill of lading no: BL-21697.,approved,normal,Bahir Dar Pharmaceutical PLC,Tigist Assefa,+251-91-2143089,contact@bahirdarpharmaceuticalplc.com,2025-11-20T00:23:31.955243,2026-01-10T00:23:31.955243,2025-11-21T14:23:31.955243,5.0
req_0327,tenant_037,Adama Food Processing,adama.food.processing@example.com,business_license,Business License Renewal for Adama Food Processing,Request to renew business operating license for Adama Food Processing. Previous license expires next month. All compliance documents attached.,issued,high,Adama Food Processing,Tigist Assefa,+251-91-5393130,contact@adamafoodprocessing.com,2025-02-08T00:23:31.955243,2025-12-08T00:23:31.955243,2025-02-09T08:23:31.955243,6.0
req_0328,tenant_042,Adama Food Processing,adama.food.processing@example.com,customs_exemption,Customs Duty Exemption for Raw Materials,Request for customs duty exemption on imported industrial machinery valued at USD 2 million as per investment permit.,pending_documents,normal,Adama Food Processing,Almaz Tesfaye,+251-91-5824340,contact@adamafoodprocessing.com,2025-12-18T00:23:31.955243,2025-12-29T00:23:31.955243,2025-12-18T21:23:31.955243,
req_0329,tenant_001,Kombolcha Industrial Park Ltd,kombolcha.industrial.park.ltd@example.com,commercial_registration,Commercial Registration - Kombolcha Industrial Park Ltd,Kombolcha Industrial Park Ltd requires commercial registration certificate for newly established manufacturing entity. Registered capital: 10 million ETB.,rejected,normal,Kombolcha Industrial Park Ltd,Yohannes Gebre,+251-91-5416694,contact@kombolchaindustrialparkltd.com,2025-09-14T00:23:31.955243,2025-10-30T00:23:31.955243,2025-09-14T05:23:31.955243,
req_0330,tenant_022,Dire Dawa Leather Factory,dire.dawa.leather.factory@example.com,work_permit,Work Permit Application for Foreign Employee,Application for work permit for Mr. Zhang Wei (Chinese national) as Production Manager at Dire Dawa Leather Factory. 2-year contract. CV and employment contract attached.,rejected,high,Dire Dawa Leather Factory,Almaz Tesfaye,+251-91-6448320,contact@diredawaleatherfactory.com,2025-06-11T00:23:31.955243,2025-09-28T00:23:31.955243,2025-06-11T10:23:31.955243,
req_0331,tenant_040,Dire Dawa Leather Factory,dire.dawa.leather.factory@example.com,agreements,Partnership Agreement between Dire Dawa Leather Factory and IPDC,Processing partnership agreement between Dire Dawa Leather Factory and IPDC for land lease and utility services.,rejected,normal,Dire Dawa Leather Factory,Almaz Tesfaye,+251-91-3164710,contact@diredawaleatherfactory.com,2025-07-02T00:23:31.955243,2025-07-12T00:23:31.955243,2025-07-03T23:23:31.955243,
req_0332,tenant_024,Gondar Ceramics Industry,gondar.ceramics.industry@example.com,agreements,Partnership Agreement between Gondar Ceramics Industry and IPDC,Processing partnership agreement between Gondar Ceramics Industry and IPDC for land lease and utility services.,approved,high,Gondar Ceramics Industry,Yohannes Gebre,+251-91-5150524,contact@gondarceramicsindustry.com,2025-03-21T00:23:31.955243,2025-11-10T00:23:31.955243,2025-03-21T04:23:31.955243,4.0
req_0333,tenant_029,Dire Dawa Leather Factory,dire.dawa.leather.factory@example.com,commercial_registration,Commercial Registration - Dire Dawa Leather Factory,Dire Dawa Leather Factory requires commercial registration certificate for newly established manufacturing entity. Registered capital: 10 million ETB.,issued,high,Dire Dawa Leather Factory,Abebe Bekele,+251-91-3634544,contact@diredawaleatherfactory.com,2025-02-28T00:23:31.955243,2025-10-30T00:23:31.955243,2025-02-28T15:23:31.955243,7.0
req_0334,tenant_039,Bahir Dar Pharmaceutical PLC,bahir.dar.pharmaceutical.plc@example.com,banking_services,Loan Application for Working Capital,Application for working capital loan of 5 million ETB for Bahir Dar Pharmaceutical PLC expansion project.,approved,urgent,Bahir Dar Pharmaceutical PLC,Solomon Haile,+251-91-8866266,contact@bahirdarpharmaceuticalplc.com,2025-02-10T00:23:31.955243,2025-10-04T00:23:31.955243,2025-02-11T13:23:31.955243,4.0
req_0335,tenant_017,Hawassa Textile Industry,hawassa.textile.industry@example.com,business_license,Business License Renewal for Hawassa Textile Industry,Request to renew business operating license for Hawassa Textile Industry. Previous license expires next month. All compliance documents attached.,approved,normal,Hawassa Textile Industry,Yohannes Gebre,+251-91-7576366,contact@hawassatextileindustry.com,2025-12-20T00:23:31.955243,2025-12-21T00:23:31.955243,2025-12-20T04:23:31.955243,10.0
req_0336,tenant_042,Nazret Agro Processing,nazret.agro.processing@example.com,agreements,Partnership Agreement between Nazret Agro Processing and IPDC,Processing partnership agreement between Nazret Agro Processing and IPDC for land lease and utility services.,rejected,normal,Nazret Agro Processing,Abebe Bekele,+251-91-3925940,contact@nazretagroprocessing.com,2025-07-22T00:23:31.955243,2025-10-10T00:23:31.955243,2025-07-22T06:23:31.955243,
req_0337,tenant_048,Jimma Coffee Processing,jimma.coffee.processing@example.com,customs_clearance,Import Clearance - Machinery and Equipment,Import clearance for 50 tons of raw textile materials. Bill of lading no: BL-71052.,rejected,high,Jimma Coffee Processing,Abebe Bekele,+251-91-2061326,contact@jimmacoffeeprocessing.com,2025-06-24T00:23:31.955243,2025-09-20T00:23:31.955243,2025-06-25T17:23:31.955243,
req_0338,tenant_019,Dire Dawa Leather Factory,dire.dawa.leather.factory@example.com,business_license,Business License Renewal for Dire Dawa Leather Factory,Request to renew business operating license for Dire Dawa Leather Factory. Previous license expires next month. All compliance documents attached.,approved,low,Dire Dawa Leather Factory,Abebe Bekele,+251-91-2403698,contact@diredawaleatherfactory.com,2025-09-02T00:23:31.955243,2025-10-09T00:23:31.955243,2025-09-03T22:23:31.955243,13.0
req_0339,tenant_011,Adama Food Processing,adama.food.processing@example.com,banking_services,Loan Application for Working Capital,Application for working capital loan of 5 million ETB for Adama Food Processing expansion project.,approved,high,Adama Food Processing,Abebe Bekele,+251-91-8081031,contact@adamafoodprocessing.com,2025-11-14T00:23:31.955243,2025-12-23T00:23:31.955243,2025-11-14T03:23:31.955243,9.0
req_0340,tenant_045,Bole Lemi Garment Factory,bole.lemi.garment.factory@example.com,banking_services,Loan Application for Working Capital,Application for working capital loan of 5 million ETB for Bole Lemi Garment Factory expansion project.,issued,high,Bole Lemi Garment Factory,Solomon Haile,+251-91-4105386,contact@bolelemigarmentfactory.com,2025-09-15T00:23:31.955243,2025-12-23T00:23:31.955243,2025-09-16T21:23:31.955243,5.0
req_0341,tenant_010,Bahir Dar Pharmaceutical PLC,bahir.dar.pharmaceutical.plc@example.com,banking_services,Loan Application for Working Capital,Application for working capital loan of 5 million ETB for Bahir Dar Pharmaceutical PLC expansion project.,approved,normal,Bahir Dar Pharmaceutical PLC,Solomon Haile,+251-91-6317390,contact@bahirdarpharmaceuticalplc.com,2025-10-09T00:23:31.955243,2025-11-09T00:23:31.955243,2025-10-09T13:23:31.955243,5.0
req_0342,tenant_031,Gondar Ceramics Industry,gondar.ceramics.industry@example.com,banking_services,Loan Application for Working Capital,Application for working capital loan of 5 million ETB for Gondar Ceramics Industry expansion project.,approved,high,Gondar Ceramics Industry,Yohannes Gebre,+251-91-4777698,contact@gondarceramicsindustry.com,2025-11-15T00:23:31.955243,2025-11-28T00:23:31.955243,2025-11-15T03:23:31.955243,6.0
req_0343,tenant_041,Mekelle Steel Industry,mekelle.steel.industry@example.com,banking_services,Loan Application for Working Capital,Application for working capital loan of 5 million ETB for Mekelle Steel Industry expansion project.,approved,high,Mekelle Steel Industry,Yohannes Gebre,+251-91-8816798,contact@mekellesteelindustry.com,2025-03-07T00:23:31.955243,2025-04-18T00:23:31.955243,2025-03-07T09:23:31.955243,8.0
req_0344,tenant_005,Hawassa Textile Industry,hawassa.textile.industry@example.com,agreements,Partnership Agreement between Hawassa Textile Industry and IPDC,Processing partnership agreement between Hawassa Textile Industry and IPDC for land lease and utility services.,approved,normal,Hawassa Textile Industry,Abebe Bekele,+251-91-2581764,contact@hawassatextileindustry.com,2025-04-29T00:23:31.955243,2025-12-22T00:23:31.955243,2025-04-29T17:23:31.955243,4.0
req_0345,tenant_001,Bole Lemi Garment Factory,bole.lemi.garment.factory@example.com,work_permit,Work Permit Application for Foreign Employee,Application for work permit for Mr. Zhang Wei (Chinese national) as Production Manager at Bole Lemi Garment Factory. 2-year contract. CV and employment contract attached.,approved,urgent,Bole Lemi Garment Factory,Solomon Haile,+251-91-3035006,contact@bolelemigarmentfactory.com,2025-01-30T00:23:31.955243,2025-04-17T00:23:31.955243,2025-01-30T20:23:31.955243,8.0
req_0346,tenant_038,Nazret Agro Processing,nazret.agro.processing@example.com,work_permit,Work Permit Application for Foreign Employee,Application for work permit for Mr. Zhang Wei (Chinese national) as Production Manager at Nazret Agro Processing. 2-year contract. CV and employment contract attached.,issued,urgent,Nazret Agro Processing,Abebe Bekele,+251-91-1344966,contact@nazretagroprocessing.com,2025-05-26T00:23:31.955243,2025-12-24T00:23:31.955243,2025-05-26T22:23:31.955243,11.0
req_0347,tenant_040,Mekelle Steel Industry,mekelle.steel.industry@example.com,agreements,Partnership Agreement between Mekelle Steel Industry and IPDC,Processing partnership agreement between Mekelle Steel Industry and IPDC for land lease and utility services.,approved,normal,Mekelle Steel Industry,Solomon Haile,+251-91-7023523,contact@mekellesteelindustry.com,2025-10-27T00:23:31.955243,2025-11-06T00:23:31.955243,2025-10-28T06:23:31.955243,4.0
req_0348,tenant_047,Nazret Agro Processing,nazret.agro.processing@example.com,investment_permit,New Investment Permit Application - Nazret Agro Processing,"Nazret Agro Processing is applying for an investment permit for a new textile manufacturing facility in Hawassa Industrial Park. Expected capital investment: USD 5 million, creating 500 jobs.",issued,high,Nazret Agro Processing,Solomon Haile,+251-91-6954178,contact@nazretagroprocessing.com,2025-05-30T00:23:31.955243,2025-08-31T00:23:31.955243,2025-05-30T10:23:31.955243,20.0
req_0349,tenant_050,Dire Dawa Leather Factory,dire.dawa.leather.factory@example.com,customs_exemption,Customs Duty Exemption for Raw Materials,Request for customs duty exemption on imported industrial machinery valued at USD 2 million as per investment permit.,rejected,urgent,Dire Dawa Leather Factory,Yohannes Gebre,+251-91-9564058,contact@diredawaleatherfactory.com,2025-03-08T00:23:31.955243,2025-12-13T00:23:31.955243,2025-03-09T03:23:31.955243,
req_0350,tenant_011,Bole Lemi Garment Factory,bole.lemi.garment.factory@example.com,investment_permit,New Investment Permit Application - Bole Lemi Garment Factory,"Bole Lemi Garment Factory is applying for an investment permit for a new textile manufacturing facility in Hawassa Industrial Park. Expected capital investment: USD 5 million, creating 500 jobs.",issued,normal,Bole Lemi Garment Factory,Solomon Haile,+251-91-3438255,contact@bolelemigarmentfactory.com,2025-06-22T00:23:31.955243,2025-09-27T00:23:31.955243,2025-06-22T21:23:31.955243,20.0
req_0351,tenant_017,Mekelle Steel Industry,mekelle.steel.industry@example.com,tin_issuance,TIN Certificate Request - Mekelle Steel Industry,Tax Identification Number (TIN) application for Mekelle Steel Industry to commence business operations.,issued,normal,Mekelle Steel Industry,Abebe Bekele,+251-91-1428757,contact@mekellesteelindustry.com,2025-06-19T00:23:31.955243,2025-09-05T00:23:31.955243,2025-06-19T04:23:31.955243,1.0
req_0352,tenant_040,Jimma Coffee Processing,jimma.coffee.processing@example.com,investment_permit,New Investment Permit Application - Jimma Coffee Processing,"Jimma Coffee Processing is applying for an investment permit for a new textile manufacturing facility in Hawassa Industrial Park. Expected capital investment: USD 5 million, creating 500 jobs.",issued,low,Jimma Coffee Processing,Tigist Assefa,+251-91-9672486,contact@jimmacoffeeprocessing.com,2025-01-28T00:23:31.955243,2025-10-27T00:23:31.955243,2025-01-29T18:23:31.955243,16.0
req_0353,tenant_041,Nazret Agro Processing,nazret.agro.processing@example.com,banking_services,Loan Application for Working Capital,Application for working capital loan of 5 million ETB for Nazret Agro Processing expansion project.,approved,urgent,Nazret Agro Processing,Almaz Tesfaye,+251-91-6979792,contact@nazretagroprocessing.com,2025-08-13T00:23:31.955243,2025-12-20T00:23:31.955243,2025-08-14T02:23:31.955243,4.0
req_0354,tenant_001,Adama Food Processing,adama.food.processing@example.com,business_license,Business License Renewal for Adama Food Processing,Request to renew business operating license for Adama Food Processing. Previous license expires next month. All compliance documents attached.,issued,normal,Adama Food Processing,Tigist Assefa,+251-91-4794399,contact@adamafoodprocessing.com,2025-03-07T00:23:31.955243,2025-12-28T00:23:31.955243,2025-03-08T15:23:31.955243,9.0
req_0355,tenant_019,Bole Lemi Garment Factory,bole.lemi.garment.factory@example.com,banking_services,Loan Application for Working Capital,Application for working capital loan of 5 million ETB for Bole Lemi Garment Factory expansion project.,rejected,urgent,Bole Lemi Garment Factory,Solomon Haile,+251-91-4892420,contact@bolelemigarmentfactory.com,2025-03-07T00:23:31.955243,2025-11-18T00:23:31.955243,2025-03-08T03:23:31.955243,
req_0356,tenant_040,Addis Manufacturing PLC,addis.manufacturing.plc@example.com,customs_clearance,Import Clearance - Machinery and Equipment,Import clearance for 50 tons of raw textile materials. Bill of lading no: BL-73289.,rejected,urgent,Addis Manufacturing PLC,Abebe Bekele,+251-91-3898834,contact@addismanufacturingplc.com,2025-11-07T00:23:31.955243,2025-11-29T00:23:31.955243,2025-11-07T03:23:31.955243,
req_0357,tenant_049,Addis Manufacturing PLC,addis.manufacturing.plc@example.com,banking_services,Loan Application for Working Capital,Application for working capital loan of 5 million ETB for Addis Manufacturing PLC expansion project.,rejected,high,Addis Manufacturing PLC,Yohannes Gebre,+251-91-6985850,contact@addismanufacturingplc.com,2025-10-12T00:23:31.955243,2025-10-15T00:23:31.955243,2025-10-13T12:23:31.955243,
req_0358,tenant_039,Kombolcha Industrial Park Ltd,kombolcha.industrial.park.ltd@example.com,commercial_registration,Commercial Registration - Kombolcha Industrial Park Ltd,Kombolcha Industrial Park Ltd requires commercial registration certificate for newly established manufacturing entity. Registered capital: 10 million ETB.,rejected,urgent,Kombolcha Industrial Park Ltd,Yohannes Gebre,+251-91-5299687,contact@kombolchaindustrialparkltd.com,2025-07-20T00:23:31.955243,2025-08-19T00:23:31.955243,2025-07-20T06:23:31.955243,
req_0359,tenant_012,Jimma Coffee Processing,jimma.coffee.processing@example.com,customs_exemption,Customs Duty Exemption for Raw Materials,Request for customs duty exemption on imported industrial machinery valued at USD 2 million as per investment permit.,approved,normal,Jimma Coffee Processing,Abebe Bekele,+251-91-2480686,contact@jimmacoffeeprocessing.com,2025-08-06T00:23:31.955243,2025-11-13T00:23:31.955243,2025-08-06T15:23:31.955243,14.0
req_0360,tenant_030,Gondar Ceramics Industry,gondar.ceramics.industry@example.com,notarization,MoU Notarization Service,Notarization required for Memorandum of Understanding between shareholders of Gondar Ceramics Industry.,issued,high,Gondar Ceramics Industry,Abebe Bekele,+251-91-6520061,contact@gondarceramicsindustry.com,2025-08-20T00:23:31.955243,2025-10-17T00:23:31.955243,2025-08-20T23:23:31.955243,1.0
req_0361,tenant_038,Gondar Ceramics Industry,gondar.ceramics.industry@example.com,notarization,MoU Notarization Service,Notarization required for Memorandum of Understanding between shareholders of Gondar Ceramics Industry.,issued,normal,Gondar Ceramics Industry,Solomon Haile,+251-91-5080534,contact@gondarceramicsindustry.com,2025-09-17T00:23:31.955243,2025-10-10T00:23:31.955243,2025-09-19T00:23:31.955243,1.0
req_0362,tenant_045,Nazret Agro Processing,nazret.agro.processing@example.com,agreements,Partnership Agreement between Nazret Agro Processing and IPDC,Processing partnership agreement between Nazret Agro Processing and IPDC for land lease and utility services.,rejected,normal,Nazret Agro Processing,Tigist Assefa,+251-91-9094488,contact@nazretagroprocessing.com,2025-05-02T00:23:31.955243,2025-07-23T00:23:31.955243,2025-05-02T12:23:31.955243,
req_0363,tenant_003,Mekelle Steel Industry,mekelle.steel.industry@example.com,work_permit,Work Permit Application for Foreign Employee,Application for work permit for Mr. Zhang Wei (Chinese national) as Production Manager at Mekelle Steel Industry. 2-year contract. CV and employment contract attached.,rejected,high,Mekelle Steel Industry,Abebe Bekele,+251-91-5613122,contact@mekellesteelindustry.com,2025-08-12T00:23:31.955243,2025-08-30T00:23:31.955243,2025-08-12T06:23:31.955243,
req_0364,tenant_035,Nazret Agro Processing,nazret.agro.processing@example.com,tin_issuance,TIN Certificate Request - Nazret Agro Processing,Tax Identification Number (TIN) application for Nazret Agro Processing to commence business operations.,rejected,low,Nazret Agro Processing,Yohannes Gebre,+251-91-4770564,contact@nazretagroprocessing.com,2025-09-16T00:23:31.955243,2025-09-20T00:23:31.955243,2025-09-17T14:23:31.955243,
req_0365,tenant_002,Kombolcha Industrial Park Ltd,kombolcha.industrial.park.ltd@example.com,tin_issuance,TIN Certificate Request - Kombolcha Industrial Park Ltd,Tax Identification Number (TIN) application for Kombolcha Industrial Park Ltd to commence business operations.,rejected,normal,Kombolcha Industrial Park Ltd,Abebe Bekele,+251-91-2702111,contact@kombolchaindustrialparkltd.com,2025-03-15T00:23:31.955243,2025-06-29T00:23:31.955243,2025-03-16T18:23:31.955243,
req_0366,tenant_024,Adama Food Processing,adama.food.processing@example.com,banking_services,Loan Application for Working Capital,Application for working capital loan of 5 million ETB for Adama Food Processing expansion project.,approved,urgent,Adama Food Processing,Abebe Bekele,+251-91-9267895,contact@adamafoodprocessing.com,2025-08-08T00:23:31.955243,2025-08-19T00:23:31.955243,2025-08-09T16:23:31.955243,4.0
req_0367,tenant_009,Jimma Coffee Processing,jimma.coffee.processing@example.com,tin_issuance,TIN Certificate Request - Jimma Coffee Processing,Tax Identification Number (TIN) application for Jimma Coffee Processing to commence business operations.,rejected,normal,Jimma Coffee Processing,Solomon Haile,+251-91-2896772,contact@jimmacoffeeprocessing.com,2025-05-21T00:23:31.955243,2025-08-01T00:23:31.955243,2025-05-22T12:23:31.955243,
req_0368,tenant_035,Mekelle Steel Industry,mekelle.steel.industry@example.com,work_permit,Work Permit Application for Foreign Employee,Application for work permit for Mr. Zhang Wei (Chinese national) as Production Manager at Mekelle Steel Industry. 2-year contract. CV and employment contract attached.,approved,urgent,Mekelle Steel Industry,Almaz Tesfaye,+251-91-7686442,contact@mekellesteelindustry.com,2025-06-02T00:23:31.955243,2025-12-20T00:23:31.955243,2025-06-02T08:23:31.955243,8.0
req_0369,tenant_037,Addis Manufacturing PLC,addis.manufacturing.plc@example.com,investment_permit,New Investment Permit Application - Addis Manufacturing PLC,"Addis Manufacturing PLC is applying for an investment permit for a new textile manufacturing facility in Hawassa Industrial Park. Expected capital investment: USD 5 million, creating 500 jobs.",issued,high,Addis Manufacturing PLC,Tigist Assefa,+251-91-8106047,contact@addismanufacturingplc.com,2025-07-01T00:23:31.955243,2025-12-30T00:23:31.955243,2025-07-02T15:23:31.955243,12.0
req_0370,tenant_028,Dire Dawa Leather Factory,dire.dawa.leather.factory@example.com,investment_permit,New Investment Permit Application - Dire Dawa Leather Factory,"Dire Dawa Leather Factory is applying for an investment permit for a new textile manufacturing facility in Hawassa Industrial Park. Expected capital investment: USD 5 million, creating 500 jobs.",issued,normal,Dire Dawa Leather Factory,Abebe Bekele,+251-91-1914764,contact@diredawaleatherfactory.com,2025-07-09T00:23:31.955243,2025-08-27T00:23:31.955243,2025-07-10T13:23:31.955243,12.0
req_0371,tenant_015,Kombolcha Industrial Park Ltd,kombolcha.industrial.park.ltd@example.com,commercial_registration,Commercial Registration - Kombolcha Industrial Park Ltd,Kombolcha Industrial Park Ltd requires commercial registration certificate for newly established manufacturing entity. Registered capital: 10 million ETB.,issued,normal,Kombolcha Industrial Park Ltd,Tigist Assefa,+251-91-4512884,contact@kombolchaindustrialparkltd.com,2025-03-04T00:23:31.955243,2025-10-09T00:23:31.955243,2025-03-05T08:23:31.955243,7.0
req_0372,tenant_035,Adama Food Processing,adama.food.processing@example.com,notarization,MoU Notarization Service,Notarization required for Memorandum of Understanding between shareholders of Adama Food Processing.,issued,high,Adama Food Processing,Solomon Haile,+251-91-7182740,contact@adamafoodprocessing.com,2025-03-21T00:23:31.955243,2025-11-04T00:23:31.955243,2025-03-22T12:23:31.955243,1.0
req_0373,tenant_039,Dire Dawa Leather Factory,dire.dawa.leather.factory@example.com,tin_issuance,TIN Certificate Request - Dire Dawa Leather Factory,Tax Identification Number (TIN) application for Dire Dawa Leather Factory to commence business operations.,approved,normal,Dire Dawa Leather Factory,Yohannes Gebre,+251-91-2988090,contact@diredawaleatherfactory.com,2025-02-21T00:23:31.955243,2025-08-18T00:23:31.955243,2025-02-21T23:23:31.955243,1.0
req_0374,tenant_045,Bole Lemi Garment Factory,bole.lemi.garment.factory@example.com,investment_permit,New Investment Permit Application - Bole Lemi Garment Factory,"Bole Lemi Garment Factory is applying for an investment permit for a new textile manufacturing facility in Hawassa Industrial Park. Expected capital investment: USD 5 million, creating 500 jobs.",rejected,normal,Bole Lemi Garment Factory,Yohannes Gebre,+251-91-2195564,contact@bolelemigarmentfactory.com,2025-02-24T00:23:31.955243,2025-12-01T00:23:31.955243,2025-02-25T07:23:31.955243,
req_0375,tenant_001,Kombolcha Industrial Park Ltd,kombolcha.industrial.park.ltd@example.com,trade_name_registration,Trade Name Registration - Kombolcha Manufacturing,Registration of trade name 'Kombolcha Industries' for manufacturing and export business.,approved,normal,Kombolcha Industrial Park Ltd,Abebe Bekele,+251-91-7185953,contact@kombolchaindustrialparkltd.com,2025-11-20T00:23:31.955243,2025-12-26T00:23:31.955243,2025-11-20T14:23:31.955243,1.0
req_0376,tenant_026,Mekelle Steel Industry,mekelle.steel.industry@example.com,agreements,Partnership Agreement between Mekelle Steel Industry and IPDC,Processing partnership agreement between Mekelle Steel Industry and IPDC for land lease and utility services.,approved,low,Mekelle Steel Industry,Almaz Tesfaye,+251-91-7264486,contact@mekellesteelindustry.com,2025-02-03T00:23:31.955243,2025-04-04T00:23:31.955243,2025-02-03T11:23:31.955243,7.0
req_0377,tenant_048,Kombolcha Industrial Park Ltd,kombolcha.industrial.park.ltd@example.com,commercial_registration,Commercial Registration - Kombolcha Industrial Park Ltd,Kombolcha Industrial Park Ltd requires commercial registration certificate for newly established manufacturing entity. Registered capital: 10 million ETB.,approved,normal,Kombolcha Industrial Park Ltd,Solomon Haile,+251-91-3091604,contact@kombolchaindustrialparkltd.com,2025-12-27T00:23:31.955243,2026-01-06T00:23:31.955243,2025-12-28T13:23:31.955243,6.0
req_0378,tenant_045,Dessie Textile Mills,dessie.textile.mills@example.com,trade_name_registration,Trade Name Registration - Dessie Manufacturing,Registration of trade name 'Dessie Industries' for manufacturing and export business.,approved,low,Dessie Textile Mills,Tigist Assefa,+251-91-6856422,contact@dessietextilemills.com,2025-04-07T00:23:31.955243,2025-04-07T00:23:31.955243,2025-04-08T07:23:31.955243,1.0
req_0379,tenant_018,Bole Lemi Garment Factory,bole.lemi.garment.factory@example.com,trade_name_registration,Trade Name Registration - Bole Manufacturing,Registration of trade name 'Bole Industries' for manufacturing and export business.,approved,normal,Bole Lemi Garment Factory,Tigist Assefa,+251-91-5938355,contact@bolelemigarmentfactory.com,2025-03-21T00:23:31.955243,2025-05-16T00:23:31.955243,2025-03-21T12:23:31.955243,3.0
req_0380,tenant_022,Dessie Textile Mills,dessie.textile.mills@example.com,investment_permit,New Investment Permit Application - Dessie Textile Mills,"Dessie Textile Mills is applying for an investment permit for a new textile manufacturing facility in Hawassa Industrial Park. Expected capital investment: USD 5 million, creating 500 jobs.",issued,high,Dessie Textile Mills,Abebe Bekele,+251-91-8450563,contact@dessietextilemills.com,2025-09-10T00:23:31.955243,2025-12-02T00:23:31.955243,2025-09-10T22:23:31.955243,15.0
req_0381,tenant_045,Nazret Agro Processing,nazret.agro.processing@example.com,work_permit,Work Permit Application for Foreign Employee,Application for work permit for Mr. Zhang Wei (Chinese national) as Production Manager at Nazret Agro Processing. 2-year contract. CV and employment contract attached.,rejected,high,Nazret Agro Processing,Yohannes Gebre,+251-91-7192564,contact@nazretagroprocessing.com,2025-02-26T00:23:31.955243,2025-08-13T00:23:31.955243,2025-02-27T22:23:31.955243,
req_0382,tenant_044,Addis Manufacturing PLC,addis.manufacturing.plc@example.com,commercial_registration,Commercial Registration - Addis Manufacturing PLC,Addis Manufacturing PLC requires commercial registration certificate for newly established manufacturing entity. Registered capital: 10 million ETB.,issued,normal,Addis Manufacturing PLC,Almaz Tesfaye,+251-91-5859391,contact@addismanufacturingplc.com,2025-09-06T00:23:31.955243,2025-09-09T00:23:31.955243,2025-09-06T20:23:31.955243,6.0
req_0383,tenant_048,Kombolcha Industrial Park Ltd,kombolcha.industrial.park.ltd@example.com,banking_services,Loan Application for Working Capital,Application for working capital loan of 5 million ETB for Kombolcha Industrial Park Ltd expansion project.,rejected,high,Kombolcha Industrial Park Ltd,Tigist Assefa,+251-91-3923805,contact@kombolchaindustrialparkltd.com,2025-04-29T00:23:31.955243,2025-11-17T00:23:31.955243,2025-04-30T04:23:31.955243,
req_0384,tenant_047,Nazret Agro Processing,nazret.agro.processing@example.com,customs_clearance,Import Clearance - Machinery and Equipment,Import clearance for 50 tons of raw textile materials. Bill of lading no: BL-33328.,rejected,normal,Nazret Agro Processing,Solomon Haile,+251-91-4891881,contact@nazretagroprocessing.com,2025-10-06T00:23:31.955243,2025-12-12T00:23:31.955243,2025-10-06T08:23:31.955243,
req_0385,tenant_021,Mekelle Steel Industry,mekelle.steel.industry@example.com,tin_issuance,TIN Certificate Request - Mekelle Steel Industry,Tax Identification Number (TIN) application for Mekelle Steel Industry to commence business operations.,submitted,high,Mekelle Steel Industry,Tigist Assefa,+251-91-9065833,contact@mekellesteelindustry.com,2026-01-08T00:23:31.955243,2026-01-10T00:23:31.955243,2026-01-08T14:23:31.955243,
req_0386,tenant_025,Bole Lemi Garment Factory,bole.lemi.garment.factory@example.com,tin_issuance,TIN Certificate Request - Bole Lemi Garment Factory,Tax Identification Number (TIN) application for Bole Lemi Garment Factory to commence business operations.,issued,normal,Bole Lemi Garment Factory,Solomon Haile,+251-91-9118280,contact@bolelemigarmentfactory.com,2025-03-06T00:23:31.955243,2025-05-22T00:23:31.955243,2025-03-07T22:23:31.955243,1.0
req_0387,tenant_030,Hawassa Textile Industry,hawassa.textile.industry@example.com,business_license,Business License Renewal for Hawassa Textile Industry,Request to renew business operating license for Hawassa Textile Industry. Previous license expires next month. All compliance documents attached.,approved,normal,Hawassa Textile Industry,Tigist Assefa,+251-91-7549827,contact@hawassatextileindustry.com,2025-11-05T00:23:31.955243,2026-01-10T00:23:31.955243,2025-11-05T01:23:31.955243,8.0
req_0388,tenant_027,Mekelle Steel Industry,mekelle.steel.industry@example.com,commercial_registration,Commercial Registration - Mekelle Steel Industry,Mekelle Steel Industry requires commercial registration certificate for newly established manufacturing entity. Registered capital: 10 million ETB.,rejected,normal,Mekelle Steel Industry,Yohannes Gebre,+251-91-6494072,contact@mekellesteelindustry.com,2025-03-13T00:23:31.955243,2025-06-26T00:23:31.955243,2025-03-13T15:23:31.955243,
req_0389,tenant_028,Bole Lemi Garment Factory,bole.lemi.garment.factory@example.com,trade_name_registration,Trade Name Registration - Bole Manufacturing,Registration of trade name 'Bole Industries' for manufacturing and export business.,approved,normal,Bole Lemi Garment Factory,Solomon Haile,+251-91-6133425,contact@bolelemigarmentfactory.com,2025-07-27T00:23:31.955243,2025-10-20T00:23:31.955243,2025-07-27T18:23:31.955243,1.0
req_0390,tenant_049,Nazret Agro Processing,nazret.agro.processing@example.com,commercial_registration,Commercial Registration - Nazret Agro Processing,Nazret Agro Processing requires commercial registration certificate for newly established manufacturing entity. Registered capital: 10 million ETB.,approved,high,Nazret Agro Processing,Almaz Tesfaye,+251-91-9717296,contact@nazretagroprocessing.com,2025-03-05T00:23:31.955243,2025-03-10T00:23:31.955243,2025-03-06T04:23:31.955243,5.0
req_0391,tenant_039,Dessie Textile Mills,dessie.textile.mills@example.com,agreements,Partnership Agreement between Dessie Textile Mills and IPDC,Processing partnership agreement between Dessie Textile Mills and IPDC for land lease and utility services.,issued,normal,Dessie Textile Mills,Solomon Haile,+251-91-9943846,contact@dessietextilemills.com,2025-04-03T00:23:31.955243,2025-04-12T00:23:31.955243,2025-04-03T23:23:31.955243,6.0
req_0392,tenant_023,Kombolcha Industrial Park Ltd,kombolcha.industrial.park.ltd@example.com,commercial_registration,Commercial Registration - Kombolcha Industrial Park Ltd,Kombolcha Industrial Park Ltd requires commercial registration certificate for newly established manufacturing entity. Registered capital: 10 million ETB.,issued,normal,Kombolcha Industrial Park Ltd,Yohannes Gebre,+251-91-7755960,contact@kombolchaindustrialparkltd.com,2025-11-21T00:23:31.955243,2025-12-27T00:23:31.955243,2025-11-22T03:23:31.955243,7.0
req_0393,tenant_024,Dessie Textile Mills,dessie.textile.mills@example.com,customs_clearance,Import Clearance - Machinery and Equipment,Import clearance for 50 tons of raw textile materials. Bill of lading no: BL-66449.,approved,high,Dessie Textile Mills,Abebe Bekele,+251-91-3810283,contact@dessietextilemills.com,2025-08-18T00:23:31.955243,2025-12-18T00:23:31.955243,2025-08-18T05:23:31.955243,5.0
req_0394,tenant_011,Kombolcha Industrial Park Ltd,kombolcha.industrial.park.ltd@example.com,investment_permit,New Investment Permit Application - Kombolcha Industrial Park Ltd,"Kombolcha Industrial Park Ltd is applying for an investment permit for a new textile manufacturing facility in Hawassa Industrial Park. Expected capital investment: USD 5 million, creating 500 jobs.",approved,normal,Kombolcha Industrial Park Ltd,Yohannes Gebre,+251-91-9756488,contact@kombolchaindustrialparkltd.com,2025-07-21T00:23:31.955243,2025-10-26T00:23:31.955243,2025-07-23T00:23:31.955243,13.0
req_0395,tenant_048,Jimma Coffee Processing,jimma.coffee.processing@example.com,banking_services,Loan Application for Working Capital,Application for working capital loan of 5 million ETB for Jimma Coffee Processing expansion project.,issued,urgent,Jimma Coffee Processing,Almaz Tesfaye,+251-91-2193167,contact@jimmacoffeeprocessing.com,2025-07-12T00:23:31.955243,2025-09-10T00:23:31.955243,2025-07-12T23:23:31.955243,3.0
req_0396,tenant_008,Dire Dawa Leather Factory,dire.dawa.leather.factory@example.com,notarization,MoU Notarization Service,Notarization required for Memorandum of Understanding between shareholders of Dire Dawa Leather Factory.,issued,normal,Dire Dawa Leather Factory,Yohannes Gebre,+251-91-7802766,contact@diredawaleatherfactory.com,2025-08-27T00:23:31.955243,2025-10-25T00:23:31.955243,2025-08-27T22:23:31.955243,1.0
req_0397,tenant_044,Dire Dawa Leather Factory,dire.dawa.leather.factory@example.com,banking_services,Loan Application for Working Capital,Application for working capital loan of 5 million ETB for Dire Dawa Leather Factory expansion project.,issued,high,Dire Dawa Leather Factory,Almaz Tesfaye,+251-91-3873613,contact@diredawaleatherfactory.com,2025-11-29T00:23:31.955243,2025-12-05T00:23:31.955243,2025-11-30T04:23:31.955243,8.0
req_0398,tenant_024,Bole Lemi Garment Factory,bole.lemi.garment.factory@example.com,tin_issuance,TIN Certificate Request - Bole Lemi Garment Factory,Tax Identification Number (TIN) application for Bole Lemi Garment Factory to commence business operations.,issued,normal,Bole Lemi Garment Factory,Yohannes Gebre,+251-91-1304728,contact@bolelemigarmentfactory.com,2025-04-21T00:23:31.955243,2025-12-24T00:23:31.955243,2025-04-22T13:23:31.955243,1.0
req_0399,tenant_024,Gondar Ceramics Industry,gondar.ceramics.industry@example.com,work_permit,Work Permit Application for Foreign Employee,Application for work permit for Mr. Zhang Wei (Chinese national) as Production Manager at Gondar Ceramics Industry. 2-year contract. CV and employment contract attached.,issued,normal,Gondar Ceramics Industry,Almaz Tesfaye,+251-91-6245789,contact@gondarceramicsindustry.com,2025-10-07T00:23:31.955243,2025-11-14T00:23:31.955243,2025-10-08T19:23:31.955243,23.0
req_0400,tenant_040,Bahir Dar Pharmaceutical PLC,bahir.dar.pharmaceutical.plc@example.com,customs_clearance,Import Clearance - Machinery and Equipment,Import clearance for 50 tons of raw textile materials. Bill of lading no: BL-25848.,issued,low,Bahir Dar Pharmaceutical PLC,Yohannes Gebre,+251-91-5773756,contact@bahirdarpharmaceuticalplc.com,2025-05-20T00:23:31.955243,2025-07-20T00:23:31.955243,2025-05-21T08:23:31.955243,6.0
req_0401,tenant_041,Jimma Coffee Processing,jimma.coffee.processing@example.com,tin_issuance,TIN Certificate Request - Jimma Coffee Processing,Tax Identification Number (TIN) application for Jimma Coffee Processing to commence business operations.,under_review,normal,Jimma Coffee Processing,Tigist Assefa,+251-91-7946206,contact@jimmacoffeeprocessing.com,2025-12-22T00:23:31.955243,2025-12-31T00:23:31.955243,2025-12-22T06:23:31.955243,
req_0402,tenant_021,Bahir Dar Pharmaceutical PLC,bahir.dar.pharmaceutical.plc@example.com,agreements,Partnership Agreement between Bahir Dar Pharmaceutical PLC and IPDC,Processing partnership agreement between Bahir Dar Pharmaceutical PLC and IPDC for land lease and utility services.,rejected,low,Bahir Dar Pharmaceutical PLC,Almaz Tesfaye,+251-91-1715359,contact@bahirdarpharmaceuticalplc.com,2025-04-11T00:23:31.955243,2025-05-20T00:23:31.955243,2025-04-12T09:23:31.955243,
req_0403,tenant_030,Dessie Textile Mills,dessie.textile.mills@example.com,work_permit,Work Permit Application for Foreign Employee,Application for work permit for Mr. Zhang Wei (Chinese national) as Production Manager at Dessie Textile Mills. 2-year contract. CV and employment contract attached.,rejected,high,Dessie Textile Mills,Solomon Haile,+251-91-6838946,contact@dessietextilemills.com,2025-12-11T00:23:31.955243,2026-01-06T00:23:31.955243,2025-12-12T17:23:31.955243,
req_0404,tenant_045,Bahir Dar Pharmaceutical PLC,bahir.dar.pharmaceutical.plc@example.com,customs_exemption,Customs Duty Exemption for Raw Materials,Request for customs duty exemption on imported industrial machinery valued at USD 2 million as per investment permit.,rejected,high,Bahir Dar Pharmaceutical PLC,Abebe Bekele,+251-91-9618138,contact@bahirdarpharmaceuticalplc.com,2025-10-19T00:23:31.955243,2025-12-16T00:23:31.955243,2025-10-19T04:23:31.955243,
req_0405,tenant_026,Mekelle Steel Industry,mekelle.steel.industry@example.com,work_permit,Work Permit Application for Foreign Employee,Application for work permit for Mr. Zhang Wei (Chinese national) as Production Manager at Mekelle Steel Industry. 2-year contract. CV and employment contract attached.,approved,high,Mekelle Steel Industry,Yohannes Gebre,+251-91-2717743,contact@mekellesteelindustry.com,2025-01-21T00:23:31.955243,2025-12-06T00:23:31.955243,2025-01-22T14:23:31.955243,25.0
req_0406,tenant_046,Gondar Ceramics Industry,gondar.ceramics.industry@example.com,business_license,Business License Renewal for Gondar Ceramics Industry,Request to renew business operating license for Gondar Ceramics Industry. Previous license expires next month. All compliance documents attached.,approved,normal,Gondar Ceramics Industry,Almaz Tesfaye,+251-91-8533566,contact@gondarceramicsindustry.com,2025-02-03T00:23:31.955243,2025-09-16T00:23:31.955243,2025-02-04T10:23:31.955243,9.0
req_0407,tenant_040,Nazret Agro Processing,nazret.agro.processing@example.com,customs_clearance,Import Clearance - Machinery and Equipment,Import clearance for 50 tons of raw textile materials. Bill of lading no: BL-60537.,issued,high,Nazret Agro Processing,Abebe Bekele,+251-91-4703803,contact@nazretagroprocessing.com,2025-10-19T00:23:31.955243,2025-11-21T00:23:31.955243,2025-10-19T02:23:31.955243,4.0
req_0408,tenant_021,Kombolcha Industrial Park Ltd,kombolcha.industrial.park.ltd@example.com,trade_name_registration,Trade Name Registration - Kombolcha Manufacturing,Registration of trade name 'Kombolcha Industries' for manufacturing and export business.,approved,high,Kombolcha Industrial Park Ltd,Abebe Bekele,+251-91-8104086,contact@kombolchaindustrialparkltd.com,2025-08-11T00:23:31.955243,2025-12-05T00:23:31.955243,2025-08-12T20:23:31.955243,3.0
req_0409,tenant_001,Adama Food Processing,adama.food.processing@example.com,business_license,Business License Renewal for Adama Food Processing,Request to renew business operating license for Adama Food Processing. Previous license expires next month. All compliance documents attached.,rejected,normal,Adama Food Processing,Tigist Assefa,+251-91-2630922,contact@adamafoodprocessing.com,2025-04-05T00:23:31.955243,2025-12-10T00:23:31.955243,2025-04-05T17:23:31.955243,
req_0410,tenant_049,Hawassa Textile Industry,hawassa.textile.industry@example.com,investment_permit,New Investment Permit Application - Hawassa Textile Industry,"Hawassa Textile Industry is applying for an investment permit for a new textile manufacturing facility in Hawassa Industrial Park. Expected capital investment: USD 5 million, creating 500 jobs.",rejected,normal,Hawassa Textile Industry,Abebe Bekele,+251-91-8284764,contact@hawassatextileindustry.com,2025-02-15T00:23:31.955243,2025-12-14T00:23:31.955243,2025-02-15T03:23:31.955243,
req_0411,tenant_049,Bole Lemi Garment Factory,bole.lemi.garment.factory@example.com,trade_name_registration,Trade Name Registration - Bole Manufacturing,Registration of trade name 'Bole Industries' for manufacturing and export business.,pending_documents,normal,Bole Lemi Garment Factory,Tigist Assefa,+251-91-2887294,contact@bolelemigarmentfactory.com,2025-12-28T00:23:31.955243,2026-01-01T00:23:31.955243,2025-12-29T01:23:31.955243,
req_0412,tenant_027,Dessie Textile Mills,dessie.textile.mills@example.com,customs_exemption,Customs Duty Exemption for Raw Materials,Request for customs duty exemption on imported industrial machinery valued at USD 2 million as per investment permit.,rejected,normal,Dessie Textile Mills,Solomon Haile,+251-91-9115402,contact@dessietextilemills.com,2025-10-16T00:23:31.955243,2025-11-19T00:23:31.955243,2025-10-16T12:23:31.955243,
req_0413,tenant_008,Kombolcha Industrial Park Ltd,kombolcha.industrial.park.ltd@example.com,tin_issuance,TIN Certificate Request - Kombolcha Industrial Park Ltd,Tax Identification Number (TIN) application for Kombolcha Industrial Park Ltd to commence business operations.,issued,normal,Kombolcha Industrial Park Ltd,Tigist Assefa,+251-91-9446506,contact@kombolchaindustrialparkltd.com,2025-03-18T00:23:31.955243,2026-01-05T00:23:31.955243,2025-03-19T11:23:31.955243,2.0
req_0414,tenant_030,Adama Food Processing,adama.food.processing@example.com,banking_services,Loan Application for Working Capital,Application for working capital loan of 5 million ETB for Adama Food Processing expansion project.,issued,high,Adama Food Processing,Tigist Assefa,+251-91-1581876,contact@adamafoodprocessing.com,2025-04-19T00:23:31.955243,2025-10-22T00:23:31.955243,2025-04-19T20:23:31.955243,5.0
req_0415,tenant_031,Hawassa Textile Industry,hawassa.textile.industry@example.com,work_permit,Work Permit Application for Foreign Employee,Application for work permit for Mr. Zhang Wei (Chinese national) as Production Manager at Hawassa Textile Industry. 2-year contract. CV and employment contract attached.,issued,urgent,Hawassa Textile Industry,Yohannes Gebre,+251-91-2939215,contact@hawassatextileindustry.com,2025-09-10T00:23:31.955243,2025-11-22T00:23:31.955243,2025-09-12T00:23:31.955243,11.0
req_0416,tenant_042,Hawassa Textile Industry,hawassa.textile.industry@example.com,business_license,Business License Renewal for Hawassa Textile Industry,Request to renew business operating license for Hawassa Textile Industry. Previous license expires next month. All compliance documents attached.,approved,low,Hawassa Textile Industry,Yohannes Gebre,+251-91-9546210,contact@hawassatextileindustry.com,2025-11-01T00:23:31.955243,2026-01-09T00:23:31.955243,2025-11-02T22:23:31.955243,15.0
req_0417,tenant_011,Adama Food Processing,adama.food.processing@example.com,notarization,MoU Notarization Service,Notarization required for Memorandum of Understanding between shareholders of Adama Food Processing.,issued,high,Adama Food Processing,Solomon Haile,+251-91-3644400,contact@adamafoodprocessing.com,2025-11-26T00:23:31.955243,2025-11-27T00:23:31.955243,2025-11-27T03:23:31.955243,1.0
req_0418,tenant_004,Dire Dawa Leather Factory,dire.dawa.leather.factory@example.com,customs_clearance,Import Clearance - Machinery and Equipment,Import clearance for 50 tons of raw textile materials. Bill of lading no: BL-61845.,approved,normal,Dire Dawa Leather Factory,Tigist Assefa,+251-91-7648920,contact@diredawaleatherfactory.com,2025-02-19T00:23:31.955243,2025-03-21T00:23:31.955243,2025-02-20T09:23:31.955243,6.0
req_0419,tenant_017,Hawassa Textile Industry,hawassa.textile.industry@example.com,business_license,Business License Renewal for Hawassa Textile Industry,Request to renew business operating license for Hawassa Textile Industry. Previous license expires next month. All compliance documents attached.,issued,low,Hawassa Textile Industry,Yohannes Gebre,+251-91-7240729,contact@hawassatextileindustry.com,2025-11-14T00:23:31.955243,2025-11-28T00:23:31.955243,2025-11-14T03:23:31.955243,10.0
req_0420,tenant_016,Nazret Agro Processing,nazret.agro.processing@example.com,work_permit,Work Permit Application for Foreign Employee,Application for work permit for Mr. Zhang Wei (Chinese national) as Production Manager at Nazret Agro Processing. 2-year contract. CV and employment contract attached.,approved,urgent,Nazret Agro Processing,Yohannes Gebre,+251-91-2862920,contact@nazretagroprocessing.com,2025-07-06T00:23:31.955243,2025-08-21T00:23:31.955243,2025-07-07T23:23:31.955243,7.0
req_0421,tenant_024,Mekelle Steel Industry,mekelle.steel.industry@example.com,notarization,MoU Notarization Service,Notarization required for Memorandum of Understanding between shareholders of Mekelle Steel Industry.,approved,high,Mekelle Steel Industry,Solomon Haile,+251-91-8991026,contact@mekellesteelindustry.com,2025-06-26T00:23:31.955243,2025-09-01T00:23:31.955243,2025-06-26T01:23:31.955243,1.0
req_0422,tenant_046,Hawassa Textile Industry,hawassa.textile.industry@example.com,banking_services,Loan Application for Working Capital,Application for working capital loan of 5 million ETB for Hawassa Textile Industry expansion project.,issued,normal,Hawassa Textile Industry,Tigist Assefa,+251-91-1831174,contact@hawassatextileindustry.com,2025-09-03T00:23:31.955243,2025-11-08T00:23:31.955243,2025-09-03T18:23:31.955243,6.0
req_0423,tenant_032,Dire Dawa Leather Factory,dire.dawa.leather.factory@example.com,agreements,Partnership Agreement between Dire Dawa Leather Factory and IPDC,Processing partnership agreement between Dire Dawa Leather Factory and IPDC for land lease and utility services.,issued,normal,Dire Dawa Leather Factory,Abebe Bekele,+251-91-2731426,contact@diredawaleatherfactory.com,2025-10-01T00:23:31.955243,2025-10-22T00:23:31.955243,2025-10-01T22:23:31.955243,4.0
req_0424,tenant_017,Adama Food Processing,adama.food.processing@example.com,commercial_registration,Commercial Registration - Adama Food Processing,Adama Food Processing requires commercial registration certificate for newly established manufacturing entity. Registered capital: 10 million ETB.,issued,normal,Adama Food Processing,Yohannes Gebre,+251-91-6275135,contact@adamafoodprocessing.com,2025-05-09T00:23:31.955243,2025-07-29T00:23:31.955243,2025-05-10T20:23:31.955243,7.0
req_0425,tenant_016,Hawassa Textile Industry,hawassa.textile.industry@example.com,investment_permit,New Investment Permit Application - Hawassa Textile Industry,"Hawassa Textile Industry is applying for an investment permit for a new textile manufacturing facility in Hawassa Industrial Park. Expected capital investment: USD 5 million, creating 500 jobs.",issued,normal,Hawassa Textile Industry,Yohannes Gebre,+251-91-5978350,contact@hawassatextileindustry.com,2025-03-29T00:23:31.955243,2025-07-13T00:23:31.955243,2025-03-30T17:23:31.955243,16.0
req_0426,tenant_001,Bole Lemi Garment Factory,bole.lemi.garment.factory@example.com,commercial_registration,Commercial Registration - Bole Lemi Garment Factory,Bole Lemi Garment Factory requires commercial registration certificate for newly established manufacturing entity. Registered capital: 10 million ETB.,rejected,normal,Bole Lemi Garment Factory,Almaz Tesfaye,+251-91-3042563,contact@bolelemigarmentfactory.com,2025-05-21T00:23:31.955243,2025-06-19T00:23:31.955243,2025-05-21T09:23:31.955243,
req_0427,tenant_049,Jimma Coffee Processing,jimma.coffee.processing@example.com,tin_issuance,TIN Certificate Request - Jimma Coffee Processing,Tax Identification Number (TIN) application for Jimma Coffee Processing to commence business operations.,approved,normal,Jimma Coffee Processing,Yohannes Gebre,+251-91-6524247,contact@jimmacoffeeprocessing.com,2025-02-01T00:23:31.955243,2025-07-30T00:23:31.955243,2025-02-02T00:23:31.955243,1.0
req_0428,tenant_005,Hawassa Textile Industry,hawassa.textile.industry@example.com,business_license,Business License Renewal for Hawassa Textile Industry,Request to renew business operating license for Hawassa Textile Industry. Previous license expires next month. All compliance documents attached.,issued,normal,Hawassa Textile Industry,Abebe Bekele,+251-91-2993621,contact@hawassatextileindustry.com,2025-08-10T00:23:31.955243,2025-10-11T00:23:31.955243,2025-08-10T09:23:31.955243,5.0
req_0429,tenant_031,Kombolcha Industrial Park Ltd,kombolcha.industrial.park.ltd@example.com,work_permit,Work Permit Application for Foreign Employee,Application for work permit for Mr. Zhang Wei (Chinese national) as Production Manager at Kombolcha Industrial Park Ltd. 2-year contract. CV and employment contract attached.,approved,urgent,Kombolcha Industrial Park Ltd,Abebe Bekele,+251-91-7399335,contact@kombolchaindustrialparkltd.com,2025-03-23T00:23:31.955243,2025-04-19T00:23:31.955243,2025-03-24T16:23:31.955243,11.0
req_0430,tenant_012,Mekelle Steel Industry,mekelle.steel.industry@example.com,customs_clearance,Import Clearance - Machinery and Equipment,Import clearance for 50 tons of raw textile materials. Bill of lading no: BL-36525.,issued,high,Mekelle Steel Industry,Abebe Bekele,+251-91-3610830,contact@mekellesteelindustry.com,2025-04-24T00:23:31.955243,2025-09-21T00:23:31.955243,2025-04-24T07:23:31.955243,5.0
req_0431,tenant_015,Bahir Dar Pharmaceutical PLC,bahir.dar.pharmaceutical.plc@example.com,customs_exemption,Customs Duty Exemption for Raw Materials,Request for customs duty exemption on imported industrial machinery valued at USD 2 million as per investment permit.,rejected,normal,Bahir Dar Pharmaceutical PLC,Abebe Bekele,+251-91-2123662,contact@bahirdarpharmaceuticalplc.com,2025-12-09T00:23:31.955243,2025-12-19T00:23:31.955243,2025-12-09T12:23:31.955243,
req_0432,tenant_038,Dessie Textile Mills,dessie.textile.mills@example.com,work_permit,Work Permit Application for Foreign Employee,Application for work permit for Mr. Zhang Wei (Chinese national) as Production Manager at Dessie Textile Mills. 2-year contract. CV and employment contract attached.,rejected,high,Dessie Textile Mills,Tigist Assefa,+251-91-8956563,contact@dessietextilemills.com,2025-08-21T00:23:31.955243,2025-11-12T00:23:31.955243,2025-08-21T02:23:31.955243,
req_0433,tenant_032,Addis Manufacturing PLC,addis.manufacturing.plc@example.com,trade_name_registration,Trade Name Registration - Addis Manufacturing,Registration of trade name 'Addis Industries' for manufacturing and export business.,rejected,normal,Addis Manufacturing PLC,Abebe Bekele,+251-91-2051549,contact@addismanufacturingplc.com,2025-07-23T00:23:31.955243,2025-09-27T00:23:31.955243,2025-07-25T00:23:31.955243,
req_0434,tenant_002,Addis Manufacturing PLC,addis.manufacturing.plc@example.com,agreements,Partnership Agreement between Addis Manufacturing PLC and IPDC,Processing partnership agreement between Addis Manufacturing PLC and IPDC for land lease and utility services.,issued,low,Addis Manufacturing PLC,Tigist Assefa,+251-91-4813288,contact@addismanufacturingplc.com,2025-08-09T00:23:31.955243,2026-01-07T00:23:31.955243,2025-08-10T03:23:31.955243,4.0
req_0435,tenant_009,Adama Food Processing,adama.food.processing@example.com,banking_services,Loan Application for Working Capital,Application for working capital loan of 5 million ETB for Adama Food Processing expansion project.,rejected,urgent,Adama Food Processing,Yohannes Gebre,+251-91-3645640,contact@adamafoodprocessing.com,2025-07-22T00:23:31.955243,2025-08-08T00:23:31.955243,2025-07-23T11:23:31.955243,
req_0436,tenant_009,Dessie Textile Mills,dessie.textile.mills@example.com,customs_clearance,Import Clearance - Machinery and Equipment,Import clearance for 50 tons of raw textile materials. Bill of lading no: BL-15658.,approved,urgent,Dessie Textile Mills,Almaz Tesfaye,+251-91-6460982,contact@dessietextilemills.com,2025-10-20T00:23:31.955243,2025-10-28T00:23:31.955243,2025-10-21T17:23:31.955243,3.0
req_0437,tenant_011,Adama Food Processing,adama.food.processing@example.com,notarization,MoU Notarization Service,Notarization required for Memorandum of Understanding between shareholders of Adama Food Processing.,approved,high,Adama Food Processing,Solomon Haile,+251-91-3264901,contact@adamafoodprocessing.com,2025-11-25T00:23:31.955243,2025-12-19T00:23:31.955243,2025-11-26T17:23:31.955243,1.0
req_0438,tenant_009,Mekelle Steel Industry,mekelle.steel.industry@example.com,commercial_registration,Commercial Registration - Mekelle Steel Industry,Mekelle Steel Industry requires commercial registration certificate for newly established manufacturing entity. Registered capital: 10 million ETB.,approved,low,Mekelle Steel Industry,Yohannes Gebre,+251-91-4472473,contact@mekellesteelindustry.com,2025-01-10T00:23:31.955243,2025-11-14T00:23:31.955243,2025-01-10T16:23:31.955243,10.0
req_0439,tenant_001,Bole Lemi Garment Factory,bole.lemi.garment.factory@example.com,banking_services,Loan Application for Working Capital,Application for working capital loan of 5 million ETB for Bole Lemi Garment Factory expansion project.,rejected,urgent,Bole Lemi Garment Factory,Tigist Assefa,+251-91-4304300,contact@bolelemigarmentfactory.com,2025-06-05T00:23:31.955243,2025-12-27T00:23:31.955243,2025-06-06T09:23:31.955243,
req_0440,tenant_044,Dire Dawa Leather Factory,dire.dawa.leather.factory@example.com,work_permit,Work Permit Application for Foreign Employee,Application for work permit for Mr. Zhang Wei (Chinese national) as Production Manager at Dire Dawa Leather Factory. 2-year contract. CV and employment contract attached.,approved,low,Dire Dawa Leather Factory,Yohannes Gebre,+251-91-9921853,contact@diredawaleatherfactory.com,2025-09-20T00:23:31.955243,2025-10-14T00:23:31.955243,2025-09-22T00:23:31.955243,25.0
req_0441,tenant_045,Gondar Ceramics Industry,gondar.ceramics.industry@example.com,agreements,Partnership Agreement between Gondar Ceramics Industry and IPDC,Processing partnership agreement between Gondar Ceramics Industry and IPDC for land lease and utility services.,rejected,urgent,Gondar Ceramics Industry,Solomon Haile,+251-91-6377650,contact@gondarceramicsindustry.com,2025-09-15T00:23:31.955243,2025-10-19T00:23:31.955243,2025-09-16T05:23:31.955243,
req_0442,tenant_020,Mekelle Steel Industry,mekelle.steel.industry@example.com,business_license,Business License Renewal for Mekelle Steel Industry,Request to renew business operating license for Mekelle Steel Industry. Previous license expires next month. All compliance documents attached.,rejected,low,Mekelle Steel Industry,Abebe Bekele,+251-91-5100977,contact@mekellesteelindustry.com,2025-07-07T00:23:31.955243,2026-01-06T00:23:31.955243,2025-07-07T17:23:31.955243,
req_0443,tenant_008,Dire Dawa Leather Factory,dire.dawa.leather.factory@example.com,work_permit,Work Permit Application for Foreign Employee,Application for work permit for Mr. Zhang Wei (Chinese national) as Production Manager at Dire Dawa Leather Factory. 2-year contract. CV and employment contract attached.,pending_documents,high,Dire Dawa Leather Factory,Yohannes Gebre,+251-91-3750990,contact@diredawaleatherfactory.com,2025-12-15T00:23:31.955243,2025-12-18T00:23:31.955243,2025-12-15T02:23:31.955243,
req_0444,tenant_012,Hawassa Textile Industry,hawassa.textile.industry@example.com,agreements,Partnership Agreement between Hawassa Textile Industry and IPDC,Processing partnership agreement between Hawassa Textile Industry and IPDC for land lease and utility services.,rejected,urgent,Hawassa Textile Industry,Abebe Bekele,+251-91-1164666,contact@hawassatextileindustry.com,2025-08-27T00:23:31.955243,2025-12-28T00:23:31.955243,2025-08-27T12:23:31.955243,
req_0445,tenant_043,Kombolcha Industrial Park Ltd,kombolcha.industrial.park.ltd@example.com,business_license,Business License Renewal for Kombolcha Industrial Park Ltd,Request to renew business operating license for Kombolcha Industrial Park Ltd. Previous license expires next month. All compliance documents attached.,approved,high,Kombolcha Industrial Park Ltd,Abebe Bekele,+251-91-8238928,contact@kombolchaindustrialparkltd.com,2025-03-13T00:23:31.955243,2025-11-29T00:23:31.955243,2025-03-13T09:23:31.955243,8.0
req_0446,tenant_043,Adama Food Processing,adama.food.processing@example.com,business_license,Business License Renewal for Adama Food Processing,Request to renew business operating license for Adama Food Processing. Previous license expires next month. All compliance documents attached.,issued,normal,Adama Food Processing,Solomon Haile,+251-91-9305816,contact@adamafoodprocessing.com,2025-07-29T00:23:31.955243,2025-09-30T00:23:31.955243,2025-07-30T04:23:31.955243,5.0
req_0447,tenant_047,Bole Lemi Garment Factory,bole.lemi.garment.factory@example.com,investment_permit,New Investment Permit Application - Bole Lemi Garment Factory,"Bole Lemi Garment Factory is applying for an investment permit for a new textile manufacturing facility in Hawassa Industrial Park. Expected capital investment: USD 5 million, creating 500 jobs.",rejected,low,Bole Lemi Garment Factory,Yohannes Gebre,+251-91-1795143,contact@bolelemigarmentfactory.com,2025-11-12T00:23:31.955243,2025-12-24T00:23:31.955243,2025-11-13T15:23:31.955243,
req_0448,tenant_016,Nazret Agro Processing,nazret.agro.processing@example.com,commercial_registration,Commercial Registration - Nazret Agro Processing,Nazret Agro Processing requires commercial registration certificate for newly established manufacturing entity. Registered capital: 10 million ETB.,issued,normal,Nazret Agro Processing,Abebe Bekele,+251-91-4527054,contact@nazretagroprocessing.com,2025-06-19T00:23:31.955243,2025-12-30T00:23:31.955243,2025-06-20T20:23:31.955243,3.0
req_0449,tenant_048,Adama Food Processing,adama.food.processing@example.com,customs_clearance,Import Clearance - Machinery and Equipment,Import clearance for 50 tons of raw textile materials. Bill of lading no: BL-80758.,issued,high,Adama Food Processing,Almaz Tesfaye,+251-91-8170172,contact@adamafoodprocessing.com,2025-03-24T00:23:31.955243,2025-09-21T00:23:31.955243,2025-03-24T23:23:31.955243,3.0
req_0450,tenant_023,Dire Dawa Leather Factory,dire.dawa.leather.factory@example.com,trade_name_registration,Trade Name Registration - Dire Manufacturing,Registration of trade name 'Dire Industries' for manufacturing and export business.,rejected,urgent,Dire Dawa Leather Factory,Yohannes Gebre,+251-91-4528938,contact@diredawaleatherfactory.com,2025-05-25T00:23:31.955243,2025-09-13T00:23:31.955243,2025-05-25T19:23:31.955243,
req_0451,tenant_046,Bahir Dar Pharmaceutical PLC,bahir.dar.pharmaceutical.plc@example.com,tin_issuance,TIN Certificate Request - Bahir Dar Pharmaceutical PLC,Tax Identification Number (TIN) application for Bahir Dar Pharmaceutical PLC to commence business operations.,rejected,normal,Bahir Dar Pharmaceutical PLC,Solomon Haile,+251-91-8882734,contact@bahirdarpharmaceuticalplc.com,2025-08-11T00:23:31.955243,2025-10-13T00:23:31.955243,2025-08-11T12:23:31.955243,
req_0452,tenant_030,Kombolcha Industrial Park Ltd,kombolcha.industrial.park.ltd@example.com,investment_permit,New Investment Permit Application - Kombolcha Industrial Park Ltd,"Kombolcha Industrial Park Ltd is applying for an investment permit for a new textile manufacturing facility in Hawassa Industrial Park. Expected capital investment: USD 5 million, creating 500 jobs.",rejected,high,Kombolcha Industrial Park Ltd,Yohannes Gebre,+251-91-8752143,contact@kombolchaindustrialparkltd.com,2025-07-27T00:23:31.955243,2025-08-17T00:23:31.955243,2025-07-28T15:23:31.955243,
req_0453,tenant_010,Gondar Ceramics Industry,gondar.ceramics.industry@example.com,notarization,MoU Notarization Service,Notarization required for Memorandum of Understanding between shareholders of Gondar Ceramics Industry.,approved,normal,Gondar Ceramics Industry,Almaz Tesfaye,+251-91-1831603,contact@gondarceramicsindustry.com,2025-10-10T00:23:31.955243,2025-12-28T00:23:31.955243,2025-10-12T00:23:31.955243,1.0
req_0454,tenant_015,Jimma Coffee Processing,jimma.coffee.processing@example.com,trade_name_registration,Trade Name Registration - Jimma Manufacturing,Registration of trade name 'Jimma Industries' for manufacturing and export business.,issued,normal,Jimma Coffee Processing,Yohannes Gebre,+251-91-9517915,contact@jimmacoffeeprocessing.com,2025-08-31T00:23:31.955243,2025-09-21T00:23:31.955243,2025-09-01T07:23:31.955243,1.0
req_0455,tenant_035,Hawassa Textile Industry,hawassa.textile.industry@example.com,customs_exemption,Customs Duty Exemption for Raw Materials,Request for customs duty exemption on imported industrial machinery valued at USD 2 million as per investment permit.,issued,low,Hawassa Textile Industry,Tigist Assefa,+251-91-1217384,contact@hawassatextileindustry.com,2025-01-31T00:23:31.955243,2025-12-14T00:23:31.955243,2025-02-01T05:23:31.955243,15.0
req_0456,tenant_026,Dessie Textile Mills,dessie.textile.mills@example.com,investment_permit,New Investment Permit Application - Dessie Textile Mills,"Dessie Textile Mills is applying for an investment permit for a new textile manufacturing facility in Hawassa Industrial Park. Expected capital investment: USD 5 million, creating 500 jobs.",rejected,low,Dessie Textile Mills,Yohannes Gebre,+251-91-2099814,contact@dessietextilemills.com,2025-05-08T00:23:31.955243,2025-05-19T00:23:31.955243,2025-05-09T08:23:31.955243,
req_0457,tenant_044,Gondar Ceramics Industry,gondar.ceramics.industry@example.com,work_permit,Work Permit Application for Foreign Employee,Application for work permit for Mr. Zhang Wei (Chinese national) as Production Manager at Gondar Ceramics Industry. 2-year contract. CV and employment contract attached.,issued,urgent,Gondar Ceramics Industry,Almaz Tesfaye,+251-91-9522961,contact@gondarceramicsindustry.com,2025-11-16T00:23:31.955243,2025-12-05T00:23:31.955243,2025-11-16T03:23:31.955243,8.0
req_0458,tenant_018,Adama Food Processing,adama.food.processing@example.com,banking_services,Loan Application for Working Capital,Application for working capital loan of 5 million ETB for Adama Food Processing expansion project.,approved,high,Adama Food Processing,Almaz Tesfaye,+251-91-1588103,contact@adamafoodprocessing.com,2025-02-16T00:23:31.955243,2025-06-02T00:23:31.955243,2025-02-17T09:23:31.955243,6.0
req_0459,tenant_038,Addis Manufacturing PLC,addis.manufacturing.plc@example.com,business_license,Business License Renewal for Addis Manufacturing PLC,Request to renew business operating license for Addis Manufacturing PLC. Previous license expires next month. All compliance documents attached.,approved,low,Addis Manufacturing PLC,Abebe Bekele,+251-91-4076358,contact@addismanufacturingplc.com,2025-06-30T00:23:31.955243,2026-01-03T00:23:31.955243,2025-06-30T10:23:31.955243,10.0
req_0460,tenant_033,Hawassa Textile Industry,hawassa.textile.industry@example.com,banking_services,Loan Application for Working Capital,Application for working capital loan of 5 million ETB for Hawassa Textile Industry expansion project.,approved,urgent,Hawassa Textile Industry,Almaz Tesfaye,+251-91-2738354,contact@hawassatextileindustry.com,2025-09-08T00:23:31.955243,2025-12-26T00:23:31.955243,2025-09-08T03:23:31.955243,3.0
req_0461,tenant_030,Kombolcha Industrial Park Ltd,kombolcha.industrial.park.ltd@example.com,business_license,Business License Renewal for Kombolcha Industrial Park Ltd,Request to renew business operating license for Kombolcha Industrial Park Ltd. Previous license expires next month. All compliance documents attached.,rejected,low,Kombolcha Industrial Park Ltd,Yohannes Gebre,+251-91-6168979,contact@kombolchaindustrialparkltd.com,2025-02-05T00:23:31.955243,2025-08-19T00:23:31.955243,2025-02-05T11:23:31.955243,
req_0462,tenant_029,Bahir Dar Pharmaceutical PLC,bahir.dar.pharmaceutical.plc@example.com,customs_clearance,Import Clearance - Machinery and Equipment,Import clearance for 50 tons of raw textile materials. Bill of lading no: BL-31501.,rejected,high,Bahir Dar Pharmaceutical PLC,Yohannes Gebre,+251-91-2798831,contact@bahirdarpharmaceuticalplc.com,2025-04-10T00:23:31.955243,2025-04-13T00:23:31.955243,2025-04-10T13:23:31.955243,
req_0463,tenant_037,Dessie Textile Mills,dessie.textile.mills@example.com,customs_clearance,Import Clearance - Machinery and Equipment,Import clearance for 50 tons of raw textile materials. Bill of lading no: BL-23052.,issued,high,Dessie Textile Mills,Solomon Haile,+251-91-7302567,contact@dessietextilemills.com,2025-07-19T00:23:31.955243,2025-09-16T00:23:31.955243,2025-07-20T17:23:31.955243,6.0
req_0464,tenant_028,Adama Food Processing,adama.food.processing@example.com,work_permit,Work Permit Application for Foreign Employee,Application for work permit for Mr. Zhang Wei (Chinese national) as Production Manager at Adama Food Processing. 2-year contract. CV and employment contract attached.,rejected,high,Adama Food Processing,Abebe Bekele,+251-91-7700383,contact@adamafoodprocessing.com,2025-05-05T00:23:31.955243,2025-11-29T00:23:31.955243,2025-05-06T18:23:31.955243,
req_0465,tenant_020,Adama Food Processing,adama.food.processing@example.com,customs_clearance,Import Clearance - Machinery and Equipment,Import clearance for 50 tons of raw textile materials. Bill of lading no: BL-89509.,rejected,high,Adama Food Processing,Yohannes Gebre,+251-91-9732349,contact@adamafoodprocessing.com,2025-04-06T00:23:31.955243,2025-04-26T00:23:31.955243,2025-04-07T20:23:31.955243,
req_0466,tenant_038,Addis Manufacturing PLC,addis.manufacturing.plc@example.com,notarization,MoU Notarization Service,Notarization required for Memorandum of Understanding between shareholders of Addis Manufacturing PLC.,issued,normal,Addis Manufacturing PLC,Tigist Assefa,+251-91-8776419,contact@addismanufacturingplc.com,2025-08-21T00:23:31.955243,2025-12-16T00:23:31.955243,2025-08-21T04:23:31.955243,1.0
req_0467,tenant_003,Mekelle Steel Industry,mekelle.steel.industry@example.com,commercial_registration,Commercial Registration - Mekelle Steel Industry,Mekelle Steel Industry requires commercial registration certificate for newly established manufacturing entity. Registered capital: 10 million ETB.,rejected,normal,Mekelle Steel Industry,Yohannes Gebre,+251-91-2453035,contact@mekellesteelindustry.com,2025-05-24T00:23:31.955243,2025-08-09T00:23:31.955243,2025-05-25T17:23:31.955243,
req_0468,tenant_022,Gondar Ceramics Industry,gondar.ceramics.industry@example.com,investment_permit,New Investment Permit Application - Gondar Ceramics Industry,"Gondar Ceramics Industry is applying for an investment permit for a new textile manufacturing facility in Hawassa Industrial Park. Expected capital investment: USD 5 million, creating 500 jobs.",rejected,high,Gondar Ceramics Industry,Solomon Haile,+251-91-4853241,contact@gondarceramicsindustry.com,2025-09-15T00:23:31.955243,2025-12-16T00:23:31.955243,2025-09-16T23:23:31.955243,
req_0469,tenant_017,Bole Lemi Garment Factory,bole.lemi.garment.factory@example.com,customs_exemption,Customs Duty Exemption for Raw Materials,Request for customs duty exemption on imported industrial machinery valued at USD 2 million as per investment permit.,rejected,low,Bole Lemi Garment Factory,Solomon Haile,+251-91-6591777,contact@bolelemigarmentfactory.com,2025-04-25T00:23:31.955243,2025-06-07T00:23:31.955243,2025-04-25T18:23:31.955243,
req_0470,tenant_010,Dire Dawa Leather Factory,dire.dawa.leather.factory@example.com,customs_clearance,Import Clearance - Machinery and Equipment,Import clearance for 50 tons of raw textile materials. Bill of lading no: BL-85689.,issued,urgent,Dire Dawa Leather Factory,Yohannes Gebre,+251-91-6153721,contact@diredawaleatherfactory.com,2025-11-23T00:23:31.955243,2025-11-25T00:23:31.955243,2025-11-24T11:23:31.955243,2.0
req_0471,tenant_046,Kombolcha Industrial Park Ltd,kombolcha.industrial.park.ltd@example.com,business_license,Business License Renewal for Kombolcha Industrial Park Ltd,Request to renew business operating license for Kombolcha Industrial Park Ltd. Previous license expires next month. All compliance documents attached.,issued,normal,Kombolcha Industrial Park Ltd,Solomon Haile,+251-91-9961276,contact@kombolchaindustrialparkltd.com,2025-06-03T00:23:31.955243,2025-10-23T00:23:31.955243,2025-06-03T18:23:31.955243,7.0
req_0472,tenant_001,Dessie Textile Mills,dessie.textile.mills@example.com,banking_services,Loan Application for Working Capital,Application for working capital loan of 5 million ETB for Dessie Textile Mills expansion project.,rejected,urgent,Dessie Textile Mills,Almaz Tesfaye,+251-91-8945458,contact@dessietextilemills.com,2025-06-22T00:23:31.955243,2025-06-30T00:23:31.955243,2025-06-23T08:23:31.955243,
req_0473,tenant_015,Bole Lemi Garment Factory,bole.lemi.garment.factory@example.com,tin_issuance,TIN Certificate Request - Bole Lemi Garment Factory,Tax Identification Number (TIN) application for Bole Lemi Garment Factory to commence business operations.,issued,low,Bole Lemi Garment Factory,Abebe Bekele,+251-91-9461946,contact@bolelemigarmentfactory.com,2025-09-01T00:23:31.955243,2025-10-21T00:23:31.955243,2025-09-01T01:23:31.955243,1.0
req_0474,tenant_036,Adama Food Processing,adama.food.processing@example.com,banking_services,Loan Application for Working Capital,Application for working capital loan of 5 million ETB for Adama Food Processing expansion project.,rejected,urgent,Adama Food Processing,Solomon Haile,+251-91-9603183,contact@adamafoodprocessing.com,2025-12-03T00:23:31.955243,2025-12-04T00:23:31.955243,2025-12-03T18:23:31.955243,
req_0475,tenant_008,Jimma Coffee Processing,jimma.coffee.processing@example.com,agreements,Partnership Agreement between Jimma Coffee Processing and IPDC,Processing partnership agreement between Jimma Coffee Processing and IPDC for land lease and utility services.,approved,high,Jimma Coffee Processing,Abebe Bekele,+251-91-3204978,contact@jimmacoffeeprocessing.com,2025-01-16T00:23:31.955243,2025-07-22T00:23:31.955243,2025-01-17T23:23:31.955243,3.0
req_0476,tenant_004,Addis Manufacturing PLC,addis.manufacturing.plc@example.com,agreements,Partnership Agreement between Addis Manufacturing PLC and IPDC,Processing partnership agreement between Addis Manufacturing PLC and IPDC for land lease and utility services.,under_review,normal,Addis Manufacturing PLC,Almaz Tesfaye,+251-91-7186141,contact@addismanufacturingplc.com,2025-12-15T00:23:31.955243,2026-01-03T00:23:31.955243,2025-12-15T05:23:31.955243,
req_0477,tenant_032,Bole Lemi Garment Factory,bole.lemi.garment.factory@example.com,agreements,Partnership Agreement between Bole Lemi Garment Factory and IPDC,Processing partnership agreement between Bole Lemi Garment Factory and IPDC for land lease and utility services.,issued,high,Bole Lemi Garment Factory,Tigist Assefa,+251-91-4387148,contact@bolelemigarmentfactory.com,2025-08-29T00:23:31.955243,2025-09-06T00:23:31.955243,2025-08-30T18:23:31.955243,6.0
req_0478,tenant_003,Gondar Ceramics Industry,gondar.ceramics.industry@example.com,banking_services,Loan Application for Working Capital,Application for working capital loan of 5 million ETB for Gondar Ceramics Industry expansion project.,rejected,urgent,Gondar Ceramics Industry,Almaz Tesfaye,+251-91-9329518,contact@gondarceramicsindustry.com,2025-05-01T00:23:31.955243,2025-05-14T00:23:31.955243,2025-05-01T22:23:31.955243,
req_0479,tenant_023,Bahir Dar Pharmaceutical PLC,bahir.dar.pharmaceutical.plc@example.com,customs_clearance,Import Clearance - Machinery and Equipment,Import clearance for 50 tons of raw textile materials. Bill of lading no: BL-54124.,issued,normal,Bahir Dar Pharmaceutical PLC,Yohannes Gebre,+251-91-6325823,contact@bahirdarpharmaceuticalplc.com,2025-09-28T00:23:31.955243,2025-12-21T00:23:31.955243,2025-09-29T21:23:31.955243,6.0
req_0480,tenant_018,Bahir Dar Pharmaceutical PLC,bahir.dar.pharmaceutical.plc@example.com,commercial_registration,Commercial Registration - Bahir Dar Pharmaceutical PLC,Bahir Dar Pharmaceutical PLC requires commercial registration certificate for newly established manufacturing entity. Registered capital: 10 million ETB.,rejected,normal,Bahir Dar Pharmaceutical PLC,Abebe Bekele,+251-91-4631620,contact@bahirdarpharmaceuticalplc.com,2025-07-19T00:23:31.955243,2025-11-15T00:23:31.955243,2025-07-19T18:23:31.955243,
req_0481,tenant_016,Bahir Dar Pharmaceutical PLC,bahir.dar.pharmaceutical.plc@example.com,agreements,Partnership Agreement between Bahir Dar Pharmaceutical PLC and IPDC,Processing partnership agreement between Bahir Dar Pharmaceutical PLC and IPDC for land lease and utility services.,approved,normal,Bahir Dar Pharmaceutical PLC,Yohannes Gebre,+251-91-3176934,contact@bahirdarpharmaceuticalplc.com,2025-09-07T00:23:31.955243,2026-01-09T00:23:31.955243,2025-09-08T05:23:31.955243,4.0
req_0482,tenant_013,Dire Dawa Leather Factory,dire.dawa.leather.factory@example.com,investment_permit,New Investment Permit Application - Dire Dawa Leather Factory,"Dire Dawa Leather Factory is applying for an investment permit for a new textile manufacturing facility in Hawassa Industrial Park. Expected capital investment: USD 5 million, creating 500 jobs.",issued,normal,Dire Dawa Leather Factory,Almaz Tesfaye,+251-91-3339987,contact@diredawaleatherfactory.com,2025-04-18T00:23:31.955243,2025-12-22T00:23:31.955243,2025-04-19T02:23:31.955243,13.0
req_0483,tenant_046,Hawassa Textile Industry,hawassa.textile.industry@example.com,business_license,Business License Renewal for Hawassa Textile Industry,Request to renew business operating license for Hawassa Textile Industry. Previous license expires next month. All compliance documents attached.,rejected,low,Hawassa Textile Industry,Almaz Tesfaye,+251-91-1256382,contact@hawassatextileindustry.com,2025-07-30T00:23:31.955243,2025-11-27T00:23:31.955243,2025-07-31T18:23:31.955243,
req_0484,tenant_035,Hawassa Textile Industry,hawassa.textile.industry@example.com,banking_services,Loan Application for Working Capital,Application for working capital loan of 5 million ETB for Hawassa Textile Industry expansion project.,issued,urgent,Hawassa Textile Industry,Yohannes Gebre,+251-91-6603777,contact@hawassatextileindustry.com,2025-09-28T00:23:31.955243,2025-12-28T00:23:31.955243,2025-09-29T19:23:31.955243,5.0
req_0485,tenant_036,Jimma Coffee Processing,jimma.coffee.processing@example.com,business_license,Business License Renewal for Jimma Coffee Processing,Request to renew business operating license for Jimma Coffee Processing. Previous license expires next month. All compliance documents attached.,approved,high,Jimma Coffee Processing,Solomon Haile,+251-91-4960559,contact@jimmacoffeeprocessing.com,2025-10-12T00:23:31.955243,2025-11-17T00:23:31.955243,2025-10-13T00:23:31.955243,8.0
req_0486,tenant_009,Bole Lemi Garment Factory,bole.lemi.garment.factory@example.com,business_license,Business License Renewal for Bole Lemi Garment Factory,Request to renew business operating license for Bole Lemi Garment Factory. Previous license expires next month. All compliance documents attached.,approved,normal,Bole Lemi Garment Factory,Almaz Tesfaye,+251-91-2518583,contact@bolelemigarmentfactory.com,2025-04-01T00:23:31.955243,2025-06-17T00:23:31.955243,2025-04-02T23:23:31.955243,6.0
req_0487,tenant_023,Bahir Dar Pharmaceutical PLC,bahir.dar.pharmaceutical.plc@example.com,agreements,Partnership Agreement between Bahir Dar Pharmaceutical PLC and IPDC,Processing partnership agreement between Bahir Dar Pharmaceutical PLC and IPDC for land lease and utility services.,issued,high,Bahir Dar Pharmaceutical PLC,Almaz Tesfaye,+251-91-4605607,contact@bahirdarpharmaceuticalplc.com,2025-08-14T00:23:31.955243,2025-09-01T00:23:31.955243,2025-08-15T03:23:31.955243,7.0
req_0488,tenant_042,Jimma Coffee Processing,jimma.coffee.processing@example.com,banking_services,Loan Application for Working Capital,Application for working capital loan of 5 million ETB for Jimma Coffee Processing expansion project.,approved,high,Jimma Coffee Processing,Tigist Assefa,+251-91-5093935,contact@jimmacoffeeprocessing.com,2025-11-05T00:23:31.955243,2025-12-18T00:23:31.955243,2025-11-06T03:23:31.955243,10.0
req_0489,tenant_044,Bole Lemi Garment Factory,bole.lemi.garment.factory@example.com,agreements,Partnership Agreement between Bole Lemi Garment Factory and IPDC,Processing partnership agreement between Bole Lemi Garment Factory and IPDC for land lease and utility services.,rejected,high,Bole Lemi Garment Factory,Yohannes Gebre,+251-91-2224401,contact@bolelemigarmentfactory.com,2025-03-11T00:23:31.955243,2025-08-21T00:23:31.955243,2025-03-11T08:23:31.955243,
req_0490,tenant_001,Mekelle Steel Industry,mekelle.steel.industry@example.com,commercial_registration,Commercial Registration - Mekelle Steel Industry,Mekelle Steel Industry requires commercial registration certificate for newly established manufacturing entity. Registered capital: 10 million ETB.,issued,normal,Mekelle Steel Industry,Yohannes Gebre,+251-91-7680187,contact@mekellesteelindustry.com,2025-04-16T00:23:31.955243,2025-12-29T00:23:31.955243,2025-04-17T19:23:31.955243,4.0
req_0491,tenant_021,Bahir Dar Pharmaceutical PLC,bahir.dar.pharmaceutical.plc@example.com,tin_issuance,TIN Certificate Request - Bahir Dar Pharmaceutical PLC,Tax Identification Number (TIN) application for Bahir Dar Pharmaceutical PLC to commence business operations.,approved,high,Bahir Dar Pharmaceutical PLC,Yohannes Gebre,+251-91-5590105,contact@bahirdarpharmaceuticalplc.com,2025-03-19T00:23:31.955243,2025-08-02T00:23:31.955243,2025-03-19T17:23:31.955243,2.0
req_0492,tenant_010,Mekelle Steel Industry,mekelle.steel.industry@example.com,trade_name_registration,Trade Name Registration - Mekelle Manufacturing,Registration of trade name 'Mekelle Industries' for manufacturing and export business.,approved,high,Mekelle Steel Industry,Tigist Assefa,+251-91-9154244,contact@mekellesteelindustry.com,2025-11-15T00:23:31.955243,2026-01-01T00:23:31.955243,2025-11-15T09:23:31.955243,3.0
req_0493,tenant_021,Dire Dawa Leather Factory,dire.dawa.leather.factory@example.com,business_license,Business License Renewal for Dire Dawa Leather Factory,Request to renew business operating license for Dire Dawa Leather Factory. Previous license expires next month. All compliance documents attached.,rejected,normal,Dire Dawa Leather Factory,Yohannes Gebre,+251-91-6616787,contact@diredawaleatherfactory.com,2025-07-12T00:23:31.955243,2025-12-07T00:23:31.955243,2025-07-13T03:23:31.955243,
req_0494,tenant_015,Gondar Ceramics Industry,gondar.ceramics.industry@example.com,banking_services,Loan Application for Working Capital,Application for working capital loan of 5 million ETB for Gondar Ceramics Industry expansion project.,issued,high,Gondar Ceramics Industry,Abebe Bekele,+251-91-8817880,contact@gondarceramicsindustry.com,2025-10-14T00:23:31.955243,2025-11-29T00:23:31.955243,2025-10-14T21:23:31.955243,5.0
req_0495,tenant_024,Bahir Dar Pharmaceutical PLC,bahir.dar.pharmaceutical.plc@example.com,agreements,Partnership Agreement between Bahir Dar Pharmaceutical PLC and IPDC,Processing partnership agreement between Bahir Dar Pharmaceutical PLC and IPDC for land lease and utility services.,approved,low,Bahir Dar Pharmaceutical PLC,Yohannes Gebre,+251-91-1467708,contact@bahirdarpharmaceuticalplc.com,2025-07-23T00:23:31.955243,2025-08-27T00:23:31.955243,2025-07-23T16:23:31.955243,6.0
req_0496,tenant_003,Addis Manufacturing PLC,addis.manufacturing.plc@example.com,trade_name_registration,Trade Name Registration - Addis Manufacturing,Registration of trade name 'Addis Industries' for manufacturing and export business.,rejected,low,Addis Manufacturing PLC,Abebe Bekele,+251-91-7461102,contact@addismanufacturingplc.com,2025-07-05T00:23:31.955243,2025-07-11T00:23:31.955243,2025-07-05T20:23:31.955243,
req_0497,tenant_017,Kombolcha Industrial Park Ltd,kombolcha.industrial.park.ltd@example.com,agreements,Partnership Agreement between Kombolcha Industrial Park Ltd and IPDC,Processing partnership agreement between Kombolcha Industrial Park Ltd and IPDC for land lease and utility services.,rejected,normal,Kombolcha Industrial Park Ltd,Solomon Haile,+251-91-2929504,contact@kombolchaindustrialparkltd.com,2025-09-29T00:23:31.955243,2025-11-14T00:23:31.955243,2025-09-30T12:23:31.955243,
req_0498,tenant_006,Bahir Dar Pharmaceutical PLC,bahir.dar.pharmaceutical.plc@example.com,investment_permit,New Investment Permit Application - Bahir Dar Pharmaceutical PLC,"Bahir Dar Pharmaceutical PLC is applying for an investment permit for a new textile manufacturing facility in Hawassa Industrial Park. Expected capital investment: USD 5 million, creating 500 jobs.",rejected,normal,Bahir Dar Pharmaceutical PLC,Abebe Bekele,+251-91-9016510,contact@bahirdarpharmaceuticalplc.com,2025-02-15T00:23:31.955243,2025-07-10T00:23:31.955243,2025-02-15T19:23:31.955243,
req_0499,tenant_017,Bahir Dar Pharmaceutical PLC,bahir.dar.pharmaceutical.plc@example.com,banking_services,Loan Application for Working Capital,Application for working capital loan of 5 million ETB for Bahir Dar Pharmaceutical PLC expansion project.,issued,high,Bahir Dar Pharmaceutical PLC,Yohannes Gebre,+251-91-5551546,contact@bahirdarpharmaceuticalplc.com,2025-04-15T00:23:31.955243,2025-05-21T00:23:31.955243,2025-04-15T06:23:31.955243,9.0
req_0500,tenant_011,Adama Food Processing,adama.food.processing@example.com,tin_issuance,TIN Certificate Request - Adama Food Processing,Tax Identification Number (TIN) application for Adama Food Processing to commence business operations.,rejected,high,Adama Food Processing,Abebe Bekele,+251-91-5079864,contact@adamafoodprocessing.com,2025-09-17T00:23:31.955243,2025-12-27T00:23:31.955243,2025-09-17T23:23:31.955243,
req_0501,tenant_001,Jimma Coffee Processing,jimma.coffee.processing@example.com,customs_exemption,Customs Duty Exemption for Raw Materials,Request for customs duty exemption on imported industrial machinery valued at USD 2 million as per investment permit.,approved,high,Jimma Coffee Processing,Abebe Bekele,+251-91-3087074,contact@jimmacoffeeprocessing.com,2025-11-11T00:23:31.955243,2025-12-07T00:23:31.955243,2025-11-12T21:23:31.955243,10.0
req_0502,tenant_041,Bole Lemi Garment Factory,bole.lemi.garment.factory@example.com,investment_permit,New Investment Permit Application - Bole Lemi Garment Factory,"Bole Lemi Garment Factory is applying for an investment permit for a new textile manufacturing facility in Hawassa Industrial Park. Expected capital investment: USD 5 million, creating 500 jobs.",rejected,low,Bole Lemi Garment Factory,Yohannes Gebre,+251-91-2356152,contact@bolelemigarmentfactory.com,2025-07-20T00:23:31.955243,2025-12-16T00:23:31.955243,2025-07-21T04:23:31.955243,
req_0503,tenant_024,Bahir Dar Pharmaceutical PLC,bahir.dar.pharmaceutical.plc@example.com,banking_services,Loan Application for Working Capital,Application for working capital loan of 5 million ETB for Bahir Dar Pharmaceutical PLC expansion project.,approved,low,Bahir Dar Pharmaceutical PLC,Tigist Assefa,+251-91-9565358,contact@bahirdarpharmaceuticalplc.com,2025-10-18T00:23:31.955243,2025-11-13T00:23:31.955243,2025-10-18T08:23:31.955243,15.0
req_0504,tenant_023,Kombolcha Industrial Park Ltd,kombolcha.industrial.park.ltd@example.com,work_permit,Work Permit Application for Foreign Employee,Application for work permit for Mr. Zhang Wei (Chinese national) as Production Manager at Kombolcha Industrial Park Ltd. 2-year contract. CV and employment contract attached.,approved,urgent,Kombolcha Industrial Park Ltd,Yohannes Gebre,+251-91-2656358,contact@kombolchaindustrialparkltd.com,2025-11-27T00:23:31.955243,2026-01-01T00:23:31.955243,2025-11-28T14:23:31.955243,9.0
req_0505,tenant_044,Bole Lemi Garment Factory,bole.lemi.garment.factory@example.com,investment_permit,New Investment Permit Application - Bole Lemi Garment Factory,"Bole Lemi Garment Factory is applying for an investment permit for a new textile manufacturing facility in Hawassa Industrial Park. Expected capital investment: USD 5 million, creating 500 jobs.",issued,normal,Bole Lemi Garment Factory,Almaz Tesfaye,+251-91-3510343,contact@bolelemigarmentfactory.com,2025-04-09T00:23:31.955243,2025-08-16T00:23:31.955243,2025-04-11T00:23:31.955243,18.0
req_0506,tenant_014,Adama Food Processing,adama.food.processing@example.com,investment_permit,New Investment Permit Application - Adama Food Processing,"Adama Food Processing is applying for an investment permit for a new textile manufacturing facility in Hawassa Industrial Park. Expected capital investment: USD 5 million, creating 500 jobs.",rejected,high,Adama Food Processing,Solomon Haile,+251-91-5735389,contact@adamafoodprocessing.com,2025-03-28T00:23:31.955243,2025-04-11T00:23:31.955243,2025-03-28T18:23:31.955243,
req_0507,tenant_037,Addis Manufacturing PLC,addis.manufacturing.plc@example.com,agreements,Partnership Agreement between Addis Manufacturing PLC and IPDC,Processing partnership agreement between Addis Manufacturing PLC and IPDC for land lease and utility services.,rejected,low,Addis Manufacturing PLC,Abebe Bekele,+251-91-8655914,contact@addismanufacturingplc.com,2025-05-15T00:23:31.955243,2025-07-13T00:23:31.955243,2025-05-16T00:23:31.955243,
req_0508,tenant_032,Hawassa Textile Industry,hawassa.textile.industry@example.com,customs_exemption,Customs Duty Exemption for Raw Materials,Request for customs duty exemption on imported industrial machinery valued at USD 2 million as per investment permit.,issued,low,Hawassa Textile Industry,Yohannes Gebre,+251-91-8328477,contact@hawassatextileindustry.com,2025-08-29T00:23:31.955243,2025-11-26T00:23:31.955243,2025-08-30T03:23:31.955243,10.0
req_0509,tenant_025,Adama Food Processing,adama.food.processing@example.com,customs_clearance,Import Clearance - Machinery and Equipment,Import clearance for 50 tons of raw textile materials. Bill of lading no: BL-18726.,issued,urgent,Adama Food Processing,Yohannes Gebre,+251-91-7646797,contact@adamafoodprocessing.com,2025-04-17T00:23:31.955243,2025-07-30T00:23:31.955243,2025-04-17T17:23:31.955243,3.0
req_0510,tenant_048,Hawassa Textile Industry,hawassa.textile.industry@example.com,tin_issuance,TIN Certificate Request - Hawassa Textile Industry,Tax Identification Number (TIN) application for Hawassa Textile Industry to commence business operations.,issued,normal,Hawassa Textile Industry,Almaz Tesfaye,+251-91-7160190,contact@hawassatextileindustry.com,2025-03-20T00:23:31.955243,2025-05-01T00:23:31.955243,2025-03-20T09:23:31.955243,1.0
req_0511,tenant_036,Bahir Dar Pharmaceutical PLC,bahir.dar.pharmaceutical.plc@example.com,customs_clearance,Import Clearance - Machinery and Equipment,Import clearance for 50 tons of raw textile materials. Bill of lading no: BL-42738.,approved,high,Bahir Dar Pharmaceutical PLC,Tigist Assefa,+251-91-3487001,contact@bahirdarpharmaceuticalplc.com,2025-04-01T00:23:31.955243,2025-10-10T00:23:31.955243,2025-04-01T19:23:31.955243,5.0
req_0512,tenant_041,Adama Food Processing,adama.food.processing@example.com,customs_exemption,Customs Duty Exemption for Raw Materials,Request for customs duty exemption on imported industrial machinery valued at USD 2 million as per investment permit.,rejected,high,Adama Food Processing,Solomon Haile,+251-91-5650895,contact@adamafoodprocessing.com,2025-02-03T00:23:31.955243,2025-06-06T00:23:31.955243,2025-02-03T05:23:31.955243,
req_0513,tenant_040,Mekelle Steel Industry,mekelle.steel.industry@example.com,commercial_registration,Commercial Registration - Mekelle Steel Industry,Mekelle Steel Industry requires commercial registration certificate for newly established manufacturing entity. Registered capital: 10 million ETB.,rejected,normal,Mekelle Steel Industry,Abebe Bekele,+251-91-9114097,contact@mekellesteelindustry.com,2025-03-05T00:23:31.955243,2025-04-13T00:23:31.955243,2025-03-05T06:23:31.955243,
req_0514,tenant_028,Addis Manufacturing PLC,addis.manufacturing.plc@example.com,notarization,MoU Notarization Service,Notarization required for Memorandum of Understanding between shareholders of Addis Manufacturing PLC.,issued,urgent,Addis Manufacturing PLC,Abebe Bekele,+251-91-8296568,contact@addismanufacturingplc.com,2025-06-16T00:23:31.955243,2025-06-16T00:23:31.955243,2025-06-17T05:23:31.955243,0.0
req_0515,tenant_039,Bahir Dar Pharmaceutical PLC,bahir.dar.pharmaceutical.plc@example.com,agreements,Partnership Agreement between Bahir Dar Pharmaceutical PLC and IPDC,Processing partnership agreement between Bahir Dar Pharmaceutical PLC and IPDC for land lease and utility services.,rejected,high,Bahir Dar Pharmaceutical PLC,Yohannes Gebre,+251-91-7740101,contact@bahirdarpharmaceuticalplc.com,2025-09-18T00:23:31.955243,2025-09-23T00:23:31.955243,2025-09-19T12:23:31.955243,
req_0516,tenant_045,Hawassa Textile Industry,hawassa.textile.industry@example.com,trade_name_registration,Trade Name Registration - Hawassa Manufacturing,Registration of trade name 'Hawassa Industries' for manufacturing and export business.,rejected,high,Hawassa Textile Industry,Yohannes Gebre,+251-91-9923781,contact@hawassatextileindustry.com,2025-06-27T00:23:31.955243,2025-09-04T00:23:31.955243,2025-06-27T07:23:31.955243,
req_0517,tenant_006,Dessie Textile Mills,dessie.textile.mills@example.com,business_license,Business License Renewal for Dessie Textile Mills,Request to renew business operating license for Dessie Textile Mills. Previous license expires next month. All compliance documents attached.,submitted,normal,Dessie Textile Mills,Almaz Tesfaye,+251-91-2997639,contact@dessietextilemills.com,2026-01-04T00:23:31.955243,2026-01-06T00:23:31.955243,2026-01-05T16:23:31.955243,
req_0518,tenant_020,Kombolcha Industrial Park Ltd,kombolcha.industrial.park.ltd@example.com,customs_clearance,Import Clearance - Machinery and Equipment,Import clearance for 50 tons of raw textile materials. Bill of lading no: BL-97687.,approved,urgent,Kombolcha Industrial Park Ltd,Abebe Bekele,+251-91-9034447,contact@kombolchaindustrialparkltd.com,2025-11-08T00:23:31.955243,2025-12-26T00:23:31.955243,2025-11-08T21:23:31.955243,3.0
req_0519,tenant_030,Dire Dawa Leather Factory,dire.dawa.leather.factory@example.com,commercial_registration,Commercial Registration - Dire Dawa Leather Factory,Dire Dawa Leather Factory requires commercial registration certificate for newly established manufacturing entity. Registered capital: 10 million ETB.,issued,normal,Dire Dawa Leather Factory,Yohannes Gebre,+251-91-6074307,contact@diredawaleatherfactory.com,2025-04-27T00:23:31.955243,2025-08-19T00:23:31.955243,2025-04-28T08:23:31.955243,7.0
req_0520,tenant_031,Addis Manufacturing PLC,addis.manufacturing.plc@example.com,work_permit,Work Permit Application for Foreign Employee,Application for work permit for Mr. Zhang Wei (Chinese national) as Production Manager at Addis Manufacturing PLC. 2-year contract. CV and employment contract attached.,approved,urgent,Addis Manufacturing PLC,Tigist Assefa,+251-91-3606488,contact@addismanufacturingplc.com,2025-01-24T00:23:31.955243,2025-04-18T00:23:31.955243,2025-01-25T20:23:31.955243,9.0
req_0521,tenant_030,Adama Food Processing,adama.food.processing@example.com,customs_exemption,Customs Duty Exemption for Raw Materials,Request for customs duty exemption on imported industrial machinery valued at USD 2 million as per investment permit.,issued,normal,Adama Food Processing,Tigist Assefa,+251-91-7874389,contact@adamafoodprocessing.com,2025-10-04T00:23:31.955243,2025-10-18T00:23:31.955243,2025-10-05T23:23:31.955243,11.0
req_0522,tenant_028,Hawassa Textile Industry,hawassa.textile.industry@example.com,customs_exemption,Customs Duty Exemption for Raw Materials,Request for customs duty exemption on imported industrial machinery valued at USD 2 million as per investment permit.,approved,normal,Hawassa Textile Industry,Yohannes Gebre,+251-91-1654179,contact@hawassatextileindustry.com,2025-08-02T00:23:31.955243,2025-10-25T00:23:31.955243,2025-08-02T23:23:31.955243,13.0
req_0523,tenant_013,Mekelle Steel Industry,mekelle.steel.industry@example.com,investment_permit,New Investment Permit Application - Mekelle Steel Industry,"Mekelle Steel Industry is applying for an investment permit for a new textile manufacturing facility in Hawassa Industrial Park. Expected capital investment: USD 5 million, creating 500 jobs.",approved,normal,Mekelle Steel Industry,Yohannes Gebre,+251-91-7628493,contact@mekellesteelindustry.com,2025-03-01T00:23:31.955243,2025-06-03T00:23:31.955243,2025-03-01T09:23:31.955243,20.0
req_0524,tenant_038,Mekelle Steel Industry,mekelle.steel.industry@example.com,banking_services,Loan Application for Working Capital,Application for working capital loan of 5 million ETB for Mekelle Steel Industry expansion project.,approved,normal,Mekelle Steel Industry,Abebe Bekele,+251-91-8258304,contact@mekellesteelindustry.com,2025-04-16T00:23:31.955243,2025-06-12T00:23:31.955243,2025-04-17T11:23:31.955243,8.0
req_0525,tenant_033,Bole Lemi Garment Factory,bole.lemi.garment.factory@example.com,banking_services,Loan Application for Working Capital,Application for working capital loan of 5 million ETB for Bole Lemi Garment Factory expansion project.,pending_documents,low,Bole Lemi Garment Factory,Almaz Tesfaye,+251-91-2860027,contact@bolelemigarmentfactory.com,2025-12-25T00:23:31.955243,2026-01-09T00:23:31.955243,2025-12-25T04:23:31.955243,
req_0526,tenant_017,Adama Food Processing,adama.food.processing@example.com,tin_issuance,TIN Certificate Request - Adama Food Processing,Tax Identification Number (TIN) application for Adama Food Processing to commence business operations.,rejected,high,Adama Food Processing,Almaz Tesfaye,+251-91-4578037,contact@adamafoodprocessing.com,2025-12-09T00:23:31.955243,2025-12-28T00:23:31.955243,2025-12-10T01:23:31.955243,
req_0527,tenant_032,Hawassa Textile Industry,hawassa.textile.industry@example.com,agreements,Partnership Agreement between Hawassa Textile Industry and IPDC,Processing partnership agreement between Hawassa Textile Industry and IPDC for land lease and utility services.,approved,normal,Hawassa Textile Industry,Tigist Assefa,+251-91-8401079,contact@hawassatextileindustry.com,2025-11-30T00:23:31.955243,2026-01-10T00:23:31.955243,2025-12-01T14:23:31.955243,6.0
req_0528,tenant_022,Dessie Textile Mills,dessie.textile.mills@example.com,trade_name_registration,Trade Name Registration - Dessie Manufacturing,Registration of trade name 'Dessie Industries' for manufacturing and export business.,under_review,low,Dessie Textile Mills,Solomon Haile,+251-91-3629150,contact@dessietextilemills.com,2025-12-12T00:23:31.955243,2025-12-15T00:23:31.955243,2025-12-12T23:23:31.955243,
req_0529,tenant_006,Dessie Textile Mills,dessie.textile.mills@example.com,tin_issuance,TIN Certificate Request - Dessie Textile Mills,Tax Identification Number (TIN) application for Dessie Textile Mills to commence business operations.,rejected,normal,Dessie Textile Mills,Yohannes Gebre,+251-91-7641291,contact@dessietextilemills.com,2025-08-20T00:23:31.955243,2025-08-27T00:23:31.955243,2025-08-20T12:23:31.955243,
req_0530,tenant_032,Bahir Dar Pharmaceutical PLC,bahir.dar.pharmaceutical.plc@example.com,commercial_registration,Commercial Registration - Bahir Dar Pharmaceutical PLC,Bahir Dar Pharmaceutical PLC requires commercial registration certificate for newly established manufacturing entity. Registered capital: 10 million ETB.,issued,normal,Bahir Dar Pharmaceutical PLC,Abebe Bekele,+251-91-5728441,contact@bahirdarpharmaceuticalplc.com,2025-09-12T00:23:31.955243,2025-12-12T00:23:31.955243,2025-09-12T20:23:31.955243,4.0
req_0531,tenant_012,Bahir Dar Pharmaceutical PLC,bahir.dar.pharmaceutical.plc@example.com,investment_permit,New Investment Permit Application - Bahir Dar Pharmaceutical PLC,"Bahir Dar Pharmaceutical PLC is applying for an investment permit for a new textile manufacturing facility in Hawassa Industrial Park. Expected capital investment: USD 5 million, creating 500 jobs.",approved,normal,Bahir Dar Pharmaceutical PLC,Abebe Bekele,+251-91-5392504,contact@bahirdarpharmaceuticalplc.com,2025-07-31T00:23:31.955243,2025-12-10T00:23:31.955243,2025-07-31T14:23:31.955243,15.0
req_0532,tenant_040,Jimma Coffee Processing,jimma.coffee.processing@example.com,customs_clearance,Import Clearance - Machinery and Equipment,Import clearance for 50 tons of raw textile materials. Bill of lading no: BL-59571.,issued,normal,Jimma Coffee Processing,Yohannes Gebre,+251-91-6072769,contact@jimmacoffeeprocessing.com,2025-08-31T00:23:31.955243,2025-09-04T00:23:31.955243,2025-09-01T12:23:31.955243,7.0
req_0533,tenant_036,Hawassa Textile Industry,hawassa.textile.industry@example.com,tin_issuance,TIN Certificate Request - Hawassa Textile Industry,Tax Identification Number (TIN) application for Hawassa Textile Industry to commence business operations.,rejected,high,Hawassa Textile Industry,Solomon Haile,+251-91-3324996,contact@hawassatextileindustry.com,2025-03-25T00:23:31.955243,2025-10-26T00:23:31.955243,2025-03-26T13:23:31.955243,
req_0534,tenant_010,Mekelle Steel Industry,mekelle.steel.industry@example.com,banking_services,Loan Application for Working Capital,Application for working capital loan of 5 million ETB for Mekelle Steel Industry expansion project.,approved,high,Mekelle Steel Industry,Solomon Haile,+251-91-4133134,contact@mekellesteelindustry.com,2025-03-28T00:23:31.955243,2025-04-24T00:23:31.955243,2025-03-29T07:23:31.955243,7.0
req_0535,tenant_003,Kombolcha Industrial Park Ltd,kombolcha.industrial.park.ltd@example.com,agreements,Partnership Agreement between Kombolcha Industrial Park Ltd and IPDC,Processing partnership agreement between Kombolcha Industrial Park Ltd and IPDC for land lease and utility services.,issued,high,Kombolcha Industrial Park Ltd,Abebe Bekele,+251-91-1090254,contact@kombolchaindustrialparkltd.com,2025-01-18T00:23:31.955243,2025-06-21T00:23:31.955243,2025-01-18T02:23:31.955243,7.0
req_0536,tenant_002,Gondar Ceramics Industry,gondar.ceramics.industry@example.com,trade_name_registration,Trade Name Registration - Gondar Manufacturing,Registration of trade name 'Gondar Industries' for manufacturing and export business.,approved,low,Gondar Ceramics Industry,Tigist Assefa,+251-91-9960482,contact@gondarceramicsindustry.com,2025-06-11T00:23:31.955243,2025-07-17T00:23:31.955243,2025-06-11T13:23:31.955243,3.0
req_0537,tenant_033,Gondar Ceramics Industry,gondar.ceramics.industry@example.com,work_permit,Work Permit Application for Foreign Employee,Application for work permit for Mr. Zhang Wei (Chinese national) as Production Manager at Gondar Ceramics Industry. 2-year contract. CV and employment contract attached.,rejected,normal,Gondar Ceramics Industry,Almaz Tesfaye,+251-91-5129658,contact@gondarceramicsindustry.com,2025-04-08T00:23:31.955243,2025-07-06T00:23:31.955243,2025-04-08T21:23:31.955243,
req_0538,tenant_019,Addis Manufacturing PLC,addis.manufacturing.plc@example.com,investment_permit,New Investment Permit Application - Addis Manufacturing PLC,"Addis Manufacturing PLC is applying for an investment permit for a new textile manufacturing facility in Hawassa Industrial Park. Expected capital investment: USD 5 million, creating 500 jobs.",approved,normal,Addis Manufacturing PLC,Abebe Bekele,+251-91-4385015,contact@addismanufacturingplc.com,2025-09-02T00:23:31.955243,2025-11-10T00:23:31.955243,2025-09-03T23:23:31.955243,13.0
req_0539,tenant_050,Dessie Textile Mills,dessie.textile.mills@example.com,customs_clearance,Import Clearance - Machinery and Equipment,Import clearance for 50 tons of raw textile materials. Bill of lading no: BL-18624.,approved,normal,Dessie Textile Mills,Yohannes Gebre,+251-91-7817573,contact@dessietextilemills.com,2025-07-23T00:23:31.955243,2025-11-27T00:23:31.955243,2025-07-23T17:23:31.955243,4.0
req_0540,tenant_036,Bole Lemi Garment Factory,bole.lemi.garment.factory@example.com,commercial_registration,Commercial Registration - Bole Lemi Garment Factory,Bole Lemi Garment Factory requires commercial registration certificate for newly established manufacturing entity. Registered capital: 10 million ETB.,approved,high,Bole Lemi Garment Factory,Abebe Bekele,+251-91-5343699,contact@bolelemigarmentfactory.com,2025-06-08T00:23:31.955243,2025-11-11T00:23:31.955243,2025-06-09T23:23:31.955243,3.0
req_0541,tenant_043,Dire Dawa Leather Factory,dire.dawa.leather.factory@example.com,tin_issuance,TIN Certificate Request - Dire Dawa Leather Factory,Tax Identification Number (TIN) application for Dire Dawa Leather Factory to commence business operations.,approved,low,Dire Dawa Leather Factory,Tigist Assefa,+251-91-5280111,contact@diredawaleatherfactory.com,2025-09-14T00:23:31.955243,2025-10-22T00:23:31.955243,2025-09-15T08:23:31.955243,3.0
req_0542,tenant_020,Dire Dawa Leather Factory,dire.dawa.leather.factory@example.com,notarization,MoU Notarization Service,Notarization required for Memorandum of Understanding between shareholders of Dire Dawa Leather Factory.,rejected,normal,Dire Dawa Leather Factory,Solomon Haile,+251-91-4703623,contact@diredawaleatherfactory.com,2025-04-24T00:23:31.955243,2025-12-22T00:23:31.955243,2025-04-24T06:23:31.955243,
req_0543,tenant_033,Jimma Coffee Processing,jimma.coffee.processing@example.com,tin_issuance,TIN Certificate Request - Jimma Coffee Processing,Tax Identification Number (TIN) application for Jimma Coffee Processing to commence business operations.,approved,normal,Jimma Coffee Processing,Almaz Tesfaye,+251-91-1396628,contact@jimmacoffeeprocessing.com,2025-06-29T00:23:31.955243,2025-10-10T00:23:31.955243,2025-06-29T21:23:31.955243,1.0
req_0544,tenant_027,Kombolcha Industrial Park Ltd,kombolcha.industrial.park.ltd@example.com,business_license,Business License Renewal for Kombolcha Industrial Park Ltd,Request to renew business operating license for Kombolcha Industrial Park Ltd. Previous license expires next month. All compliance documents attached.,issued,high,Kombolcha Industrial Park Ltd,Almaz Tesfaye,+251-91-4892408,contact@kombolchaindustrialparkltd.com,2025-11-29T00:23:31.955243,2026-01-07T00:23:31.955243,2025-11-30T18:23:31.955243,7.0
req_0545,tenant_027,Kombolcha Industrial Park Ltd,kombolcha.industrial.park.ltd@example.com,notarization,MoU Notarization Service,Notarization required for Memorandum of Understanding between shareholders of Kombolcha Industrial Park Ltd.,issued,high,Kombolcha Industrial Park Ltd,Abebe Bekele,+251-91-6764296,contact@kombolchaindustrialparkltd.com,2025-03-08T00:23:31.955243,2025-09-24T00:23:31.955243,2025-03-09T00:23:31.955243,1.0
req_0546,tenant_045,Hawassa Textile Industry,hawassa.textile.industry@example.com,notarization,MoU Notarization Service,Notarization required for Memorandum of Understanding between shareholders of Hawassa Textile Industry.,approved,normal,Hawassa Textile Industry,Almaz Tesfaye,+251-91-2602392,contact@hawassatextileindustry.com,2025-05-17T00:23:31.955243,2025-07-29T00:23:31.955243,2025-05-18T20:23:31.955243,1.0
req_0547,tenant_048,Adama Food Processing,adama.food.processing@example.com,commercial_registration,Commercial Registration - Adama Food Processing,Adama Food Processing requires commercial registration certificate for newly established manufacturing entity. Registered capital: 10 million ETB.,issued,low,Adama Food Processing,Almaz Tesfaye,+251-91-8529172,contact@adamafoodprocessing.com,2025-09-22T00:23:31.955243,2026-01-06T00:23:31.955243,2025-09-23T13:23:31.955243,4.0
req_0548,tenant_031,Hawassa Textile Industry,hawassa.textile.industry@example.com,notarization,MoU Notarization Service,Notarization required for Memorandum of Understanding between shareholders of Hawassa Textile Industry.,under_review,normal,Hawassa Textile Industry,Almaz Tesfaye,+251-91-8398706,contact@hawassatextileindustry.com,2025-12-26T00:23:31.955243,2025-12-28T00:23:31.955243,2025-12-26T17:23:31.955243,
req_0549,tenant_046,Jimma Coffee Processing,jimma.coffee.processing@example.com,trade_name_registration,Trade Name Registration - Jimma Manufacturing,Registration of trade name 'Jimma Industries' for manufacturing and export business.,rejected,normal,Jimma Coffee Processing,Abebe Bekele,+251-91-1899801,contact@jimmacoffeeprocessing.com,2025-03-31T00:23:31.955243,2025-04-15T00:23:31.955243,2025-03-31T06:23:31.955243,
req_0550,tenant_025,Bahir Dar Pharmaceutical PLC,bahir.dar.pharmaceutical.plc@example.com,work_permit,Work Permit Application for Foreign Employee,Application for work permit for Mr. Zhang Wei (Chinese national) as Production Manager at Bahir Dar Pharmaceutical PLC. 2-year contract. CV and employment contract attached.,rejected,urgent,Bahir Dar Pharmaceutical PLC,Solomon Haile,+251-91-5802797,contact@bahirdarpharmaceuticalplc.com,2025-08-03T00:23:31.955243,2025-10-19T00:23:31.955243,2025-08-04T01:23:31.955243,
req_0551,tenant_008,Nazret Agro Processing,nazret.agro.processing@example.com,banking_services,Loan Application for Working Capital,Application for working capital loan of 5 million ETB for Nazret Agro Processing expansion project.,approved,high,Nazret Agro Processing,Tigist Assefa,+251-91-9793284,contact@nazretagroprocessing.com,2025-12-24T00:23:31.955243,2026-01-06T00:23:31.955243,2025-12-24T16:23:31.955243,5.0
req_0552,tenant_003,Gondar Ceramics Industry,gondar.ceramics.industry@example.com,customs_exemption,Customs Duty Exemption for Raw Materials,Request for customs duty exemption on imported industrial machinery valued at USD 2 million as per investment permit.,approved,normal,Gondar Ceramics Industry,Almaz Tesfaye,+251-91-3045617,contact@gondarceramicsindustry.com,2025-04-01T00:23:31.955243,2025-12-08T00:23:31.955243,2025-04-02T06:23:31.955243,8.0
req_0553,tenant_038,Bahir Dar Pharmaceutical PLC,bahir.dar.pharmaceutical.plc@example.com,agreements,Partnership Agreement between Bahir Dar Pharmaceutical PLC and IPDC,Processing partnership agreement between Bahir Dar Pharmaceutical PLC and IPDC for land lease and utility services.,issued,normal,Bahir Dar Pharmaceutical PLC,Tigist Assefa,+251-91-4364225,contact@bahirdarpharmaceuticalplc.com,2025-05-11T00:23:31.955243,2026-01-06T00:23:31.955243,2025-05-12T20:23:31.955243,3.0
req_0554,tenant_018,Jimma Coffee Processing,jimma.coffee.processing@example.com,trade_name_registration,Trade Name Registration - Jimma Manufacturing,Registration of trade name 'Jimma Industries' for manufacturing and export business.,issued,low,Jimma Coffee Processing,Yohannes Gebre,+251-91-3029001,contact@jimmacoffeeprocessing.com,2025-05-22T00:23:31.955243,2025-11-28T00:23:31.955243,2025-05-23T12:23:31.955243,3.0
req_0555,tenant_031,Hawassa Textile Industry,hawassa.textile.industry@example.com,customs_exemption,Customs Duty Exemption for Raw Materials,Request for customs duty exemption on imported industrial machinery valued at USD 2 million as per investment permit.,rejected,normal,Hawassa Textile Industry,Yohannes Gebre,+251-91-3391447,contact@hawassatextileindustry.com,2025-08-31T00:23:31.955243,2025-10-28T00:23:31.955243,2025-08-31T17:23:31.955243,
req_0556,tenant_026,Addis Manufacturing PLC,addis.manufacturing.plc@example.com,customs_exemption,Customs Duty Exemption for Raw Materials,Request for customs duty exemption on imported industrial machinery valued at USD 2 million as per investment permit.,rejected,urgent,Addis Manufacturing PLC,Abebe Bekele,+251-91-5706051,contact@addismanufacturingplc.com,2025-02-08T00:23:31.955243,2025-12-05T00:23:31.955243,2025-02-08T16:23:31.955243,
req_0557,tenant_005,Addis Manufacturing PLC,addis.manufacturing.plc@example.com,banking_services,Loan Application for Working Capital,Application for working capital loan of 5 million ETB for Addis Manufacturing PLC expansion project.,rejected,urgent,Addis Manufacturing PLC,Abebe Bekele,+251-91-1249122,contact@addismanufacturingplc.com,2025-10-17T00:23:31.955243,2025-11-17T00:23:31.955243,2025-10-18T03:23:31.955243,
req_0558,tenant_018,Kombolcha Industrial Park Ltd,kombolcha.industrial.park.ltd@example.com,notarization,MoU Notarization Service,Notarization required for Memorandum of Understanding between shareholders of Kombolcha Industrial Park Ltd.,rejected,normal,Kombolcha Industrial Park Ltd,Almaz Tesfaye,+251-91-1043305,contact@kombolchaindustrialparkltd.com,2025-01-29T00:23:31.955243,2025-11-21T00:23:31.955243,2025-01-30T09:23:31.955243,
req_0559,tenant_036,Adama Food Processing,adama.food.processing@example.com,agreements,Partnership Agreement between Adama Food Processing and IPDC,Processing partnership agreement between Adama Food Processing and IPDC for land lease and utility services.,issued,low,Adama Food Processing,Yohannes Gebre,+251-91-1737875,contact@adamafoodprocessing.com,2025-07-02T00:23:31.955243,2025-08-23T00:23:31.955243,2025-07-02T21:23:31.955243,9.0
req_0560,tenant_041,Nazret Agro Processing,nazret.agro.processing@example.com,notarization,MoU Notarization Service,Notarization required for Memorandum of Understanding between shareholders of Nazret Agro Processing.,rejected,high,Nazret Agro Processing,Solomon Haile,+251-91-8200792,contact@nazretagroprocessing.com,2025-08-10T00:23:31.955243,2025-08-17T00:23:31.955243,2025-08-11T21:23:31.955243,
req_0561,tenant_039,Dire Dawa Leather Factory,dire.dawa.leather.factory@example.com,banking_services,Loan Application for Working Capital,Application for working capital loan of 5 million ETB for Dire Dawa Leather Factory expansion project.,under_review,urgent,Dire Dawa Leather Factory,Abebe Bekele,+251-91-5172487,contact@diredawaleatherfactory.com,2025-12-21T00:23:31.955243,2026-01-06T00:23:31.955243,2025-12-22T04:23:31.955243,
req_0562,tenant_032,Nazret Agro Processing,nazret.agro.processing@example.com,business_license,Business License Renewal for Nazret Agro Processing,Request to renew business operating license for Nazret Agro Processing. Previous license expires next month. All compliance documents attached.,issued,normal,Nazret Agro Processing,Yohannes Gebre,+251-91-5294194,contact@nazretagroprocessing.com,2025-02-08T00:23:31.955243,2025-02-18T00:23:31.955243,2025-02-09T04:23:31.955243,6.0
req_0563,tenant_015,Bahir Dar Pharmaceutical PLC,bahir.dar.pharmaceutical.plc@example.com,notarization,MoU Notarization Service,Notarization required for Memorandum of Understanding between shareholders of Bahir Dar Pharmaceutical PLC.,approved,normal,Bahir Dar Pharmaceutical PLC,Yohannes Gebre,+251-91-7691802,contact@bahirdarpharmaceuticalplc.com,2025-06-24T00:23:31.955243,2025-07-28T00:23:31.955243,2025-06-25T20:23:31.955243,1.0
req_0564,tenant_029,Jimma Coffee Processing,jimma.coffee.processing@example.com,work_permit,Work Permit Application for Foreign Employee,Application for work permit for Mr. Zhang Wei (Chinese national) as Production Manager at Jimma Coffee Processing. 2-year contract. CV and employment contract attached.,issued,high,Jimma Coffee Processing,Solomon Haile,+251-91-5801901,contact@jimmacoffeeprocessing.com,2025-07-25T00:23:31.955243,2025-11-27T00:23:31.955243,2025-07-26T19:23:31.955243,22.0
req_0565,tenant_047,Hawassa Textile Industry,hawassa.textile.industry@example.com,work_permit,Work Permit Application for Foreign Employee,Application for work permit for Mr. Zhang Wei (Chinese national) as Production Manager at Hawassa Textile Industry. 2-year contract. CV and employment contract attached.,issued,high,Hawassa Textile Industry,Abebe Bekele,+251-91-8904124,contact@hawassatextileindustry.com,2025-11-24T00:23:31.955243,2026-01-06T00:23:31.955243,2025-11-25T21:23:31.955243,17.0
req_0566,tenant_047,Mekelle Steel Industry,mekelle.steel.industry@example.com,commercial_registration,Commercial Registration - Mekelle Steel Industry,Mekelle Steel Industry requires commercial registration certificate for newly established manufacturing entity. Registered capital: 10 million ETB.,pending_documents,normal,Mekelle Steel Industry,Abebe Bekele,+251-91-3450556,contact@mekellesteelindustry.com,2025-12-20T00:23:31.955243,2026-01-03T00:23:31.955243,2025-12-21T08:23:31.955243,
req_0567,tenant_018,Dire Dawa Leather Factory,dire.dawa.leather.factory@example.com,trade_name_registration,Trade Name Registration - Dire Manufacturing,Registration of trade name 'Dire Industries' for manufacturing and export business.,rejected,low,Dire Dawa Leather Factory,Abebe Bekele,+251-91-2256225,contact@diredawaleatherfactory.com,2025-01-24T00:23:31.955243,2025-12-20T00:23:31.955243,2025-01-24T07:23:31.955243,
req_0568,tenant_029,Dire Dawa Leather Factory,dire.dawa.leather.factory@example.com,business_license,Business License Renewal for Dire Dawa Leather Factory,Request to renew business operating license for Dire Dawa Leather Factory. Previous license expires next month. All compliance documents attached.,rejected,normal,Dire Dawa Leather Factory,Almaz Tesfaye,+251-91-7495645,contact@diredawaleatherfactory.com,2025-05-16T00:23:31.955243,2025-11-12T00:23:31.955243,2025-05-17T06:23:31.955243,
req_0569,tenant_021,Addis Manufacturing PLC,addis.manufacturing.plc@example.com,agreements,Partnership Agreement between Addis Manufacturing PLC and IPDC,Processing partnership agreement between Addis Manufacturing PLC and IPDC for land lease and utility services.,issued,normal,Addis Manufacturing PLC,Tigist Assefa,+251-91-2255152,contact@addismanufacturingplc.com,2025-02-17T00:23:31.955243,2025-10-04T00:23:31.955243,2025-02-18T17:23:31.955243,3.0
req_0570,tenant_021,Adama Food Processing,adama.food.processing@example.com,work_permit,Work Permit Application for Foreign Employee,Application for work permit for Mr. Zhang Wei (Chinese national) as Production Manager at Adama Food Processing. 2-year contract. CV and employment contract attached.,rejected,high,Adama Food Processing,Almaz Tesfaye,+251-91-5339420,contact@adamafoodprocessing.com,2025-03-11T00:23:31.955243,2025-09-19T00:23:31.955243,2025-03-11T12:23:31.955243,
req_0571,tenant_018,Dire Dawa Leather Factory,dire.dawa.leather.factory@example.com,investment_permit,New Investment Permit Application - Dire Dawa Leather Factory,"Dire Dawa Leather Factory is applying for an investment permit for a new textile manufacturing facility in Hawassa Industrial Park. Expected capital investment: USD 5 million, creating 500 jobs.",rejected,urgent,Dire Dawa Leather Factory,Solomon Haile,+251-91-6757817,contact@diredawaleatherfactory.com,2025-10-15T00:23:31.955243,2025-11-12T00:23:31.955243,2025-10-16T20:23:31.955243,
req_0572,tenant_037,Jimma Coffee Processing,jimma.coffee.processing@example.com,agreements,Partnership Agreement between Jimma Coffee Processing and IPDC,Processing partnership agreement between Jimma Coffee Processing and IPDC for land lease and utility services.,issued,normal,Jimma Coffee Processing,Solomon Haile,+251-91-8377894,contact@jimmacoffeeprocessing.com,2025-09-20T00:23:31.955243,2025-10-25T00:23:31.955243,2025-09-20T07:23:31.955243,6.0
req_0573,tenant_004,Adama Food Processing,adama.food.processing@example.com,commercial_registration,Commercial Registration - Adama Food Processing,Adama Food Processing requires commercial registration certificate for newly established manufacturing entity. Registered capital: 10 million ETB.,approved,high,Adama Food Processing,Solomon Haile,+251-91-3114504,contact@adamafoodprocessing.com,2025-10-07T00:23:31.955243,2025-10-22T00:23:31.955243,2025-10-08T23:23:31.955243,4.0
req_0574,tenant_025,Addis Manufacturing PLC,addis.manufacturing.plc@example.com,agreements,Partnership Agreement between Addis Manufacturing PLC and IPDC,Processing partnership agreement between Addis Manufacturing PLC and IPDC for land lease and utility services.,under_review,normal,Addis Manufacturing PLC,Yohannes Gebre,+251-91-3865959,contact@addismanufacturingplc.com,2025-12-27T00:23:31.955243,2025-12-28T00:23:31.955243,2025-12-28T05:23:31.955243,
req_0575,tenant_039,Gondar Ceramics Industry,gondar.ceramics.industry@example.com,tin_issuance,TIN Certificate Request - Gondar Ceramics Industry,Tax Identification Number (TIN) application for Gondar Ceramics Industry to commence business operations.,approved,normal,Gondar Ceramics Industry,Almaz Tesfaye,+251-91-1179852,contact@gondarceramicsindustry.com,2025-11-12T00:23:31.955243,2025-12-09T00:23:31.955243,2025-11-13T02:23:31.955243,1.0
req_0576,tenant_004,Dire Dawa Leather Factory,dire.dawa.leather.factory@example.com,tin_issuance,TIN Certificate Request - Dire Dawa Leather Factory,Tax Identification Number (TIN) application for Dire Dawa Leather Factory to commence business operations.,submitted,urgent,Dire Dawa Leather Factory,Solomon Haile,+251-91-9521739,contact@diredawaleatherfactory.com,2026-01-05T00:23:31.955243,2026-01-05T00:23:31.955243,2026-01-05T12:23:31.955243,
req_0577,tenant_044,Mekelle Steel Industry,mekelle.steel.industry@example.com,agreements,Partnership Agreement between Mekelle Steel Industry and IPDC,Processing partnership agreement between Mekelle Steel Industry and IPDC for land lease and utility services.,approved,normal,Mekelle Steel Industry,Solomon Haile,+251-91-4592128,contact@mekellesteelindustry.com,2025-02-11T00:23:31.955243,2025-12-08T00:23:31.955243,2025-02-12T17:23:31.955243,5.0
req_0578,tenant_047,Addis Manufacturing PLC,addis.manufacturing.plc@example.com,work_permit,Work Permit Application for Foreign Employee,Application for work permit for Mr. Zhang Wei (Chinese national) as Production Manager at Addis Manufacturing PLC. 2-year contract. CV and employment contract attached.,issued,low,Addis Manufacturing PLC,Abebe Bekele,+251-91-8985042,contact@addismanufacturingplc.com,2025-06-29T00:23:31.955243,2025-11-06T00:23:31.955243,2025-06-29T18:23:31.955243,33.0
req_0579,tenant_048,Kombolcha Industrial Park Ltd,kombolcha.industrial.park.ltd@example.com,customs_clearance,Import Clearance - Machinery and Equipment,Import clearance for 50 tons of raw textile materials. Bill of lading no: BL-45375.,rejected,urgent,Kombolcha Industrial Park Ltd,Abebe Bekele,+251-91-5480396,contact@kombolchaindustrialparkltd.com,2025-08-27T00:23:31.955243,2025-12-21T00:23:31.955243,2025-08-28T00:23:31.955243,
req_0580,tenant_014,Bahir Dar Pharmaceutical PLC,bahir.dar.pharmaceutical.plc@example.com,trade_name_registration,Trade Name Registration - Bahir Manufacturing,Registration of trade name 'Bahir Industries' for manufacturing and export business.,approved,normal,Bahir Dar Pharmaceutical PLC,Yohannes Gebre,+251-91-6401596,contact@bahirdarpharmaceuticalplc.com,2025-04-21T00:23:31.955243,2025-11-03T00:23:31.955243,2025-04-21T10:23:31.955243,2.0
req_0581,tenant_026,Bahir Dar Pharmaceutical PLC,bahir.dar.pharmaceutical.plc@example.com,business_license,Business License Renewal for Bahir Dar Pharmaceutical PLC,Request to renew business operating license for Bahir Dar Pharmaceutical PLC. Previous license expires next month. All compliance documents attached.,approved,normal,Bahir Dar Pharmaceutical PLC,Almaz Tesfaye,+251-91-2005240,contact@bahirdarpharmaceuticalplc.com,2025-04-22T00:23:31.955243,2025-09-15T00:23:31.955243,2025-04-23T04:23:31.955243,7.0
req_0582,tenant_003,Hawassa Textile Industry,hawassa.textile.industry@example.com,business_license,Business License Renewal for Hawassa Textile Industry,Request to renew business operating license for Hawassa Textile Industry. Previous license expires next month. All compliance documents attached.,issued,low,Hawassa Textile Industry,Almaz Tesfaye,+251-91-1184272,contact@hawassatextileindustry.com,2025-11-17T00:23:31.955243,2025-12-18T00:23:31.955243,2025-11-18T22:23:31.955243,7.0
req_0583,tenant_021,Bole Lemi Garment Factory,bole.lemi.garment.factory@example.com,commercial_registration,Commercial Registration - Bole Lemi Garment Factory,Bole Lemi Garment Factory requires commercial registration certificate for newly established manufacturing entity. Registered capital: 10 million ETB.,approved,normal,Bole Lemi Garment Factory,Tigist Assefa,+251-91-6287843,contact@bolelemigarmentfactory.com,2025-02-25T00:23:31.955243,2025-05-22T00:23:31.955243,2025-02-25T20:23:31.955243,5.0
req_0584,tenant_004,Adama Food Processing,adama.food.processing@example.com,customs_clearance,Import Clearance - Machinery and Equipment,Import clearance for 50 tons of raw textile materials. Bill of lading no: BL-35517.,rejected,urgent,Adama Food Processing,Tigist Assefa,+251-91-6498408,contact@adamafoodprocessing.com,2025-11-09T00:23:31.955243,2025-11-15T00:23:31.955243,2025-11-10T05:23:31.955243,
req_0585,tenant_025,Dire Dawa Leather Factory,dire.dawa.leather.factory@example.com,agreements,Partnership Agreement between Dire Dawa Leather Factory and IPDC,Processing partnership agreement between Dire Dawa Leather Factory and IPDC for land lease and utility services.,approved,normal,Dire Dawa Leather Factory,Tigist Assefa,+251-91-4139345,contact@diredawaleatherfactory.com,2025-06-27T00:23:31.955243,2025-11-28T00:23:31.955243,2025-06-27T06:23:31.955243,5.0
req_0586,tenant_003,Bole Lemi Garment Factory,bole.lemi.garment.factory@example.com,customs_exemption,Customs Duty Exemption for Raw Materials,Request for customs duty exemption on imported industrial machinery valued at USD 2 million as per investment permit.,approved,normal,Bole Lemi Garment Factory,Tigist Assefa,+251-91-7253035,contact@bolelemigarmentfactory.com,2025-03-08T00:23:31.955243,2025-08-07T00:23:31.955243,2025-03-09T12:23:31.955243,11.0
req_0587,tenant_012,Jimma Coffee Processing,jimma.coffee.processing@example.com,commercial_registration,Commercial Registration - Jimma Coffee Processing,Jimma Coffee Processing requires commercial registration certificate for newly established manufacturing entity. Registered capital: 10 million ETB.,approved,normal,Jimma Coffee Processing,Abebe Bekele,+251-91-4953973,contact@jimmacoffeeprocessing.com,2025-06-04T00:23:31.955243,2025-12-07T00:23:31.955243,2025-06-04T19:23:31.955243,6.0
req_0588,tenant_003,Jimma Coffee Processing,jimma.coffee.processing@example.com,business_license,Business License Renewal for Jimma Coffee Processing,Request to renew business operating license for Jimma Coffee Processing. Previous license expires next month. All compliance documents attached.,rejected,high,Jimma Coffee Processing,Tigist Assefa,+251-91-4886327,contact@jimmacoffeeprocessing.com,2025-01-13T00:23:31.955243,2025-12-06T00:23:31.955243,2025-01-13T21:23:31.955243,
req_0589,tenant_046,Dire Dawa Leather Factory,dire.dawa.leather.factory@example.com,notarization,MoU Notarization Service,Notarization required for Memorandum of Understanding between shareholders of Dire Dawa Leather Factory.,approved,normal,Dire Dawa Leather Factory,Tigist Assefa,+251-91-4562072,contact@diredawaleatherfactory.com,2025-05-02T00:23:31.955243,2025-12-12T00:23:31.955243,2025-05-03T22:23:31.955243,1.0
req_0590,tenant_036,Dire Dawa Leather Factory,dire.dawa.leather.factory@example.com,customs_clearance,Import Clearance - Machinery and Equipment,Import clearance for 50 tons of raw textile materials. Bill of lading no: BL-55432.,rejected,high,Dire Dawa Leather Factory,Tigist Assefa,+251-91-7732909,contact@diredawaleatherfactory.com,2025-03-27T00:23:31.955243,2025-04-25T00:23:31.955243,2025-03-28T07:23:31.955243,
req_0591,tenant_019,Addis Manufacturing PLC,addis.manufacturing.plc@example.com,investment_permit,New Investment Permit Application - Addis Manufacturing PLC,"Addis Manufacturing PLC is applying for an investment permit for a new textile manufacturing facility in Hawassa Industrial Park. Expected capital investment: USD 5 million, creating 500 jobs.",issued,normal,Addis Manufacturing PLC,Solomon Haile,+251-91-9183757,contact@addismanufacturingplc.com,2025-11-21T00:23:31.955243,2026-01-10T00:23:31.955243,2025-11-21T23:23:31.955243,18.0
req_0592,tenant_030,Dessie Textile Mills,dessie.textile.mills@example.com,investment_permit,New Investment Permit Application - Dessie Textile Mills,"Dessie Textile Mills is applying for an investment permit for a new textile manufacturing facility in Hawassa Industrial Park. Expected capital investment: USD 5 million, creating 500 jobs.",approved,normal,Dessie Textile Mills,Tigist Assefa,+251-91-8633759,contact@dessietextilemills.com,2025-06-25T00:23:31.955243,2025-07-31T00:23:31.955243,2025-06-25T04:23:31.955243,19.0
req_0593,tenant_034,Hawassa Textile Industry,hawassa.textile.industry@example.com,trade_name_registration,Trade Name Registration - Hawassa Manufacturing,Registration of trade name 'Hawassa Industries' for manufacturing and export business.,rejected,normal,Hawassa Textile Industry,Abebe Bekele,+251-91-8901879,contact@hawassatextileindustry.com,2025-09-22T00:23:31.955243,2025-11-16T00:23:31.955243,2025-09-22T02:23:31.955243,
req_0594,tenant_042,Bahir Dar Pharmaceutical PLC,bahir.dar.pharmaceutical.plc@example.com,commercial_registration,Commercial Registration - Bahir Dar Pharmaceutical PLC,Bahir Dar Pharmaceutical PLC requires commercial registration certificate for newly established manufacturing entity. Registered capital: 10 million ETB.,approved,urgent,Bahir Dar Pharmaceutical PLC,Tigist Assefa,+251-91-2301996,contact@bahirdarpharmaceuticalplc.com,2025-10-06T00:23:31.955243,2025-10-22T00:23:31.955243,2025-10-07T08:23:31.955243,3.0
req_0595,tenant_020,Dessie Textile Mills,dessie.textile.mills@example.com,work_permit,Work Permit Application for Foreign Employee,Application for work permit for Mr. Zhang Wei (Chinese national) as Production Manager at Dessie Textile Mills. 2-year contract. CV and employment contract attached.,rejected,high,Dessie Textile Mills,Solomon Haile,+251-91-4265541,contact@dessietextilemills.com,2025-06-14T00:23:31.955243,2025-06-22T00:23:31.955243,2025-06-14T09:23:31.955243,
req_0596,tenant_032,Adama Food Processing,adama.food.processing@example.com,work_permit,Work Permit Application for Foreign Employee,Application for work permit for Mr. Zhang Wei (Chinese national) as Production Manager at Adama Food Processing. 2-year contract. CV and employment contract attached.,rejected,high,Adama Food Processing,Solomon Haile,+251-91-5882976,contact@adamafoodprocessing.com,2025-11-02T00:23:31.955243,2026-01-02T00:23:31.955243,2025-11-02T10:23:31.955243,
req_0597,tenant_012,Kombolcha Industrial Park Ltd,kombolcha.industrial.park.ltd@example.com,business_license,Business License Renewal for Kombolcha Industrial Park Ltd,Request to renew business operating license for Kombolcha Industrial Park Ltd. Previous license expires next month. All compliance documents attached.,approved,normal,Kombolcha Industrial Park Ltd,Yohannes Gebre,+251-91-2455853,contact@kombolchaindustrialparkltd.com,2025-12-25T00:23:31.955243,2025-12-30T00:23:31.955243,2025-12-26T13:23:31.955243,5.0
req_0598,tenant_049,Addis Manufacturing PLC,addis.manufacturing.plc@example.com,customs_exemption,Customs Duty Exemption for Raw Materials,Request for customs duty exemption on imported industrial machinery valued at USD 2 million as per investment permit.,approved,normal,Addis Manufacturing PLC,Abebe Bekele,+251-91-5926016,contact@addismanufacturingplc.com,2025-11-09T00:23:31.955243,2025-12-22T00:23:31.955243,2025-11-10T01:23:31.955243,8.0
req_0599,tenant_042,Bahir Dar Pharmaceutical PLC,bahir.dar.pharmaceutical.plc@example.com,banking_services,Loan Application for Working Capital,Application for working capital loan of 5 million ETB for Bahir Dar Pharmaceutical PLC expansion project.,approved,urgent,Bahir Dar Pharmaceutical PLC,Almaz Tesfaye,+251-91-4433477,contact@bahirdarpharmaceuticalplc.com,2025-03-01T00:23:31.955243,2025-11-24T00:23:31.955243,2025-03-01T21:23:31.955243,4.0
req_0600,tenant_010,Dire Dawa Leather Factory,dire.dawa.leather.factory@example.com,customs_clearance,Import Clearance - Machinery and Equipment,Import clearance for 50 tons of raw textile materials. Bill of lading no: BL-84041.,rejected,high,Dire Dawa Leather Factory,Tigist Assefa,+251-91-9755625,contact@diredawaleatherfactory.com,2025-06-11T00:23:31.955243,2025-12-30T00:23:31.955243,2025-06-12T13:23:31.955243,
req_0601,tenant_013,Jimma Coffee Processing,jimma.coffee.processing@example.com,customs_clearance,Import Clearance - Machinery and Equipment,Import clearance for 50 tons of raw textile materials. Bill of lading no: BL-74179.,rejected,normal,Jimma Coffee Processing,Almaz Tesfaye,+251-91-9477421,contact@jimmacoffeeprocessing.com,2025-06-21T00:23:31.955243,2025-09-01T00:23:31.955243,2025-06-21T21:23:31.955243,
req_0602,tenant_011,Dessie Textile Mills,dessie.textile.mills@example.com,business_license,Business License Renewal for Dessie Textile Mills,Request to renew business operating license for Dessie Textile Mills. Previous license expires next month. All compliance documents attached.,rejected,normal,Dessie Textile Mills,Tigist Assefa,+251-91-9387796,contact@dessietextilemills.com,2025-09-15T00:23:31.955243,2025-12-15T00:23:31.955243,2025-09-16T12:23:31.955243,
req_0603,tenant_006,Bahir Dar Pharmaceutical PLC,bahir.dar.pharmaceutical.plc@example.com,tin_issuance,TIN Certificate Request - Bahir Dar Pharmaceutical PLC,Tax Identification Number (TIN) application for Bahir Dar Pharmaceutical PLC to commence business operations.,rejected,high,Bahir Dar Pharmaceutical PLC,Almaz Tesfaye,+251-91-5426481,contact@bahirdarpharmaceuticalplc.com,2025-10-24T00:23:31.955243,2025-12-31T00:23:31.955243,2025-10-24T08:23:31.955243,
req_0604,tenant_026,Dessie Textile Mills,dessie.textile.mills@example.com,trade_name_registration,Trade Name Registration - Dessie Manufacturing,Registration of trade name 'Dessie Industries' for manufacturing and export business.,rejected,urgent,Dessie Textile Mills,Almaz Tesfaye,+251-91-8427388,contact@dessietextilemills.com,2025-07-21T00:23:31.955243,2025-09-13T00:23:31.955243,2025-07-21T22:23:31.955243,
req_0605,tenant_005,Adama Food Processing,adama.food.processing@example.com,customs_exemption,Customs Duty Exemption for Raw Materials,Request for customs duty exemption on imported industrial machinery valued at USD 2 million as per investment permit.,approved,high,Adama Food Processing,Solomon Haile,+251-91-1467994,contact@adamafoodprocessing.com,2025-11-06T00:23:31.955243,2025-11-23T00:23:31.955243,2025-11-07T04:23:31.955243,7.0
req_0606,tenant_042,Kombolcha Industrial Park Ltd,kombolcha.industrial.park.ltd@example.com,business_license,Business License Renewal for Kombolcha Industrial Park Ltd,Request to renew business operating license for Kombolcha Industrial Park Ltd. Previous license expires next month. All compliance documents attached.,issued,normal,Kombolcha Industrial Park Ltd,Yohannes Gebre,+251-91-2999477,contact@kombolchaindustrialparkltd.com,2025-05-16T00:23:31.955243,2025-12-25T00:23:31.955243,2025-05-17T09:23:31.955243,8.0
req_0607,tenant_045,Bahir Dar Pharmaceutical PLC,bahir.dar.pharmaceutical.plc@example.com,customs_exemption,Customs Duty Exemption for Raw Materials,Request for customs duty exemption on imported industrial machinery valued at USD 2 million as per investment permit.,pending_documents,normal,Bahir Dar Pharmaceutical PLC,Almaz Tesfaye,+251-91-2713554,contact@bahirdarpharmaceuticalplc.com,2025-12-15T00:23:31.955243,2025-12-22T00:23:31.955243,2025-12-15T01:23:31.955243,
req_0608,tenant_031,Adama Food Processing,adama.food.processing@example.com,banking_services,Loan Application for Working Capital,Application for working capital loan of 5 million ETB for Adama Food Processing expansion project.,rejected,high,Adama Food Processing,Abebe Bekele,+251-91-8340353,contact@adamafoodprocessing.com,2025-10-30T00:23:31.955243,2025-12-21T00:23:31.955243,2025-10-30T06:23:31.955243,
req_0609,tenant_049,Mekelle Steel Industry,mekelle.steel.industry@example.com,trade_name_registration,Trade Name Registration - Mekelle Manufacturing,Registration of trade name 'Mekelle Industries' for manufacturing and export business.,approved,normal,Mekelle Steel Industry,Solomon Haile,+251-91-3169217,contact@mekellesteelindustry.com,2025-10-03T00:23:31.955243,2025-10-20T00:23:31.955243,2025-10-03T18:23:31.955243,2.0
req_0610,tenant_042,Jimma Coffee Processing,jimma.coffee.processing@example.com,trade_name_registration,Trade Name Registration - Jimma Manufacturing,Registration of trade name 'Jimma Industries' for manufacturing and export business.,rejected,low,Jimma Coffee Processing,Almaz Tesfaye,+251-91-3806431,contact@jimmacoffeeprocessing.com,2025-02-07T00:23:31.955243,2025-05-10T00:23:31.955243,2025-02-07T11:23:31.955243,
req_0611,tenant_040,Gondar Ceramics Industry,gondar.ceramics.industry@example.com,trade_name_registration,Trade Name Registration - Gondar Manufacturing,Registration of trade name 'Gondar Industries' for manufacturing and export business.,rejected,normal,Gondar Ceramics Industry,Solomon Haile,+251-91-2218720,contact@gondarceramicsindustry.com,2025-03-16T00:23:31.955243,2025-12-14T00:23:31.955243,2025-03-16T08:23:31.955243,
req_0612,tenant_047,Dessie Textile Mills,dessie.textile.mills@example.com,customs_exemption,Customs Duty Exemption for Raw Materials,Request for customs duty exemption on imported industrial machinery valued at USD 2 million as per investment permit.,approved,low,Dessie Textile Mills,Abebe Bekele,+251-91-1571461,contact@dessietextilemills.com,2025-02-17T00:23:31.955243,2025-03-09T00:23:31.955243,2025-02-17T11:23:31.955243,13.0
req_0613,tenant_012,Adama Food Processing,adama.food.processing@example.com,work_permit,Work Permit Application for Foreign Employee,Application for work permit for Mr. Zhang Wei (Chinese national) as Production Manager at Adama Food Processing. 2-year contract. CV and employment contract attached.,issued,high,Adama Food Processing,Almaz Tesfaye,+251-91-2076889,contact@adamafoodprocessing.com,2025-10-07T00:23:31.955243,2025-12-02T00:23:31.955243,2025-10-08T22:23:31.955243,15.0
req_0614,tenant_027,Kombolcha Industrial Park Ltd,kombolcha.industrial.park.ltd@example.com,trade_name_registration,Trade Name Registration - Kombolcha Manufacturing,Registration of trade name 'Kombolcha Industries' for manufacturing and export business.,issued,normal,Kombolcha Industrial Park Ltd,Abebe Bekele,+251-91-7176407,contact@kombolchaindustrialparkltd.com,2025-11-15T00:23:31.955243,2025-11-17T00:23:31.955243,2025-11-15T21:23:31.955243,2.0
req_0615,tenant_023,Gondar Ceramics Industry,gondar.ceramics.industry@example.com,agreements,Partnership Agreement between Gondar Ceramics Industry and IPDC,Processing partnership agreement between Gondar Ceramics Industry and IPDC for land lease and utility services.,rejected,low,Gondar Ceramics Industry,Solomon Haile,+251-91-4285677,contact@gondarceramicsindustry.com,2025-06-22T00:23:31.955243,2025-12-19T00:23:31.955243,2025-06-23T22:23:31.955243,
req_0616,tenant_011,Dessie Textile Mills,dessie.textile.mills@example.com,banking_services,Loan Application for Working Capital,Application for working capital loan of 5 million ETB for Dessie Textile Mills expansion project.,approved,urgent,Dessie Textile Mills,Solomon Haile,+251-91-3817274,contact@dessietextilemills.com,2025-01-21T00:23:31.955243,2025-09-24T00:23:31.955243,2025-01-22T08:23:31.955243,4.0
req_0617,tenant_039,Nazret Agro Processing,nazret.agro.processing@example.com,customs_exemption,Customs Duty Exemption for Raw Materials,Request for customs duty exemption on imported industrial machinery valued at USD 2 million as per investment permit.,issued,normal,Nazret Agro Processing,Tigist Assefa,+251-91-3928741,contact@nazretagroprocessing.com,2025-06-06T00:23:31.955243,2025-08-21T00:23:31.955243,2025-06-06T01:23:31.955243,9.0
req_0618,tenant_008,Dessie Textile Mills,dessie.textile.mills@example.com,customs_clearance,Import Clearance - Machinery and Equipment,Import clearance for 50 tons of raw textile materials. Bill of lading no: BL-50776.,approved,urgent,Dessie Textile Mills,Almaz Tesfaye,+251-91-1568158,contact@dessietextilemills.com,2025-01-15T00:23:31.955243,2025-05-06T00:23:31.955243,2025-01-15T01:23:31.955243,1.0
req_0619,tenant_024,Addis Manufacturing PLC,addis.manufacturing.plc@example.com,notarization,MoU Notarization Service,Notarization required for Memorandum of Understanding between shareholders of Addis Manufacturing PLC.,approved,normal,Addis Manufacturing PLC,Abebe Bekele,+251-91-6485709,contact@addismanufacturingplc.com,2025-11-20T00:23:31.955243,2025-12-20T00:23:31.955243,2025-11-20T19:23:31.955243,1.0
req_0620,tenant_025,Bole Lemi Garment Factory,bole.lemi.garment.factory@example.com,agreements,Partnership Agreement between Bole Lemi Garment Factory and IPDC,Processing partnership agreement between Bole Lemi Garment Factory and IPDC for land lease and utility services.,rejected,high,Bole Lemi Garment Factory,Almaz Tesfaye,+251-91-4720963,contact@bolelemigarmentfactory.com,2025-01-24T00:23:31.955243,2025-06-19T00:23:31.955243,2025-01-25T21:23:31.955243,
req_0621,tenant_025,Hawassa Textile Industry,hawassa.textile.industry@example.com,notarization,MoU Notarization Service,Notarization required for Memorandum of Understanding between shareholders of Hawassa Textile Industry.,approved,normal,Hawassa Textile Industry,Solomon Haile,+251-91-9908873,contact@hawassatextileindustry.com,2025-11-01T00:23:31.955243,2025-12-23T00:23:31.955243,2025-11-03T00:23:31.955243,1.0
req_0622,tenant_009,Jimma Coffee Processing,jimma.coffee.processing@example.com,agreements,Partnership Agreement between Jimma Coffee Processing and IPDC,Processing partnership agreement between Jimma Coffee Processing and IPDC for land lease and utility services.,approved,normal,Jimma Coffee Processing,Almaz Tesfaye,+251-91-4777986,contact@jimmacoffeeprocessing.com,2025-08-26T00:23:31.955243,2025-10-06T00:23:31.955243,2025-08-26T16:23:31.955243,6.0
req_0623,tenant_049,Jimma Coffee Processing,jimma.coffee.processing@example.com,trade_name_registration,Trade Name Registration - Jimma Manufacturing,Registration of trade name 'Jimma Industries' for manufacturing and export business.,rejected,low,Jimma Coffee Processing,Abebe Bekele,+251-91-8389424,contact@jimmacoffeeprocessing.com,2025-09-19T00:23:31.955243,2025-11-24T00:23:31.955243,2025-09-20T18:23:31.955243,
req_0624,tenant_041,Jimma Coffee Processing,jimma.coffee.processing@example.com,investment_permit,New Investment Permit Application - Jimma Coffee Processing,"Jimma Coffee Processing is applying for an investment permit for a new textile manufacturing facility in Hawassa Industrial Park. Expected capital investment: USD 5 million, creating 500 jobs.",rejected,normal,Jimma Coffee Processing,Yohannes Gebre,+251-91-3440307,contact@jimmacoffeeprocessing.com,2025-09-08T00:23:31.955243,2025-10-21T00:23:31.955243,2025-09-09T07:23:31.955243,
req_0625,tenant_030,Nazret Agro Processing,nazret.agro.processing@example.com,investment_permit,New Investment Permit Application - Nazret Agro Processing,"Nazret Agro Processing is applying for an investment permit for a new textile manufacturing facility in Hawassa Industrial Park. Expected capital investment: USD 5 million, creating 500 jobs.",rejected,normal,Nazret Agro Processing,Abebe Bekele,+251-91-7792689,contact@nazretagroprocessing.com,2025-09-25T00:23:31.955243,2025-11-30T00:23:31.955243,2025-09-26T07:23:31.955243,
req_0626,tenant_039,Addis Manufacturing PLC,addis.manufacturing.plc@example.com,tin_issuance,TIN Certificate Request - Addis Manufacturing PLC,Tax Identification Number (TIN) application for Addis Manufacturing PLC to commence business operations.,issued,normal,Addis Manufacturing PLC,Solomon Haile,+251-91-5442948,contact@addismanufacturingplc.com,2025-03-13T00:23:31.955243,2026-01-06T00:23:31.955243,2025-03-13T06:23:31.955243,1.0
req_0627,tenant_029,Nazret Agro Processing,nazret.agro.processing@example.com,customs_clearance,Import Clearance - Machinery and Equipment,Import clearance for 50 tons of raw textile materials. Bill of lading no: BL-33273.,approved,urgent,Nazret Agro Processing,Tigist Assefa,+251-91-6525882,contact@nazretagroprocessing.com,2025-03-12T00:23:31.955243,2025-10-12T00:23:31.955243,2025-03-12T20:23:31.955243,2.0
req_0628,tenant_030,Bahir Dar Pharmaceutical PLC,bahir.dar.pharmaceutical.plc@example.com,investment_permit,New Investment Permit Application - Bahir Dar Pharmaceutical PLC,"Bahir Dar Pharmaceutical PLC is applying for an investment permit for a new textile manufacturing facility in Hawassa Industrial Park. Expected capital investment: USD 5 million, creating 500 jobs.",approved,low,Bahir Dar Pharmaceutical PLC,Abebe Bekele,+251-91-7258928,contact@bahirdarpharmaceuticalplc.com,2025-09-02T00:23:31.955243,2026-01-04T00:23:31.955243,2025-09-02T01:23:31.955243,15.0
req_0629,tenant_034,Dessie Textile Mills,dessie.textile.mills@example.com,customs_clearance,Import Clearance - Machinery and Equipment,Import clearance for 50 tons of raw textile materials. Bill of lading no: BL-15613.,rejected,low,Dessie Textile Mills,Almaz Tesfaye,+251-91-2903567,contact@dessietextilemills.com,2025-06-25T00:23:31.955243,2025-09-09T00:23:31.955243,2025-06-25T03:23:31.955243,
req_0630,tenant_014,Bahir Dar Pharmaceutical PLC,bahir.dar.pharmaceutical.plc@example.com,investment_permit,New Investment Permit Application - Bahir Dar Pharmaceutical PLC,"Bahir Dar Pharmaceutical PLC is applying for an investment permit for a new textile manufacturing facility in Hawassa Industrial Park. Expected capital investment: USD 5 million, creating 500 jobs.",approved,high,Bahir Dar Pharmaceutical PLC,Almaz Tesfaye,+251-91-9538017,contact@bahirdarpharmaceuticalplc.com,2025-02-11T00:23:31.955243,2025-09-22T00:23:31.955243,2025-02-12T02:23:31.955243,15.0
req_0631,tenant_012,Gondar Ceramics Industry,gondar.ceramics.industry@example.com,customs_exemption,Customs Duty Exemption for Raw Materials,Request for customs duty exemption on imported industrial machinery valued at USD 2 million as per investment permit.,approved,low,Gondar Ceramics Industry,Solomon Haile,+251-91-5195498,contact@gondarceramicsindustry.com,2025-08-05T00:23:31.955243,2025-10-06T00:23:31.955243,2025-08-06T09:23:31.955243,15.0
req_0632,tenant_049,Adama Food Processing,adama.food.processing@example.com,work_permit,Work Permit Application for Foreign Employee,Application for work permit for Mr. Zhang Wei (Chinese national) as Production Manager at Adama Food Processing. 2-year contract. CV and employment contract attached.,rejected,normal,Adama Food Processing,Tigist Assefa,+251-91-9215261,contact@adamafoodprocessing.com,2025-01-17T00:23:31.955243,2025-11-24T00:23:31.955243,2025-01-17T07:23:31.955243,
req_0633,tenant_025,Jimma Coffee Processing,jimma.coffee.processing@example.com,notarization,MoU Notarization Service,Notarization required for Memorandum of Understanding between shareholders of Jimma Coffee Processing.,approved,normal,Jimma Coffee Processing,Abebe Bekele,+251-91-4159869,contact@jimmacoffeeprocessing.com,2025-04-23T00:23:31.955243,2025-12-13T00:23:31.955243,2025-04-24T14:23:31.955243,1.0
req_0634,tenant_030,Jimma Coffee Processing,jimma.coffee.processing@example.com,investment_permit,New Investment Permit Application - Jimma Coffee Processing,"Jimma Coffee Processing is applying for an investment permit for a new textile manufacturing facility in Hawassa Industrial Park. Expected capital investment: USD 5 million, creating 500 jobs.",rejected,normal,Jimma Coffee Processing,Yohannes Gebre,+251-91-1412880,contact@jimmacoffeeprocessing.com,2025-11-12T00:23:31.955243,2025-12-03T00:23:31.955243,2025-11-12T16:23:31.955243,
req_0635,tenant_046,Kombolcha Industrial Park Ltd,kombolcha.industrial.park.ltd@example.com,tin_issuance,TIN Certificate Request - Kombolcha Industrial Park Ltd,Tax Identification Number (TIN) application for Kombolcha Industrial Park Ltd to commence business operations.,under_review,normal,Kombolcha Industrial Park Ltd,Almaz Tesfaye,+251-91-5318077,contact@kombolchaindustrialparkltd.com,2025-12-28T00:23:31.955243,2025-12-28T00:23:31.955243,2025-12-28T06:23:31.955243,
req_0636,tenant_005,Bahir Dar Pharmaceutical PLC,bahir.dar.pharmaceutical.plc@example.com,customs_clearance,Import Clearance - Machinery and Equipment,Import clearance for 50 tons of raw textile materials. Bill of lading no: BL-53478.,issued,urgent,Bahir Dar Pharmaceutical PLC,Yohannes Gebre,+251-91-9696767,contact@bahirdarpharmaceuticalplc.com,2025-09-22T00:23:31.955243,2025-12-03T00:23:31.955243,2025-09-22T16:23:31.955243,3.0
req_0637,tenant_045,Bahir Dar Pharmaceutical PLC,bahir.dar.pharmaceutical.plc@example.com,commercial_registration,Commercial Registration - Bahir Dar Pharmaceutical PLC,Bahir Dar Pharmaceutical PLC requires commercial registration certificate for newly established manufacturing entity. Registered capital: 10 million ETB.,rejected,normal,Bahir Dar Pharmaceutical PLC,Solomon Haile,+251-91-3083591,contact@bahirdarpharmaceuticalplc.com,2025-03-11T00:23:31.955243,2025-10-13T00:23:31.955243,2025-03-11T13:23:31.955243,
req_0638,tenant_044,Mekelle Steel Industry,mekelle.steel.industry@example.com,notarization,MoU Notarization Service,Notarization required for Memorandum of Understanding between shareholders of Mekelle Steel Industry.,under_review,low,Mekelle Steel Industry,Almaz Tesfaye,+251-91-7965717,contact@mekellesteelindustry.com,2025-12-17T00:23:31.955243,2026-01-09T00:23:31.955243,2025-12-18T03:23:31.955243,
req_0639,tenant_049,Dire Dawa Leather Factory,dire.dawa.leather.factory@example.com,notarization,MoU Notarization Service,Notarization required for Memorandum of Understanding between shareholders of Dire Dawa Leather Factory.,issued,low,Dire Dawa Leather Factory,Solomon Haile,+251-91-6308775,contact@diredawaleatherfactory.com,2025-03-19T00:23:31.955243,2025-06-05T00:23:31.955243,2025-03-19T01:23:31.955243,1.0
req_0640,tenant_006,Adama Food Processing,adama.food.processing@example.com,trade_name_registration,Trade Name Registration - Adama Manufacturing,Registration of trade name 'Adama Industries' for manufacturing and export business.,rejected,normal,Adama Food Processing,Solomon Haile,+251-91-7423845,contact@adamafoodprocessing.com,2025-01-23T00:23:31.955243,2025-07-11T00:23:31.955243,2025-01-24T05:23:31.955243,
req_0641,tenant_014,Mekelle Steel Industry,mekelle.steel.industry@example.com,business_license,Business License Renewal for Mekelle Steel Industry,Request to renew business operating license for Mekelle Steel Industry. Previous license expires next month. All compliance documents attached.,approved,normal,Mekelle Steel Industry,Yohannes Gebre,+251-91-6480191,contact@mekellesteelindustry.com,2025-11-05T00:23:31.955243,2025-11-15T00:23:31.955243,2025-11-06T18:23:31.955243,5.0
req_0642,tenant_009,Jimma Coffee Processing,jimma.coffee.processing@example.com,banking_services,Loan Application for Working Capital,Application for working capital loan of 5 million ETB for Jimma Coffee Processing expansion project.,approved,low,Jimma Coffee Processing,Solomon Haile,+251-91-5540057,contact@jimmacoffeeprocessing.com,2025-03-16T00:23:31.955243,2025-11-26T00:23:31.955243,2025-03-18T00:23:31.955243,10.0
req_0643,tenant_050,Addis Manufacturing PLC,addis.manufacturing.plc@example.com,notarization,MoU Notarization Service,Notarization required for Memorandum of Understanding between shareholders of Addis Manufacturing PLC.,issued,high,Addis Manufacturing PLC,Yohannes Gebre,+251-91-4220351,contact@addismanufacturingplc.com,2025-10-29T00:23:31.955243,2025-12-31T00:23:31.955243,2025-10-30T18:23:31.955243,1.0
req_0644,tenant_006,Bole Lemi Garment Factory,bole.lemi.garment.factory@example.com,commercial_registration,Commercial Registration - Bole Lemi Garment Factory,Bole Lemi Garment Factory requires commercial registration certificate for newly established manufacturing entity. Registered capital: 10 million ETB.,issued,high,Bole Lemi Garment Factory,Yohannes Gebre,+251-91-3579013,contact@bolelemigarmentfactory.com,2025-07-16T00:23:31.955243,2025-11-21T00:23:31.955243,2025-07-16T23:23:31.955243,3.0
req_0645,tenant_008,Nazret Agro Processing,nazret.agro.processing@example.com,commercial_registration,Commercial Registration - Nazret Agro Processing,Nazret Agro Processing requires commercial registration certificate for newly established manufacturing entity. Registered capital: 10 million ETB.,approved,normal,Nazret Agro Processing,Yohannes Gebre,+251-91-3770947,contact@nazretagroprocessing.com,2025-09-07T00:23:31.955243,2025-09-16T00:23:31.955243,2025-09-07T08:23:31.955243,7.0
req_0646,tenant_034,Addis Manufacturing PLC,addis.manufacturing.plc@example.com,commercial_registration,Commercial Registration - Addis Manufacturing PLC,Addis Manufacturing PLC requires commercial registration certificate for newly established manufacturing entity. Registered capital: 10 million ETB.,issued,high,Addis Manufacturing PLC,Yohannes Gebre,+251-91-2357882,contact@addismanufacturingplc.com,2025-03-02T00:23:31.955243,2026-01-09T00:23:31.955243,2025-03-03T11:23:31.955243,3.0
req_0647,tenant_047,Gondar Ceramics Industry,gondar.ceramics.industry@example.com,commercial_registration,Commercial Registration - Gondar Ceramics Industry,Gondar Ceramics Industry requires commercial registration certificate for newly established manufacturing entity. Registered capital: 10 million ETB.,rejected,urgent,Gondar Ceramics Industry,Yohannes Gebre,+251-91-1806420,contact@gondarceramicsindustry.com,2025-04-28T00:23:31.955243,2025-06-09T00:23:31.955243,2025-04-29T19:23:31.955243,
req_0648,tenant_022,Hawassa Textile Industry,hawassa.textile.industry@example.com,banking_services,Loan Application for Working Capital,Application for working capital loan of 5 million ETB for Hawassa Textile Industry expansion project.,rejected,low,Hawassa Textile Industry,Tigist Assefa,+251-91-9233260,contact@hawassatextileindustry.com,2025-07-26T00:23:31.955243,2025-12-12T00:23:31.955243,2025-07-26T20:23:31.955243,
req_0649,tenant_013,Bole Lemi Garment Factory,bole.lemi.garment.factory@example.com,tin_issuance,TIN Certificate Request - Bole Lemi Garment Factory,Tax Identification Number (TIN) application for Bole Lemi Garment Factory to commence business operations.,rejected,normal,Bole Lemi Garment Factory,Tigist Assefa,+251-91-5663319,contact@bolelemigarmentfactory.com,2025-06-30T00:23:31.955243,2025-09-08T00:23:31.955243,2025-06-30T14:23:31.955243,
req_0650,tenant_010,Nazret Agro Processing,nazret.agro.processing@example.com,customs_clearance,Import Clearance - Machinery and Equipment,Import clearance for 50 tons of raw textile materials. Bill of lading no: BL-90952.,rejected,normal,Nazret Agro Processing,Abebe Bekele,+251-91-8036528,contact@nazretagroprocessing.com,2025-06-04T00:23:31.955243,2025-10-27T00:23:31.955243,2025-06-04T17:23:31.955243,
req_0651,tenant_011,Adama Food Processing,adama.food.processing@example.com,investment_permit,New Investment Permit Application - Adama Food Processing,"Adama Food Processing is applying for an investment permit for a new textile manufacturing facility in Hawassa Industrial Park. Expected capital investment: USD 5 million, creating 500 jobs.",rejected,urgent,Adama Food Processing,Abebe Bekele,+251-91-2879064,contact@adamafoodprocessing.com,2025-10-31T00:23:31.955243,2025-11-28T00:23:31.955243,2025-10-31T12:23:31.955243,
req_0652,tenant_045,Adama Food Processing,adama.food.processing@example.com,work_permit,Work Permit Application for Foreign Employee,Application for work permit for Mr. Zhang Wei (Chinese national) as Production Manager at Adama Food Processing. 2-year contract. CV and employment contract attached.,approved,high,Adama Food Processing,Abebe Bekele,+251-91-8450347,contact@adamafoodprocessing.com,2025-11-13T00:23:31.955243,2025-11-29T00:23:31.955243,2025-11-13T09:23:31.955243,18.0
req_0653,tenant_045,Bahir Dar Pharmaceutical PLC,bahir.dar.pharmaceutical.plc@example.com,commercial_registration,Commercial Registration - Bahir Dar Pharmaceutical PLC,Bahir Dar Pharmaceutical PLC requires commercial registration certificate for newly established manufacturing entity. Registered capital: 10 million ETB.,submitted,low,Bahir Dar Pharmaceutical PLC,Tigist Assefa,+251-91-5891100,contact@bahirdarpharmaceuticalplc.com,2026-01-08T00:23:31.955243,2026-01-09T00:23:31.955243,2026-01-08T19:23:31.955243,
req_0654,tenant_005,Bahir Dar Pharmaceutical PLC,bahir.dar.pharmaceutical.plc@example.com,banking_services,Loan Application for Working Capital,Application for working capital loan of 5 million ETB for Bahir Dar Pharmaceutical PLC expansion project.,issued,high,Bahir Dar Pharmaceutical PLC,Almaz Tesfaye,+251-91-5280944,contact@bahirdarpharmaceuticalplc.com,2025-06-18T00:23:31.955243,2025-11-07T00:23:31.955243,2025-06-19T06:23:31.955243,8.0
req_0655,tenant_013,Kombolcha Industrial Park Ltd,kombolcha.industrial.park.ltd@example.com,commercial_registration,Commercial Registration - Kombolcha Industrial Park Ltd,Kombolcha Industrial Park Ltd requires commercial registration certificate for newly established manufacturing entity. Registered capital: 10 million ETB.,issued,normal,Kombolcha Industrial Park Ltd,Yohannes Gebre,+251-91-3289437,contact@kombolchaindustrialparkltd.com,2025-05-15T00:23:31.955243,2025-10-31T00:23:31.955243,2025-05-15T05:23:31.955243,4.0
req_0656,tenant_030,Kombolcha Industrial Park Ltd,kombolcha.industrial.park.ltd@example.com,customs_exemption,Customs Duty Exemption for Raw Materials,Request for customs duty exemption on imported industrial machinery valued at USD 2 million as per investment permit.,issued,normal,Kombolcha Industrial Park Ltd,Solomon Haile,+251-91-4253400,contact@kombolchaindustrialparkltd.com,2025-08-19T00:23:31.955243,2025-12-23T00:23:31.955243,2025-08-19T13:23:31.955243,13.0
req_0657,tenant_016,Adama Food Processing,adama.food.processing@example.com,notarization,MoU Notarization Service,Notarization required for Memorandum of Understanding between shareholders of Adama Food Processing.,issued,normal,Adama Food Processing,Solomon Haile,+251-91-5550061,contact@adamafoodprocessing.com,2025-05-10T00:23:31.955243,2025-09-28T00:23:31.955243,2025-05-10T05:23:31.955243,1.0
req_0658,tenant_032,Hawassa Textile Industry,hawassa.textile.industry@example.com,trade_name_registration,Trade Name Registration - Hawassa Manufacturing,Registration of trade name 'Hawassa Industries' for manufacturing and export business.,rejected,normal,Hawassa Textile Industry,Solomon Haile,+251-91-5999750,contact@hawassatextileindustry.com,2025-02-11T00:23:31.955243,2025-07-07T00:23:31.955243,2025-02-12T15:23:31.955243,
req_0659,tenant_033,Dire Dawa Leather Factory,dire.dawa.leather.factory@example.com,banking_services,Loan Application for Working Capital,Application for working capital loan of 5 million ETB for Dire Dawa Leather Factory expansion project.,approved,urgent,Dire Dawa Leather Factory,Abebe Bekele,+251-91-4215254,contact@diredawaleatherfactory.com,2025-01-27T00:23:31.955243,2026-01-01T00:23:31.955243,2025-01-28T03:23:31.955243,5.0
req_0660,tenant_016,Adama Food Processing,adama.food.processing@example.com,banking_services,Loan Application for Working Capital,Application for working capital loan of 5 million ETB for Adama Food Processing expansion project.,issued,urgent,Adama Food Processing,Solomon Haile,+251-91-8114006,contact@adamafoodprocessing.com,2025-08-12T00:23:31.955243,2026-01-09T00:23:31.955243,2025-08-12T21:23:31.955243,2.0
req_0661,tenant_026,Kombolcha Industrial Park Ltd,kombolcha.industrial.park.ltd@example.com,banking_services,Loan Application for Working Capital,Application for working capital loan of 5 million ETB for Kombolcha Industrial Park Ltd expansion project.,issued,urgent,Kombolcha Industrial Park Ltd,Almaz Tesfaye,+251-91-2981513,contact@kombolchaindustrialparkltd.com,2025-09-30T00:23:31.955243,2025-10-02T00:23:31.955243,2025-10-01T11:23:31.955243,2.0
req_0662,tenant_038,Addis Manufacturing PLC,addis.manufacturing.plc@example.com,investment_permit,New Investment Permit Application - Addis Manufacturing PLC,"Addis Manufacturing PLC is applying for an investment permit for a new textile manufacturing facility in Hawassa Industrial Park. Expected capital investment: USD 5 million, creating 500 jobs.",issued,normal,Addis Manufacturing PLC,Almaz Tesfaye,+251-91-1885025,contact@addismanufacturingplc.com,2025-09-03T00:23:31.955243,2025-11-07T00:23:31.955243,2025-09-03T03:23:31.955243,20.0
req_0663,tenant_015,Dessie Textile Mills,dessie.textile.mills@example.com,customs_clearance,Import Clearance - Machinery and Equipment,Import clearance for 50 tons of raw textile materials. Bill of lading no: BL-74600.,approved,high,Dessie Textile Mills,Yohannes Gebre,+251-91-2362482,contact@dessietextilemills.com,2025-06-06T00:23:31.955243,2025-12-13T00:23:31.955243,2025-06-07T17:23:31.955243,5.0
req_0664,tenant_037,Mekelle Steel Industry,mekelle.steel.industry@example.com,notarization,MoU Notarization Service,Notarization required for Memorandum of Understanding between shareholders of Mekelle Steel Industry.,issued,low,Mekelle Steel Industry,Yohannes Gebre,+251-91-2279035,contact@mekellesteelindustry.com,2025-04-03T00:23:31.955243,2025-12-19T00:23:31.955243,2025-04-04T03:23:31.955243,1.0
req_0665,tenant_039,Hawassa Textile Industry,hawassa.textile.industry@example.com,tin_issuance,TIN Certificate Request - Hawassa Textile Industry,Tax Identification Number (TIN) application for Hawassa Textile Industry to commence business operations.,approved,high,Hawassa Textile Industry,Tigist Assefa,+251-91-2619350,contact@hawassatextileindustry.com,2025-08-15T00:23:31.955243,2025-12-16T00:23:31.955243,2025-08-17T00:23:31.955243,1.0
req_0666,tenant_045,Kombolcha Industrial Park Ltd,kombolcha.industrial.park.ltd@example.com,agreements,Partnership Agreement between Kombolcha Industrial Park Ltd and IPDC,Processing partnership agreement between Kombolcha Industrial Park Ltd and IPDC for land lease and utility services.,approved,normal,Kombolcha Industrial Park Ltd,Solomon Haile,+251-91-3535510,contact@kombolchaindustrialparkltd.com,2025-11-08T00:23:31.955243,2025-11-14T00:23:31.955243,2025-11-09T21:23:31.955243,7.0
req_0667,tenant_029,Mekelle Steel Industry,mekelle.steel.industry@example.com,agreements,Partnership Agreement between Mekelle Steel Industry and IPDC,Processing partnership agreement between Mekelle Steel Industry and IPDC for land lease and utility services.,issued,normal,Mekelle Steel Industry,Solomon Haile,+251-91-3985867,contact@mekellesteelindustry.com,2025-07-29T00:23:31.955243,2025-09-11T00:23:31.955243,2025-07-29T13:23:31.955243,5.0
req_0668,tenant_040,Mekelle Steel Industry,mekelle.steel.industry@example.com,customs_exemption,Customs Duty Exemption for Raw Materials,Request for customs duty exemption on imported industrial machinery valued at USD 2 million as per investment permit.,rejected,normal,Mekelle Steel Industry,Abebe Bekele,+251-91-4784273,contact@mekellesteelindustry.com,2025-06-11T00:23:31.955243,2025-10-11T00:23:31.955243,2025-06-11T06:23:31.955243,
req_0669,tenant_050,Mekelle Steel Industry,mekelle.steel.industry@example.com,trade_name_registration,Trade Name Registration - Mekelle Manufacturing,Registration of trade name 'Mekelle Industries' for manufacturing and export business.,approved,high,Mekelle Steel Industry,Tigist Assefa,+251-91-6061738,contact@mekellesteelindustry.com,2025-04-04T00:23:31.955243,2025-05-20T00:23:31.955243,2025-04-05T10:23:31.955243,3.0
req_0670,tenant_010,Bole Lemi Garment Factory,bole.lemi.garment.factory@example.com,customs_exemption,Customs Duty Exemption for Raw Materials,Request for customs duty exemption on imported industrial machinery valued at USD 2 million as per investment permit.,approved,high,Bole Lemi Garment Factory,Abebe Bekele,+251-91-1675827,contact@bolelemigarmentfactory.com,2025-12-03T00:23:31.955243,2026-01-07T00:23:31.955243,2025-12-04T05:23:31.955243,9.0
req_0671,tenant_039,Dessie Textile Mills,dessie.textile.mills@example.com,tin_issuance,TIN Certificate Request - Dessie Textile Mills,Tax Identification Number (TIN) application for Dessie Textile Mills to commence business operations.,rejected,normal,Dessie Textile Mills,Solomon Haile,+251-91-3252959,contact@dessietextilemills.com,2025-09-17T00:23:31.955243,2025-11-02T00:23:31.955243,2025-09-18T19:23:31.955243,
req_0672,tenant_006,Addis Manufacturing PLC,addis.manufacturing.plc@example.com,agreements,Partnership Agreement between Addis Manufacturing PLC and IPDC,Processing partnership agreement between Addis Manufacturing PLC and IPDC for land lease and utility services.,issued,normal,Addis Manufacturing PLC,Abebe Bekele,+251-91-9981588,contact@addismanufacturingplc.com,2025-07-15T00:23:31.955243,2026-01-09T00:23:31.955243,2025-07-16T21:23:31.955243,7.0
req_0673,tenant_030,Addis Manufacturing PLC,addis.manufacturing.plc@example.com,tin_issuance,TIN Certificate Request - Addis Manufacturing PLC,Tax Identification Number (TIN) application for Addis Manufacturing PLC to commence business operations.,issued,normal,Addis Manufacturing PLC,Almaz Tesfaye,+251-91-4460807,contact@addismanufacturingplc.com,2025-07-28T00:23:31.955243,2025-10-22T00:23:31.955243,2025-07-28T22:23:31.955243,2.0
req_0674,tenant_020,Kombolcha Industrial Park Ltd,kombolcha.industrial.park.ltd@example.com,trade_name_registration,Trade Name Registration - Kombolcha Manufacturing,Registration of trade name 'Kombolcha Industries' for manufacturing and export business.,issued,normal,Kombolcha Industrial Park Ltd,Solomon Haile,+251-91-3079398,contact@kombolchaindustrialparkltd.com,2025-04-20T00:23:31.955243,2025-08-19T00:23:31.955243,2025-04-20T23:23:31.955243,2.0
req_0675,tenant_036,Nazret Agro Processing,nazret.agro.processing@example.com,customs_clearance,Import Clearance - Machinery and Equipment,Import clearance for 50 tons of raw textile materials. Bill of lading no: BL-87985.,rejected,urgent,Nazret Agro Processing,Yohannes Gebre,+251-91-1384233,contact@nazretagroprocessing.com,2025-08-23T00:23:31.955243,2025-11-08T00:23:31.955243,2025-08-24T22:23:31.955243,
req_0676,tenant_030,Bole Lemi Garment Factory,bole.lemi.garment.factory@example.com,tin_issuance,TIN Certificate Request - Bole Lemi Garment Factory,Tax Identification Number (TIN) application for Bole Lemi Garment Factory to commence business operations.,issued,normal,Bole Lemi Garment Factory,Yohannes Gebre,+251-91-7533040,contact@bolelemigarmentfactory.com,2025-05-25T00:23:31.955243,2025-12-08T00:23:31.955243,2025-05-26T05:23:31.955243,2.0
req_0677,tenant_008,Bole Lemi Garment Factory,bole.lemi.garment.factory@example.com,customs_clearance,Import Clearance - Machinery and Equipment,Import clearance for 50 tons of raw textile materials. Bill of lading no: BL-31264.,issued,urgent,Bole Lemi Garment Factory,Almaz Tesfaye,+251-91-6608672,contact@bolelemigarmentfactory.com,2025-09-04T00:23:31.955243,2025-12-04T00:23:31.955243,2025-09-04T11:23:31.955243,2.0
req_0678,tenant_018,Dire Dawa Leather Factory,dire.dawa.leather.factory@example.com,agreements,Partnership Agreement between Dire Dawa Leather Factory and IPDC,Processing partnership agreement between Dire Dawa Leather Factory and IPDC for land lease and utility services.,rejected,low,Dire Dawa Leather Factory,Yohannes Gebre,+251-91-4141192,contact@diredawaleatherfactory.com,2025-01-25T00:23:31.955243,2025-04-08T00:23:31.955243,2025-01-25T10:23:31.955243,
req_0679,tenant_004,Jimma Coffee Processing,jimma.coffee.processing@example.com,agreements,Partnership Agreement between Jimma Coffee Processing and IPDC,Processing partnership agreement between Jimma Coffee Processing and IPDC for land lease and utility services.,rejected,high,Jimma Coffee Processing,Tigist Assefa,+251-91-4125725,contact@jimmacoffeeprocessing.com,2025-11-10T00:23:31.955243,2025-12-26T00:23:31.955243,2025-11-11T07:23:31.955243,
req_0680,tenant_032,Jimma Coffee Processing,jimma.coffee.processing@example.com,customs_clearance,Import Clearance - Machinery and Equipment,Import clearance for 50 tons of raw textile materials. Bill of lading no: BL-75973.,issued,high,Jimma Coffee Processing,Yohannes Gebre,+251-91-7108418,contact@jimmacoffeeprocessing.com,2025-10-24T00:23:31.955243,2025-11-07T00:23:31.955243,2025-10-24T05:23:31.955243,4.0
req_0681,tenant_006,Bole Lemi Garment Factory,bole.lemi.garment.factory@example.com,tin_issuance,TIN Certificate Request - Bole Lemi Garment Factory,Tax Identification Number (TIN) application for Bole Lemi Garment Factory to commence business operations.,rejected,low,Bole Lemi Garment Factory,Solomon Haile,+251-91-1618935,contact@bolelemigarmentfactory.com,2025-02-26T00:23:31.955243,2026-01-03T00:23:31.955243,2025-02-26T16:23:31.955243,
req_0682,tenant_034,Mekelle Steel Industry,mekelle.steel.industry@example.com,trade_name_registration,Trade Name Registration - Mekelle Manufacturing,Registration of trade name 'Mekelle Industries' for manufacturing and export business.,rejected,high,Mekelle Steel Industry,Yohannes Gebre,+251-91-7338276,contact@mekellesteelindustry.com,2025-09-09T00:23:31.955243,2025-10-27T00:23:31.955243,2025-09-09T12:23:31.955243,
req_0683,tenant_047,Bahir Dar Pharmaceutical PLC,bahir.dar.pharmaceutical.plc@example.com,work_permit,Work Permit Application for Foreign Employee,Application for work permit for Mr. Zhang Wei (Chinese national) as Production Manager at Bahir Dar Pharmaceutical PLC. 2-year contract. CV and employment contract attached.,approved,urgent,Bahir Dar Pharmaceutical PLC,Solomon Haile,+251-91-4440250,contact@bahirdarpharmaceuticalplc.com,2025-06-02T00:23:31.955243,2025-12-31T00:23:31.955243,2025-06-02T10:23:31.955243,9.0
req_0684,tenant_015,Dessie Textile Mills,dessie.textile.mills@example.com,customs_clearance,Import Clearance - Machinery and Equipment,Import clearance for 50 tons of raw textile materials. Bill of lading no: BL-80008.,issued,high,Dessie Textile Mills,Yohannes Gebre,+251-91-2910957,contact@dessietextilemills.com,2025-10-29T00:23:31.955243,2025-11-04T00:23:31.955243,2025-10-30T03:23:31.955243,6.0
req_0685,tenant_033,Dire Dawa Leather Factory,dire.dawa.leather.factory@example.com,agreements,Partnership Agreement between Dire Dawa Leather Factory and IPDC,Processing partnership agreement between Dire Dawa Leather Factory and IPDC for land lease and utility services.,rejected,normal,Dire Dawa Leather Factory,Solomon Haile,+251-91-1692276,contact@diredawaleatherfactory.com,2025-03-01T00:23:31.955243,2025-08-22T00:23:31.955243,2025-03-01T04:23:31.955243,
req_0686,tenant_029,Dessie Textile Mills,dessie.textile.mills@example.com,work_permit,Work Permit Application for Foreign Employee,Application for work permit for Mr. Zhang Wei (Chinese national) as Production Manager at Dessie Textile Mills. 2-year contract. CV and employment contract attached.,rejected,urgent,Dessie Textile Mills,Tigist Assefa,+251-91-7249084,contact@dessietextilemills.com,2025-10-06T00:23:31.955243,2025-10-06T00:23:31.955243,2025-10-07T09:23:31.955243,
req_0687,tenant_042,Hawassa Textile Industry,hawassa.textile.industry@example.com,work_permit,Work Permit Application for Foreign Employee,Application for work permit for Mr. Zhang Wei (Chinese national) as Production Manager at Hawassa Textile Industry. 2-year contract. CV and employment contract attached.,pending_documents,urgent,Hawassa Textile Industry,Tigist Assefa,+251-91-6291585,contact@hawassatextileindustry.com,2025-12-24T00:23:31.955243,2026-01-01T00:23:31.955243,2025-12-24T01:23:31.955243,
req_0688,tenant_042,Dessie Textile Mills,dessie.textile.mills@example.com,notarization,MoU Notarization Service,Notarization required for Memorandum of Understanding between shareholders of Dessie Textile Mills.,issued,high,Dessie Textile Mills,Solomon Haile,+251-91-6989272,contact@dessietextilemills.com,2025-10-03T00:23:31.955243,2025-12-04T00:23:31.955243,2025-10-04T21:23:31.955243,1.0
req_0689,tenant_017,Bole Lemi Garment Factory,bole.lemi.garment.factory@example.com,tin_issuance,TIN Certificate Request - Bole Lemi Garment Factory,Tax Identification Number (TIN) application for Bole Lemi Garment Factory to commence business operations.,issued,low,Bole Lemi Garment Factory,Solomon Haile,+251-91-9366082,contact@bolelemigarmentfactory.com,2025-09-24T00:23:31.955243,2025-11-19T00:23:31.955243,2025-09-24T05:23:31.955243,1.0
req_0690,tenant_026,Dire Dawa Leather Factory,dire.dawa.leather.factory@example.com,tin_issuance,TIN Certificate Request - Dire Dawa Leather Factory,Tax Identification Number (TIN) application for Dire Dawa Leather Factory to commence business operations.,rejected,normal,Dire Dawa Leather Factory,Solomon Haile,+251-91-6370857,contact@diredawaleatherfactory.com,2025-03-14T00:23:31.955243,2025-11-10T00:23:31.955243,2025-03-15T11:23:31.955243,
req_0691,tenant_016,Bole Lemi Garment Factory,bole.lemi.garment.factory@example.com,notarization,MoU Notarization Service,Notarization required for Memorandum of Understanding between shareholders of Bole Lemi Garment Factory.,approved,urgent,Bole Lemi Garment Factory,Almaz Tesfaye,+251-91-1522874,contact@bolelemigarmentfactory.com,2025-12-29T00:23:31.955243,2025-12-30T00:23:31.955243,2025-12-29T07:23:31.955243,0.0
req_0692,tenant_016,Jimma Coffee Processing,jimma.coffee.processing@example.com,work_permit,Work Permit Application for Foreign Employee,Application for work permit for Mr. Zhang Wei (Chinese national) as Production Manager at Jimma Coffee Processing. 2-year contract. CV and employment contract attached.,under_review,high,Jimma Coffee Processing,Abebe Bekele,+251-91-5271465,contact@jimmacoffeeprocessing.com,2026-01-04T00:23:31.955243,2026-01-05T00:23:31.955243,2026-01-04T06:23:31.955243,
req_0693,tenant_012,Addis Manufacturing PLC,addis.manufacturing.plc@example.com,business_license,Business License Renewal for Addis Manufacturing PLC,Request to renew business operating license for Addis Manufacturing PLC. Previous license expires next month. All compliance documents attached.,issued,normal,Addis Manufacturing PLC,Abebe Bekele,+251-91-5755222,contact@addismanufacturingplc.com,2025-05-24T00:23:31.955243,2025-07-30T00:23:31.955243,2025-05-25T22:23:31.955243,5.0
req_0694,tenant_033,Jimma Coffee Processing,jimma.coffee.processing@example.com,notarization,MoU Notarization Service,Notarization required for Memorandum of Understanding between shareholders of Jimma Coffee Processing.,rejected,normal,Jimma Coffee Processing,Solomon Haile,+251-91-7564046,contact@jimmacoffeeprocessing.com,2025-05-17T00:23:31.955243,2025-08-13T00:23:31.955243,2025-05-18T22:23:31.955243,
req_0695,tenant_046,Jimma Coffee Processing,jimma.coffee.processing@example.com,trade_name_registration,Trade Name Registration - Jimma Manufacturing,Registration of trade name 'Jimma Industries' for manufacturing and export business.,rejected,normal,Jimma Coffee Processing,Yohannes Gebre,+251-91-7758450,contact@jimmacoffeeprocessing.com,2025-07-15T00:23:31.955243,2025-12-25T00:23:31.955243,2025-07-15T09:23:31.955243,
req_0696,tenant_004,Dire Dawa Leather Factory,dire.dawa.leather.factory@example.com,customs_clearance,Import Clearance - Machinery and Equipment,Import clearance for 50 tons of raw textile materials. Bill of lading no: BL-78974.,issued,urgent,Dire Dawa Leather Factory,Yohannes Gebre,+251-91-9263145,contact@diredawaleatherfactory.com,2025-08-18T00:23:31.955243,2026-01-08T00:23:31.955243,2025-08-19T23:23:31.955243,3.0
req_0697,tenant_046,Hawassa Textile Industry,hawassa.textile.industry@example.com,work_permit,Work Permit Application for Foreign Employee,Application for work permit for Mr. Zhang Wei (Chinese national) as Production Manager at Hawassa Textile Industry. 2-year contract. CV and employment contract attached.,approved,high,Hawassa Textile Industry,Almaz Tesfaye,+251-91-5399047,contact@hawassatextileindustry.com,2025-01-22T00:23:31.955243,2025-08-17T00:23:31.955243,2025-01-23T15:23:31.955243,18.0
req_0698,tenant_029,Adama Food Processing,adama.food.processing@example.com,customs_clearance,Import Clearance - Machinery and Equipment,Import clearance for 50 tons of raw textile materials. Bill of lading no: BL-92176.,issued,high,Adama Food Processing,Tigist Assefa,+251-91-6073754,contact@adamafoodprocessing.com,2025-08-29T00:23:31.955243,2025-09-24T00:23:31.955243,2025-08-29T02:23:31.955243,3.0
req_0699,tenant_031,Nazret Agro Processing,nazret.agro.processing@example.com,customs_clearance,Import Clearance - Machinery and Equipment,Import clearance for 50 tons of raw textile materials. Bill of lading no: BL-38416.,approved,high,Nazret Agro Processing,Yohannes Gebre,+251-91-6028260,contact@nazretagroprocessing.com,2025-04-23T00:23:31.955243,2025-07-31T00:23:31.955243,2025-04-23T12:23:31.955243,5.0
req_0700,tenant_046,Jimma Coffee Processing,jimma.coffee.processing@example.com,notarization,MoU Notarization Service,Notarization required for Memorandum of Understanding between shareholders of Jimma Coffee Processing.,issued,normal,Jimma Coffee Processing,Tigist Assefa,+251-91-4599153,contact@jimmacoffeeprocessing.com,2025-01-26T00:23:31.955243,2025-04-01T00:23:31.955243,2025-01-26T11:23:31.955243,1.0
req_0701,tenant_016,Bahir Dar Pharmaceutical PLC,bahir.dar.pharmaceutical.plc@example.com,banking_services,Loan Application for Working Capital,Application for working capital loan of 5 million ETB for Bahir Dar Pharmaceutical PLC expansion project.,rejected,low,Bahir Dar Pharmaceutical PLC,Yohannes Gebre,+251-91-2151420,contact@bahirdarpharmaceuticalplc.com,2025-05-28T00:23:31.955243,2025-08-12T00:23:31.955243,2025-05-29T23:23:31.955243,
req_0702,tenant_022,Jimma Coffee Processing,jimma.coffee.processing@example.com,work_permit,Work Permit Application for Foreign Employee,Application for work permit for Mr. Zhang Wei (Chinese national) as Production Manager at Jimma Coffee Processing. 2-year contract. CV and employment contract attached.,rejected,high,Jimma Coffee Processing,Yohannes Gebre,+251-91-8465026,contact@jimmacoffeeprocessing.com,2025-04-28T00:23:31.955243,2025-05-11T00:23:31.955243,2025-04-28T06:23:31.955243,
req_0703,tenant_012,Gondar Ceramics Industry,gondar.ceramics.industry@example.com,customs_exemption,Customs Duty Exemption for Raw Materials,Request for customs duty exemption on imported industrial machinery valued at USD 2 million as per investment permit.,issued,normal,Gondar Ceramics Industry,Solomon Haile,+251-91-6158318,contact@gondarceramicsindustry.com,2025-06-13T00:23:31.955243,2025-06-13T00:23:31.955243,2025-06-13T17:23:31.955243,12.0
req_0704,tenant_029,Bole Lemi Garment Factory,bole.lemi.garment.factory@example.com,customs_exemption,Customs Duty Exemption for Raw Materials,Request for customs duty exemption on imported industrial machinery valued at USD 2 million as per investment permit.,rejected,normal,Bole Lemi Garment Factory,Tigist Assefa,+251-91-7435651,contact@bolelemigarmentfactory.com,2025-04-30T00:23:31.955243,2025-11-15T00:23:31.955243,2025-05-01T03:23:31.955243,
req_0705,tenant_033,Mekelle Steel Industry,mekelle.steel.industry@example.com,agreements,Partnership Agreement between Mekelle Steel Industry and IPDC,Processing partnership agreement between Mekelle Steel Industry and IPDC for land lease and utility services.,approved,urgent,Mekelle Steel Industry,Solomon Haile,+251-91-9588476,contact@mekellesteelindustry.com,2025-10-18T00:23:31.955243,2025-11-30T00:23:31.955243,2025-10-19T18:23:31.955243,3.0
req_0706,tenant_039,Addis Manufacturing PLC,addis.manufacturing.plc@example.com,trade_name_registration,Trade Name Registration - Addis Manufacturing,Registration of trade name 'Addis Industries' for manufacturing and export business.,issued,low,Addis Manufacturing PLC,Almaz Tesfaye,+251-91-4764016,contact@addismanufacturingplc.com,2025-07-07T00:23:31.955243,2025-12-19T00:23:31.955243,2025-07-08T15:23:31.955243,3.0
req_0707,tenant_048,Jimma Coffee Processing,jimma.coffee.processing@example.com,customs_clearance,Import Clearance - Machinery and Equipment,Import clearance for 50 tons of raw textile materials. Bill of lading no: BL-69325.,issued,high,Jimma Coffee Processing,Tigist Assefa,+251-91-5730843,contact@jimmacoffeeprocessing.com,2025-05-21T00:23:31.955243,2025-05-25T00:23:31.955243,2025-05-22T22:23:31.955243,5.0
req_0708,tenant_033,Mekelle Steel Industry,mekelle.steel.industry@example.com,agreements,Partnership Agreement between Mekelle Steel Industry and IPDC,Processing partnership agreement between Mekelle Steel Industry and IPDC for land lease and utility services.,rejected,high,Mekelle Steel Industry,Tigist Assefa,+251-91-1541313,contact@mekellesteelindustry.com,2025-09-30T00:23:31.955243,2026-01-07T00:23:31.955243,2025-10-01T08:23:31.955243,
req_0709,tenant_026,Mekelle Steel Industry,mekelle.steel.industry@example.com,tin_issuance,TIN Certificate Request - Mekelle Steel Industry,Tax Identification Number (TIN) application for Mekelle Steel Industry to commence business operations.,issued,urgent,Mekelle Steel Industry,Tigist Assefa,+251-91-1353542,contact@mekellesteelindustry.com,2025-04-06T00:23:31.955243,2025-09-15T00:23:31.955243,2025-04-07T05:23:31.955243,0.0
req_0710,tenant_007,Mekelle Steel Industry,mekelle.steel.industry@example.com,work_permit,Work Permit Application for Foreign Employee,Application for work permit for Mr. Zhang Wei (Chinese national) as Production Manager at Mekelle Steel Industry. 2-year contract. CV and employment contract attached.,approved,low,Mekelle Steel Industry,Solomon Haile,+251-91-1111472,contact@mekellesteelindustry.com,2025-05-21T00:23:31.955243,2025-09-05T00:23:31.955243,2025-05-22T22:23:31.955243,28.0
req_0711,tenant_007,Nazret Agro Processing,nazret.agro.processing@example.com,trade_name_registration,Trade Name Registration - Nazret Manufacturing,Registration of trade name 'Nazret Industries' for manufacturing and export business.,under_review,normal,Nazret Agro Processing,Solomon Haile,+251-91-5439522,contact@nazretagroprocessing.com,2025-12-15T00:23:31.955243,2026-01-07T00:23:31.955243,2025-12-16T12:23:31.955243,
req_0712,tenant_003,Kombolcha Industrial Park Ltd,kombolcha.industrial.park.ltd@example.com,tin_issuance,TIN Certificate Request - Kombolcha Industrial Park Ltd,Tax Identification Number (TIN) application for Kombolcha Industrial Park Ltd to commence business operations.,approved,normal,Kombolcha Industrial Park Ltd,Tigist Assefa,+251-91-1486539,contact@kombolchaindustrialparkltd.com,2025-10-31T00:23:31.955243,2025-12-08T00:23:31.955243,2025-10-31T12:23:31.955243,2.0
req_0713,tenant_010,Bole Lemi Garment Factory,bole.lemi.garment.factory@example.com,tin_issuance,TIN Certificate Request - Bole Lemi Garment Factory,Tax Identification Number (TIN) application for Bole Lemi Garment Factory to commence business operations.,issued,high,Bole Lemi Garment Factory,Abebe Bekele,+251-91-5329361,contact@bolelemigarmentfactory.com,2025-06-02T00:23:31.955243,2025-12-07T00:23:31.955243,2025-06-03T08:23:31.955243,2.0
req_0714,tenant_007,Bole Lemi Garment Factory,bole.lemi.garment.factory@example.com,work_permit,Work Permit Application for Foreign Employee,Application for work permit for Mr. Zhang Wei (Chinese national) as Production Manager at Bole Lemi Garment Factory. 2-year contract. CV and employment contract attached.,draft,low,Bole Lemi Garment Factory,Tigist Assefa,+251-91-6972821,contact@bolelemigarmentfactory.com,2026-01-10T00:23:31.955243,2026-01-10T00:23:31.955243,,
req_0715,tenant_023,Dire Dawa Leather Factory,dire.dawa.leather.factory@example.com,tin_issuance,TIN Certificate Request - Dire Dawa Leather Factory,Tax Identification Number (TIN) application for Dire Dawa Leather Factory to commence business operations.,rejected,normal,Dire Dawa Leather Factory,Tigist Assefa,+251-91-5630654,contact@diredawaleatherfactory.com,2025-02-24T00:23:31.955243,2025-10-21T00:23:31.955243,2025-02-25T19:23:31.955243,
req_0716,tenant_005,Dessie Textile Mills,dessie.textile.mills@example.com,customs_clearance,Import Clearance - Machinery and Equipment,Import clearance for 50 tons of raw textile materials. Bill of lading no: BL-77345.,issued,high,Dessie Textile Mills,Solomon Haile,+251-91-1323057,contact@dessietextilemills.com,2025-04-28T00:23:31.955243,2025-12-25T00:23:31.955243,2025-04-29T02:23:31.955243,7.0
req_0717,tenant_025,Mekelle Steel Industry,mekelle.steel.industry@example.com,trade_name_registration,Trade Name Registration - Mekelle Manufacturing,Registration of trade name 'Mekelle Industries' for manufacturing and export business.,approved,normal,Mekelle Steel Industry,Yohannes Gebre,+251-91-6153044,contact@mekellesteelindustry.com,2025-05-07T00:23:31.955243,2025-05-17T00:23:31.955243,2025-05-07T21:23:31.955243,2.0
req_0718,tenant_024,Addis Manufacturing PLC,addis.manufacturing.plc@example.com,work_permit,Work Permit Application for Foreign Employee,Application for work permit for Mr. Zhang Wei (Chinese national) as Production Manager at Addis Manufacturing PLC. 2-year contract. CV and employment contract attached.,issued,normal,Addis Manufacturing PLC,Solomon Haile,+251-91-5565808,contact@addismanufacturingplc.com,2025-03-31T00:23:31.955243,2025-11-30T00:23:31.955243,2025-03-31T22:23:31.955243,18.0
req_0719,tenant_003,Nazret Agro Processing,nazret.agro.processing@example.com,notarization,MoU Notarization Service,Notarization required for Memorandum of Understanding between shareholders of Nazret Agro Processing.,issued,normal,Nazret Agro Processing,Yohannes Gebre,+251-91-8717884,contact@nazretagroprocessing.com,2025-08-01T00:23:31.955243,2025-11-17T00:23:31.955243,2025-08-02T12:23:31.955243,1.0
req_0720,tenant_025,Dire Dawa Leather Factory,dire.dawa.leather.factory@example.com,trade_name_registration,Trade Name Registration - Dire Manufacturing,Registration of trade name 'Dire Industries' for manufacturing and export business.,approved,normal,Dire Dawa Leather Factory,Solomon Haile,+251-91-6126092,contact@diredawaleatherfactory.com,2025-11-24T00:23:31.955243,2025-12-24T00:23:31.955243,2025-11-24T20:23:31.955243,2.0
req_0721,tenant_043,Bole Lemi Garment Factory,bole.lemi.garment.factory@example.com,commercial_registration,Commercial Registration - Bole Lemi Garment Factory,Bole Lemi Garment Factory requires commercial registration certificate for newly established manufacturing entity. Registered capital: 10 million ETB.,rejected,normal,Bole Lemi Garment Factory,Tigist Assefa,+251-91-2902593,contact@bolelemigarmentfactory.com,2025-07-29T00:23:31.955243,2025-09-09T00:23:31.955243,2025-07-30T08:23:31.955243,
req_0722,tenant_029,Kombolcha Industrial Park Ltd,kombolcha.industrial.park.ltd@example.com,customs_exemption,Customs Duty Exemption for Raw Materials,Request for customs duty exemption on imported industrial machinery valued at USD 2 million as per investment permit.,rejected,low,Kombolcha Industrial Park Ltd,Almaz Tesfaye,+251-91-5184884,contact@kombolchaindustrialparkltd.com,2025-10-21T00:23:31.955243,2025-11-17T00:23:31.955243,2025-10-21T07:23:31.955243,
req_0723,tenant_011,Adama Food Processing,adama.food.processing@example.com,trade_name_registration,Trade Name Registration - Adama Manufacturing,Registration of trade name 'Adama Industries' for manufacturing and export business.,approved,low,Adama Food Processing,Tigist Assefa,+251-91-7404204,contact@adamafoodprocessing.com,2025-03-26T00:23:31.955243,2025-10-22T00:23:31.955243,2025-03-26T11:23:31.955243,1.0
req_0724,tenant_025,Mekelle Steel Industry,mekelle.steel.industry@example.com,customs_clearance,Import Clearance - Machinery and Equipment,Import clearance for 50 tons of raw textile materials. Bill of lading no: BL-82226.,approved,normal,Mekelle Steel Industry,Tigist Assefa,+251-91-9567361,contact@mekellesteelindustry.com,2025-12-05T00:23:31.955243,2025-12-26T00:23:31.955243,2025-12-05T15:23:31.955243,4.0
req_0725,tenant_044,Dire Dawa Leather Factory,dire.dawa.leather.factory@example.com,notarization,MoU Notarization Service,Notarization required for Memorandum of Understanding between shareholders of Dire Dawa Leather Factory.,rejected,low,Dire Dawa Leather Factory,Abebe Bekele,+251-91-5610841,contact@diredawaleatherfactory.com,2025-09-28T00:23:31.955243,2025-12-29T00:23:31.955243,2025-09-29T22:23:31.955243,
req_0726,tenant_029,Jimma Coffee Processing,jimma.coffee.processing@example.com,investment_permit,New Investment Permit Application - Jimma Coffee Processing,"Jimma Coffee Processing is applying for an investment permit for a new textile manufacturing facility in Hawassa Industrial Park. Expected capital investment: USD 5 million, creating 500 jobs.",approved,low,Jimma Coffee Processing,Almaz Tesfaye,+251-91-6379948,contact@jimmacoffeeprocessing.com,2025-05-01T00:23:31.955243,2025-10-21T00:23:31.955243,2025-05-02T08:23:31.955243,21.0
req_0727,tenant_035,Hawassa Textile Industry,hawassa.textile.industry@example.com,banking_services,Loan Application for Working Capital,Application for working capital loan of 5 million ETB for Hawassa Textile Industry expansion project.,rejected,urgent,Hawassa Textile Industry,Tigist Assefa,+251-91-4203685,contact@hawassatextileindustry.com,2025-05-23T00:23:31.955243,2025-12-03T00:23:31.955243,2025-05-24T00:23:31.955243,
req_0728,tenant_018,Adama Food Processing,adama.food.processing@example.com,banking_services,Loan Application for Working Capital,Application for working capital loan of 5 million ETB for Adama Food Processing expansion project.,approved,normal,Adama Food Processing,Yohannes Gebre,+251-91-5940167,contact@adamafoodprocessing.com,2025-07-16T00:23:31.955243,2025-12-04T00:23:31.955243,2025-07-17T15:23:31.955243,5.0
req_0729,tenant_048,Jimma Coffee Processing,jimma.coffee.processing@example.com,tin_issuance,TIN Certificate Request - Jimma Coffee Processing,Tax Identification Number (TIN) application for Jimma Coffee Processing to commence business operations.,rejected,low,Jimma Coffee Processing,Tigist Assefa,+251-91-8775271,contact@jimmacoffeeprocessing.com,2025-03-05T00:23:31.955243,2026-01-04T00:23:31.955243,2025-03-06T18:23:31.955243,
req_0730,tenant_021,Bahir Dar Pharmaceutical PLC,bahir.dar.pharmaceutical.plc@example.com,trade_name_registration,Trade Name Registration - Bahir Manufacturing,Registration of trade name 'Bahir Industries' for manufacturing and export business.,rejected,high,Bahir Dar Pharmaceutical PLC,Yohannes Gebre,+251-91-7480552,contact@bahirdarpharmaceuticalplc.com,2025-07-24T00:23:31.955243,2025-12-20T00:23:31.955243,2025-07-25T09:23:31.955243,
req_0731,tenant_004,Dessie Textile Mills,dessie.textile.mills@example.com,investment_permit,New Investment Permit Application - Dessie Textile Mills,"Dessie Textile Mills is applying for an investment permit for a new textile manufacturing facility in Hawassa Industrial Park. Expected capital investment: USD 5 million, creating 500 jobs.",issued,high,Dessie Textile Mills,Abebe Bekele,+251-91-3382037,contact@dessietextilemills.com,2025-09-09T00:23:31.955243,2025-12-26T00:23:31.955243,2025-09-10T18:23:31.955243,10.0
req_0732,tenant_012,Dessie Textile Mills,dessie.textile.mills@example.com,notarization,MoU Notarization Service,Notarization required for Memorandum of Understanding between shareholders of Dessie Textile Mills.,rejected,normal,Dessie Textile Mills,Almaz Tesfaye,+251-91-6148244,contact@dessietextilemills.com,2025-02-10T00:23:31.955243,2025-02-26T00:23:31.955243,2025-02-10T18:23:31.955243,
req_0733,tenant_027,Bole Lemi Garment Factory,bole.lemi.garment.factory@example.com,work_permit,Work Permit Application for Foreign Employee,Application for work permit for Mr. Zhang Wei (Chinese national) as Production Manager at Bole Lemi Garment Factory. 2-year contract. CV and employment contract attached.,draft,normal,Bole Lemi Garment Factory,Tigist Assefa,+251-91-4771073,contact@bolelemigarmentfactory.com,2026-01-09T00:23:31.955243,2026-01-10T00:23:31.955243,,
req_0734,tenant_035,Jimma Coffee Processing,jimma.coffee.processing@example.com,customs_exemption,Customs Duty Exemption for Raw Materials,Request for customs duty exemption on imported industrial machinery valued at USD 2 million as per investment permit.,rejected,normal,Jimma Coffee Processing,Tigist Assefa,+251-91-9314874,contact@jimmacoffeeprocessing.com,2025-05-24T00:23:31.955243,2025-06-16T00:23:31.955243,2025-05-25T08:23:31.955243,
req_0735,tenant_032,Hawassa Textile Industry,hawassa.textile.industry@example.com,work_permit,Work Permit Application for Foreign Employee,Application for work permit for Mr. Zhang Wei (Chinese national) as Production Manager at Hawassa Textile Industry. 2-year contract. CV and employment contract attached.,rejected,urgent,Hawassa Textile Industry,Yohannes Gebre,+251-91-4930850,contact@hawassatextileindustry.com,2025-09-15T00:23:31.955243,2025-12-16T00:23:31.955243,2025-09-16T07:23:31.955243,
req_0736,tenant_030,Jimma Coffee Processing,jimma.coffee.processing@example.com,investment_permit,New Investment Permit Application - Jimma Coffee Processing,"Jimma Coffee Processing is applying for an investment permit for a new textile manufacturing facility in Hawassa Industrial Park. Expected capital investment: USD 5 million, creating 500 jobs.",rejected,normal,Jimma Coffee Processing,Solomon Haile,+251-91-3597200,contact@jimmacoffeeprocessing.com,2025-09-10T00:23:31.955243,2025-10-11T00:23:31.955243,2025-09-11T07:23:31.955243,
req_0737,tenant_010,Gondar Ceramics Industry,gondar.ceramics.industry@example.com,tin_issuance,TIN Certificate Request - Gondar Ceramics Industry,Tax Identification Number (TIN) application for Gondar Ceramics Industry to commence business operations.,rejected,high,Gondar Ceramics Industry,Abebe Bekele,+251-91-6221269,contact@gondarceramicsindustry.com,2025-10-29T00:23:31.955243,2025-11-06T00:23:31.955243,2025-10-29T07:23:31.955243,
req_0738,tenant_023,Dire Dawa Leather Factory,dire.dawa.leather.factory@example.com,business_license,Business License Renewal for Dire Dawa Leather Factory,Request to renew business operating license for Dire Dawa Leather Factory. Previous license expires next month. All compliance documents attached.,approved,normal,Dire Dawa Leather Factory,Almaz Tesfaye,+251-91-1448878,contact@diredawaleatherfactory.com,2025-07-29T00:23:31.955243,2025-10-10T00:23:31.955243,2025-07-30T12:23:31.955243,7.0
req_0739,tenant_044,Dessie Textile Mills,dessie.textile.mills@example.com,banking_services,Loan Application for Working Capital,Application for working capital loan of 5 million ETB for Dessie Textile Mills expansion project.,rejected,urgent,Dessie Textile Mills,Tigist Assefa,+251-91-3919296,contact@dessietextilemills.com,2025-06-07T00:23:31.955243,2025-06-14T00:23:31.955243,2025-06-07T21:23:31.955243,
req_0740,tenant_024,Mekelle Steel Industry,mekelle.steel.industry@example.com,banking_services,Loan Application for Working Capital,Application for working capital loan of 5 million ETB for Mekelle Steel Industry expansion project.,approved,high,Mekelle Steel Industry,Solomon Haile,+251-91-3559642,contact@mekellesteelindustry.com,2025-06-15T00:23:31.955243,2025-08-20T00:23:31.955243,2025-06-15T02:23:31.955243,10.0
req_0741,tenant_037,Dessie Textile Mills,dessie.textile.mills@example.com,commercial_registration,Commercial Registration - Dessie Textile Mills,Dessie Textile Mills requires commercial registration certificate for newly established manufacturing entity. Registered capital: 10 million ETB.,rejected,urgent,Dessie Textile Mills,Abebe Bekele,+251-91-1389204,contact@dessietextilemills.com,2025-10-06T00:23:31.955243,2025-12-05T00:23:31.955243,2025-10-07T18:23:31.955243,
req_0742,tenant_039,Dessie Textile Mills,dessie.textile.mills@example.com,work_permit,Work Permit Application for Foreign Employee,Application for work permit for Mr. Zhang Wei (Chinese national) as Production Manager at Dessie Textile Mills. 2-year contract. CV and employment contract attached.,approved,high,Dessie Textile Mills,Abebe Bekele,+251-91-7507742,contact@dessietextilemills.com,2025-01-30T00:23:31.955243,2025-05-18T00:23:31.955243,2025-01-30T07:23:31.955243,21.0
req_0743,tenant_028,Dire Dawa Leather Factory,dire.dawa.leather.factory@example.com,banking_services,Loan Application for Working Capital,Application for working capital loan of 5 million ETB for Dire Dawa Leather Factory expansion project.,rejected,urgent,Dire Dawa Leather Factory,Almaz Tesfaye,+251-91-9289429,contact@diredawaleatherfactory.com,2025-05-11T00:23:31.955243,2025-07-29T00:23:31.955243,2025-05-11T02:23:31.955243,
req_0744,tenant_025,Jimma Coffee Processing,jimma.coffee.processing@example.com,customs_clearance,Import Clearance - Machinery and Equipment,Import clearance for 50 tons of raw textile materials. Bill of lading no: BL-65532.,approved,normal,Jimma Coffee Processing,Almaz Tesfaye,+251-91-8690555,contact@jimmacoffeeprocessing.com,2025-07-21T00:23:31.955243,2025-10-29T00:23:31.955243,2025-07-22T21:23:31.955243,7.0
req_0745,tenant_021,Kombolcha Industrial Park Ltd,kombolcha.industrial.park.ltd@example.com,tin_issuance,TIN Certificate Request - Kombolcha Industrial Park Ltd,Tax Identification Number (TIN) application for Kombolcha Industrial Park Ltd to commence business operations.,rejected,low,Kombolcha Industrial Park Ltd,Solomon Haile,+251-91-9826337,contact@kombolchaindustrialparkltd.com,2025-09-29T00:23:31.955243,2025-11-22T00:23:31.955243,2025-09-29T21:23:31.955243,
req_0746,tenant_017,Adama Food Processing,adama.food.processing@example.com,notarization,MoU Notarization Service,Notarization required for Memorandum of Understanding between shareholders of Adama Food Processing.,rejected,urgent,Adama Food Processing,Almaz Tesfaye,+251-91-8627451,contact@adamafoodprocessing.com,2025-01-17T00:23:31.955243,2025-04-11T00:23:31.955243,2025-01-18T10:23:31.955243,
req_0747,tenant_037,Bole Lemi Garment Factory,bole.lemi.garment.factory@example.com,tin_issuance,TIN Certificate Request - Bole Lemi Garment Factory,Tax Identification Number (TIN) application for Bole Lemi Garment Factory to commence business operations.,approved,normal,Bole Lemi Garment Factory,Almaz Tesfaye,+251-91-8474425,contact@bolelemigarmentfactory.com,2025-03-15T00:23:31.955243,2025-11-02T00:23:31.955243,2025-03-16T08:23:31.955243,1.0
req_0748,tenant_024,Addis Manufacturing PLC,addis.manufacturing.plc@example.com,business_license,Business License Renewal for Addis Manufacturing PLC,Request to renew business operating license for Addis Manufacturing PLC. Previous license expires next month. All compliance documents attached.,approved,high,Addis Manufacturing PLC,Almaz Tesfaye,+251-91-3226223,contact@addismanufacturingplc.com,2025-03-26T00:23:31.955243,2025-07-17T00:23:31.955243,2025-03-27T05:23:31.955243,7.0
req_0749,tenant_034,Kombolcha Industrial Park Ltd,kombolcha.industrial.park.ltd@example.com,work_permit,Work Permit Application for Foreign Employee,Application for work permit for Mr. Zhang Wei (Chinese national) as Production Manager at Kombolcha Industrial Park Ltd. 2-year contract. CV and employment contract attached.,issued,normal,Kombolcha Industrial Park Ltd,Abebe Bekele,+251-91-4883763,contact@kombolchaindustrialparkltd.com,2025-01-23T00:23:31.955243,2025-06-09T00:23:31.955243,2025-01-24T05:23:31.955243,16.0
req_0750,tenant_029,Kombolcha Industrial Park Ltd,kombolcha.industrial.park.ltd@example.com,tin_issuance,TIN Certificate Request - Kombolcha Industrial Park Ltd,Tax Identification Number (TIN) application for Kombolcha Industrial Park Ltd to commence business operations.,approved,normal,Kombolcha Industrial Park Ltd,Abebe Bekele,+251-91-4567846,contact@kombolchaindustrialparkltd.com,2025-12-01T00:23:31.955243,2025-12-30T00:23:31.955243,2025-12-02T07:23:31.955243,1.0
req_0751,tenant_031,Kombolcha Industrial Park Ltd,kombolcha.industrial.park.ltd@example.com,tin_issuance,TIN Certificate Request - Kombolcha Industrial Park Ltd,Tax Identification Number (TIN) application for Kombolcha Industrial Park Ltd to commence business operations.,approved,normal,Kombolcha Industrial Park Ltd,Tigist Assefa,+251-91-6346591,contact@kombolchaindustrialparkltd.com,2025-11-17T00:23:31.955243,2025-12-15T00:23:31.955243,2025-11-18T04:23:31.955243,2.0
req_0752,tenant_041,Gondar Ceramics Industry,gondar.ceramics.industry@example.com,customs_clearance,Import Clearance - Machinery and Equipment,Import clearance for 50 tons of raw textile materials. Bill of lading no: BL-40282.,approved,normal,Gondar Ceramics Industry,Abebe Bekele,+251-91-4242405,contact@gondarceramicsindustry.com,2025-04-12T00:23:31.955243,2025-10-21T00:23:31.955243,2025-04-12T21:23:31.955243,7.0
req_0753,tenant_050,Kombolcha Industrial Park Ltd,kombolcha.industrial.park.ltd@example.com,work_permit,Work Permit Application for Foreign Employee,Application for work permit for Mr. Zhang Wei (Chinese national) as Production Manager at Kombolcha Industrial Park Ltd. 2-year contract. CV and employment contract attached.,rejected,urgent,Kombolcha Industrial Park Ltd,Almaz Tesfaye,+251-91-8193339,contact@kombolchaindustrialparkltd.com,2025-06-14T00:23:31.955243,2025-08-17T00:23:31.955243,2025-06-15T11:23:31.955243,
req_0754,tenant_024,Adama Food Processing,adama.food.processing@example.com,banking_services,Loan Application for Working Capital,Application for working capital loan of 5 million ETB for Adama Food Processing expansion project.,issued,urgent,Adama Food Processing,Abebe Bekele,+251-91-1853445,contact@adamafoodprocessing.com,2025-04-26T00:23:31.955243,2025-12-08T00:23:31.955243,2025-04-28T00:23:31.955243,3.0
req_0755,tenant_012,Hawassa Textile Industry,hawassa.textile.industry@example.com,customs_exemption,Customs Duty Exemption for Raw Materials,Request for customs duty exemption on imported industrial machinery valued at USD 2 million as per investment permit.,approved,high,Hawassa Textile Industry,Abebe Bekele,+251-91-3559048,contact@hawassatextileindustry.com,2025-05-23T00:23:31.955243,2025-06-06T00:23:31.955243,2025-05-24T04:23:31.955243,10.0
req_0756,tenant_013,Nazret Agro Processing,nazret.agro.processing@example.com,tin_issuance,TIN Certificate Request - Nazret Agro Processing,Tax Identification Number (TIN) application for Nazret Agro Processing to commence business operations.,issued,normal,Nazret Agro Processing,Solomon Haile,+251-91-1940942,contact@nazretagroprocessing.com,2025-08-16T00:23:31.955243,2025-10-27T00:23:31.955243,2025-08-17T06:23:31.955243,1.0
req_0757,tenant_038,Hawassa Textile Industry,hawassa.textile.industry@example.com,business_license,Business License Renewal for Hawassa Textile Industry,Request to renew business operating license for Hawassa Textile Industry. Previous license expires next month. All compliance documents attached.,rejected,normal,Hawassa Textile Industry,Solomon Haile,+251-91-9210337,contact@hawassatextileindustry.com,2025-05-09T00:23:31.955243,2025-09-21T00:23:31.955243,2025-05-09T13:23:31.955243,
req_0758,tenant_042,Hawassa Textile Industry,hawassa.textile.industry@example.com,commercial_registration,Commercial Registration - Hawassa Textile Industry,Hawassa Textile Industry requires commercial registration certificate for newly established manufacturing entity. Registered capital: 10 million ETB.,rejected,urgent,Hawassa Textile Industry,Yohannes Gebre,+251-91-2664066,contact@hawassatextileindustry.com,2025-06-09T00:23:31.955243,2025-08-31T00:23:31.955243,2025-06-10T12:23:31.955243,
req_0759,tenant_050,Nazret Agro Processing,nazret.agro.processing@example.com,customs_exemption,Customs Duty Exemption for Raw Materials,Request for customs duty exemption on imported industrial machinery valued at USD 2 million as per investment permit.,approved,normal,Nazret Agro Processing,Almaz Tesfaye,+251-91-2290637,contact@nazretagroprocessing.com,2025-05-22T00:23:31.955243,2025-06-06T00:23:31.955243,2025-05-23T01:23:31.955243,14.0
req_0760,tenant_020,Bole Lemi Garment Factory,bole.lemi.garment.factory@example.com,tin_issuance,TIN Certificate Request - Bole Lemi Garment Factory,Tax Identification Number (TIN) application for Bole Lemi Garment Factory to commence business operations.,issued,low,Bole Lemi Garment Factory,Tigist Assefa,+251-91-4582669,contact@bolelemigarmentfactory.com,2025-08-03T00:23:31.955243,2025-11-26T00:23:31.955243,2025-08-03T21:23:31.955243,1.0
req_0761,tenant_033,Jimma Coffee Processing,jimma.coffee.processing@example.com,commercial_registration,Commercial Registration - Jimma Coffee Processing,Jimma Coffee Processing requires commercial registration certificate for newly established manufacturing entity. Registered capital: 10 million ETB.,approved,normal,Jimma Coffee Processing,Tigist Assefa,+251-91-2524633,contact@jimmacoffeeprocessing.com,2025-03-25T00:23:31.955243,2025-10-08T00:23:31.955243,2025-03-26T23:23:31.955243,4.0
req_0762,tenant_006,Nazret Agro Processing,nazret.agro.processing@example.com,work_permit,Work Permit Application for Foreign Employee,Application for work permit for Mr. Zhang Wei (Chinese national) as Production Manager at Nazret Agro Processing. 2-year contract. CV and employment contract attached.,approved,urgent,Nazret Agro Processing,Solomon Haile,+251-91-2869237,contact@nazretagroprocessing.com,2025-09-06T00:23:31.955243,2025-09-28T00:23:31.955243,2025-09-06T21:23:31.955243,9.0
req_0763,tenant_008,Bole Lemi Garment Factory,bole.lemi.garment.factory@example.com,notarization,MoU Notarization Service,Notarization required for Memorandum of Understanding between shareholders of Bole Lemi Garment Factory.,issued,normal,Bole Lemi Garment Factory,Almaz Tesfaye,+251-91-5018797,contact@bolelemigarmentfactory.com,2025-09-22T00:23:31.955243,2025-11-28T00:23:31.955243,2025-09-23T06:23:31.955243,1.0
req_0764,tenant_028,Dessie Textile Mills,dessie.textile.mills@example.com,investment_permit,New Investment Permit Application - Dessie Textile Mills,"Dessie Textile Mills is applying for an investment permit for a new textile manufacturing facility in Hawassa Industrial Park. Expected capital investment: USD 5 million, creating 500 jobs.",approved,high,Dessie Textile Mills,Yohannes Gebre,+251-91-9287476,contact@dessietextilemills.com,2025-07-12T00:23:31.955243,2025-09-28T00:23:31.955243,2025-07-12T03:23:31.955243,20.0
req_0765,tenant_031,Jimma Coffee Processing,jimma.coffee.processing@example.com,commercial_registration,Commercial Registration - Jimma Coffee Processing,Jimma Coffee Processing requires commercial registration certificate for newly established manufacturing entity. Registered capital: 10 million ETB.,rejected,normal,Jimma Coffee Processing,Yohannes Gebre,+251-91-5690460,contact@jimmacoffeeprocessing.com,2025-08-01T00:23:31.955243,2025-12-21T00:23:31.955243,2025-08-02T22:23:31.955243,
req_0766,tenant_034,Adama Food Processing,adama.food.processing@example.com,work_permit,Work Permit Application for Foreign Employee,Application for work permit for Mr. Zhang Wei (Chinese national) as Production Manager at Adama Food Processing. 2-year contract. CV and employment contract attached.,approved,urgent,Adama Food Processing,Yohannes Gebre,+251-91-5643851,contact@adamafoodprocessing.com,2025-03-20T00:23:31.955243,2025-09-27T00:23:31.955243,2025-03-20T10:23:31.955243,10.0
req_0767,tenant_026,Hawassa Textile Industry,hawassa.textile.industry@example.com,investment_permit,New Investment Permit Application - Hawassa Textile Industry,"Hawassa Textile Industry is applying for an investment permit for a new textile manufacturing facility in Hawassa Industrial Park. Expected capital investment: USD 5 million, creating 500 jobs.",issued,normal,Hawassa Textile Industry,Solomon Haile,+251-91-3850017,contact@hawassatextileindustry.com,2025-04-04T00:23:31.955243,2025-07-08T00:23:31.955243,2025-04-05T03:23:31.955243,17.0
req_0768,tenant_031,Bahir Dar Pharmaceutical PLC,bahir.dar.pharmaceutical.plc@example.com,customs_clearance,Import Clearance - Machinery and Equipment,Import clearance for 50 tons of raw textile materials. Bill of lading no: BL-44293.,issued,high,Bahir Dar Pharmaceutical PLC,Tigist Assefa,+251-91-3990179,contact@bahirdarpharmaceuticalplc.com,2025-09-04T00:23:31.955243,2025-12-27T00:23:31.955243,2025-09-04T06:23:31.955243,7.0
req_0769,tenant_018,Nazret Agro Processing,nazret.agro.processing@example.com,investment_permit,New Investment Permit Application - Nazret Agro Processing,"Nazret Agro Processing is applying for an investment permit for a new textile manufacturing facility in Hawassa Industrial Park. Expected capital investment: USD 5 million, creating 500 jobs.",issued,low,Nazret Agro Processing,Yohannes Gebre,+251-91-3086782,contact@nazretagroprocessing.com,2025-09-23T00:23:31.955243,2025-11-04T00:23:31.955243,2025-09-23T13:23:31.955243,16.0
req_0770,tenant_036,Jimma Coffee Processing,jimma.coffee.processing@example.com,agreements,Partnership Agreement between Jimma Coffee Processing and IPDC,Processing partnership agreement between Jimma Coffee Processing and IPDC for land lease and utility services.,issued,normal,Jimma Coffee Processing,Almaz Tesfaye,+251-91-7711836,contact@jimmacoffeeprocessing.com,2025-04-20T00:23:31.955243,2025-06-15T00:23:31.955243,2025-04-21T19:23:31.955243,7.0
req_0771,tenant_045,Nazret Agro Processing,nazret.agro.processing@example.com,business_license,Business License Renewal for Nazret Agro Processing,Request to renew business operating license for Nazret Agro Processing. Previous license expires next month. All compliance documents attached.,under_review,normal,Nazret Agro Processing,Tigist Assefa,+251-91-7999969,contact@nazretagroprocessing.com,2025-12-18T00:23:31.955243,2025-12-21T00:23:31.955243,2025-12-18T23:23:31.955243,
req_0772,tenant_038,Dessie Textile Mills,dessie.textile.mills@example.com,tin_issuance,TIN Certificate Request - Dessie Textile Mills,Tax Identification Number (TIN) application for Dessie Textile Mills to commence business operations.,issued,normal,Dessie Textile Mills,Abebe Bekele,+251-91-7186022,contact@dessietextilemills.com,2025-03-14T00:23:31.955243,2025-09-18T00:23:31.955243,2025-03-15T05:23:31.955243,2.0
req_0773,tenant_029,Dessie Textile Mills,dessie.textile.mills@example.com,customs_clearance,Import Clearance - Machinery and Equipment,Import clearance for 50 tons of raw textile materials. Bill of lading no: BL-21516.,rejected,urgent,Dessie Textile Mills,Solomon Haile,+251-91-6021608,contact@dessietextilemills.com,2025-01-12T00:23:31.955243,2025-10-25T00:23:31.955243,2025-01-13T05:23:31.955243,
req_0774,tenant_001,Mekelle Steel Industry,mekelle.steel.industry@example.com,banking_services,Loan Application for Working Capital,Application for working capital loan of 5 million ETB for Mekelle Steel Industry expansion project.,approved,high,Mekelle Steel Industry,Yohannes Gebre,+251-91-3719383,contact@mekellesteelindustry.com,2025-10-07T00:23:31.955243,2025-11-16T00:23:31.955243,2025-10-08T07:23:31.955243,6.0
req_0775,tenant_025,Bahir Dar Pharmaceutical PLC,bahir.dar.pharmaceutical.plc@example.com,tin_issuance,TIN Certificate Request - Bahir Dar Pharmaceutical PLC,Tax Identification Number (TIN) application for Bahir Dar Pharmaceutical PLC to commence business operations.,approved,normal,Bahir Dar Pharmaceutical PLC,Abebe Bekele,+251-91-2731825,contact@bahirdarpharmaceuticalplc.com,2025-10-24T00:23:31.955243,2025-12-14T00:23:31.955243,2025-10-24T15:23:31.955243,1.0
req_0776,tenant_045,Bole Lemi Garment Factory,bole.lemi.garment.factory@example.com,commercial_registration,Commercial Registration - Bole Lemi Garment Factory,Bole Lemi Garment Factory requires commercial registration certificate for newly established manufacturing entity. Registered capital: 10 million ETB.,approved,high,Bole Lemi Garment Factory,Yohannes Gebre,+251-91-3039591,contact@bolelemigarmentfactory.com,2025-02-17T00:23:31.955243,2025-04-09T00:23:31.955243,2025-02-18T09:23:31.955243,3.0
req_0777,tenant_012,Dire Dawa Leather Factory,dire.dawa.leather.factory@example.com,commercial_registration,Commercial Registration - Dire Dawa Leather Factory,Dire Dawa Leather Factory requires commercial registration certificate for newly established manufacturing entity. Registered capital: 10 million ETB.,approved,normal,Dire Dawa Leather Factory,Tigist Assefa,+251-91-3060706,contact@diredawaleatherfactory.com,2025-06-28T00:23:31.955243,2025-07-01T00:23:31.955243,2025-06-28T17:23:31.955243,3.0
req_0778,tenant_044,Hawassa Textile Industry,hawassa.textile.industry@example.com,investment_permit,New Investment Permit Application - Hawassa Textile Industry,"Hawassa Textile Industry is applying for an investment permit for a new textile manufacturing facility in Hawassa Industrial Park. Expected capital investment: USD 5 million, creating 500 jobs.",approved,low,Hawassa Textile Industry,Yohannes Gebre,+251-91-5786884,contact@hawassatextileindustry.com,2025-10-21T00:23:31.955243,2025-12-11T00:23:31.955243,2025-10-21T20:23:31.955243,18.0
req_0779,tenant_049,Dire Dawa Leather Factory,dire.dawa.leather.factory@example.com,customs_exemption,Customs Duty Exemption for Raw Materials,Request for customs duty exemption on imported industrial machinery valued at USD 2 million as per investment permit.,approved,low,Dire Dawa Leather Factory,Almaz Tesfaye,+251-91-5547448,contact@diredawaleatherfactory.com,2025-04-27T00:23:31.955243,2025-10-04T00:23:31.955243,2025-04-29T00:23:31.955243,13.0
req_0780,tenant_015,Bahir Dar Pharmaceutical PLC,bahir.dar.pharmaceutical.plc@example.com,trade_name_registration,Trade Name Registration - Bahir Manufacturing,Registration of trade name 'Bahir Industries' for manufacturing and export business.,issued,normal,Bahir Dar Pharmaceutical PLC,Abebe Bekele,+251-91-7583102,contact@bahirdarpharmaceuticalplc.com,2025-02-05T00:23:31.955243,2025-04-15T00:23:31.955243,2025-02-05T17:23:31.955243,2.0
req_0781,tenant_030,Hawassa Textile Industry,hawassa.textile.industry@example.com,customs_exemption,Customs Duty Exemption for Raw Materials,Request for customs duty exemption on imported industrial machinery valued at USD 2 million as per investment permit.,approved,normal,Hawassa Textile Industry,Almaz Tesfaye,+251-91-4597418,contact@hawassatextileindustry.com,2025-02-25T00:23:31.955243,2025-07-17T00:23:31.955243,2025-02-25T03:23:31.955243,9.0
req_0782,tenant_041,Bahir Dar Pharmaceutical PLC,bahir.dar.pharmaceutical.plc@example.com,agreements,Partnership Agreement between Bahir Dar Pharmaceutical PLC and IPDC,Processing partnership agreement between Bahir Dar Pharmaceutical PLC and IPDC for land lease and utility services.,approved,high,Bahir Dar Pharmaceutical PLC,Almaz Tesfaye,+251-91-6597293,contact@bahirdarpharmaceuticalplc.com,2025-06-06T00:23:31.955243,2025-07-20T00:23:31.955243,2025-06-06T23:23:31.955243,5.0
req_0783,tenant_047,Gondar Ceramics Industry,gondar.ceramics.industry@example.com,customs_exemption,Customs Duty Exemption for Raw Materials,Request for customs duty exemption on imported industrial machinery valued at USD 2 million as per investment permit.,issued,normal,Gondar Ceramics Industry,Yohannes Gebre,+251-91-2102498,contact@gondarceramicsindustry.com,2025-01-16T00:23:31.955243,2025-11-22T00:23:31.955243,2025-01-16T12:23:31.955243,11.0
req_0784,tenant_020,Gondar Ceramics Industry,gondar.ceramics.industry@example.com,customs_exemption,Customs Duty Exemption for Raw Materials,Request for customs duty exemption on imported industrial machinery valued at USD 2 million as per investment permit.,approved,low,Gondar Ceramics Industry,Yohannes Gebre,+251-91-4397773,contact@gondarceramicsindustry.com,2025-11-16T00:23:31.955243,2025-11-25T00:23:31.955243,2025-11-17T15:23:31.955243,16.0
req_0785,tenant_027,Adama Food Processing,adama.food.processing@example.com,work_permit,Work Permit Application for Foreign Employee,Application for work permit for Mr. Zhang Wei (Chinese national) as Production Manager at Adama Food Processing. 2-year contract. CV and employment contract attached.,approved,high,Adama Food Processing,Yohannes Gebre,+251-91-9876890,contact@adamafoodprocessing.com,2025-09-15T00:23:31.955243,2025-12-09T00:23:31.955243,2025-09-15T15:23:31.955243,18.0
req_0786,tenant_049,Jimma Coffee Processing,jimma.coffee.processing@example.com,customs_exemption,Customs Duty Exemption for Raw Materials,Request for customs duty exemption on imported industrial machinery valued at USD 2 million as per investment permit.,under_review,high,Jimma Coffee Processing,Almaz Tesfaye,+251-91-5168397,contact@jimmacoffeeprocessing.com,2025-12-21T00:23:31.955243,2026-01-07T00:23:31.955243,2025-12-22T10:23:31.955243,
req_0787,tenant_028,Jimma Coffee Processing,jimma.coffee.processing@example.com,customs_exemption,Customs Duty Exemption for Raw Materials,Request for customs duty exemption on imported industrial machinery valued at USD 2 million as per investment permit.,approved,normal,Jimma Coffee Processing,Abebe Bekele,+251-91-6683023,contact@jimmacoffeeprocessing.com,2025-05-30T00:23:31.955243,2025-12-27T00:23:31.955243,2025-05-30T21:23:31.955243,14.0
req_0788,tenant_043,Bole Lemi Garment Factory,bole.lemi.garment.factory@example.com,customs_exemption,Customs Duty Exemption for Raw Materials,Request for customs duty exemption on imported industrial machinery valued at USD 2 million as per investment permit.,rejected,high,Bole Lemi Garment Factory,Solomon Haile,+251-91-3162033,contact@bolelemigarmentfactory.com,2025-05-05T00:23:31.955243,2025-09-08T00:23:31.955243,2025-05-06T07:23:31.955243,
req_0789,tenant_014,Bole Lemi Garment Factory,bole.lemi.garment.factory@example.com,commercial_registration,Commercial Registration - Bole Lemi Garment Factory,Bole Lemi Garment Factory requires commercial registration certificate for newly established manufacturing entity. Registered capital: 10 million ETB.,rejected,normal,Bole Lemi Garment Factory,Almaz Tesfaye,+251-91-1525985,contact@bolelemigarmentfactory.com,2025-09-29T00:23:31.955243,2025-10-26T00:23:31.955243,2025-09-30T01:23:31.955243,
req_0790,tenant_006,Addis Manufacturing PLC,addis.manufacturing.plc@example.com,notarization,MoU Notarization Service,Notarization required for Memorandum of Understanding between shareholders of Addis Manufacturing PLC.,approved,low,Addis Manufacturing PLC,Yohannes Gebre,+251-91-5815334,contact@addismanufacturingplc.com,2025-11-06T00:23:31.955243,2025-11-13T00:23:31.955243,2025-11-07T09:23:31.955243,1.0
req_0791,tenant_019,Bahir Dar Pharmaceutical PLC,bahir.dar.pharmaceutical.plc@example.com,work_permit,Work Permit Application for Foreign Employee,Application for work permit for Mr. Zhang Wei (Chinese national) as Production Manager at Bahir Dar Pharmaceutical PLC. 2-year contract. CV and employment contract attached.,approved,high,Bahir Dar Pharmaceutical PLC,Almaz Tesfaye,+251-91-9777875,contact@bahirdarpharmaceuticalplc.com,2025-09-28T00:23:31.955243,2025-12-01T00:23:31.955243,2025-09-28T16:23:31.955243,22.0
req_0792,tenant_042,Bahir Dar Pharmaceutical PLC,bahir.dar.pharmaceutical.plc@example.com,customs_exemption,Customs Duty Exemption for Raw Materials,Request for customs duty exemption on imported industrial machinery valued at USD 2 million as per investment permit.,rejected,normal,Bahir Dar Pharmaceutical PLC,Abebe Bekele,+251-91-2494177,contact@bahirdarpharmaceuticalplc.com,2025-06-04T00:23:31.955243,2025-12-12T00:23:31.955243,2025-06-05T04:23:31.955243,
req_0793,tenant_026,Mekelle Steel Industry,mekelle.steel.industry@example.com,work_permit,Work Permit Application for Foreign Employee,Application for work permit for Mr. Zhang Wei (Chinese national) as Production Manager at Mekelle Steel Industry. 2-year contract. CV and employment contract attached.,approved,high,Mekelle Steel Industry,Solomon Haile,+251-91-2172899,contact@mekellesteelindustry.com,2025-02-23T00:23:31.955243,2025-11-04T00:23:31.955243,2025-02-23T01:23:31.955243,15.0
req_0794,tenant_038,Mekelle Steel Industry,mekelle.steel.industry@example.com,trade_name_registration,Trade Name Registration - Mekelle Manufacturing,Registration of trade name 'Mekelle Industries' for manufacturing and export business.,rejected,normal,Mekelle Steel Industry,Tigist Assefa,+251-91-7507631,contact@mekellesteelindustry.com,2025-07-19T00:23:31.955243,2025-11-05T00:23:31.955243,2025-07-19T14:23:31.955243,
req_0795,tenant_045,Jimma Coffee Processing,jimma.coffee.processing@example.com,investment_permit,New Investment Permit Application - Jimma Coffee Processing,"Jimma Coffee Processing is applying for an investment permit for a new textile manufacturing facility in Hawassa Industrial Park. Expected capital investment: USD 5 million, creating 500 jobs.",rejected,low,Jimma Coffee Processing,Tigist Assefa,+251-91-5458687,contact@jimmacoffeeprocessing.com,2025-03-01T00:23:31.955243,2025-10-02T00:23:31.955243,2025-03-01T06:23:31.955243,
req_0796,tenant_022,Nazret Agro Processing,nazret.agro.processing@example.com,customs_clearance,Import Clearance - Machinery and Equipment,Import clearance for 50 tons of raw textile materials. Bill of lading no: BL-16472.,issued,normal,Nazret Agro Processing,Yohannes Gebre,+251-91-7952686,contact@nazretagroprocessing.com,2025-05-31T00:23:31.955243,2025-08-10T00:23:31.955243,2025-05-31T09:23:31.955243,7.0
req_0797,tenant_005,Dire Dawa Leather Factory,dire.dawa.leather.factory@example.com,banking_services,Loan Application for Working Capital,Application for working capital loan of 5 million ETB for Dire Dawa Leather Factory expansion project.,rejected,urgent,Dire Dawa Leather Factory,Yohannes Gebre,+251-91-7257344,contact@diredawaleatherfactory.com,2025-05-11T00:23:31.955243,2025-12-13T00:23:31.955243,2025-05-12T06:23:31.955243,
req_0798,tenant_006,Jimma Coffee Processing,jimma.coffee.processing@example.com,banking_services,Loan Application for Working Capital,Application for working capital loan of 5 million ETB for Jimma Coffee Processing expansion project.,rejected,normal,Jimma Coffee Processing,Tigist Assefa,+251-91-4573650,contact@jimmacoffeeprocessing.com,2025-03-28T00:23:31.955243,2025-10-06T00:23:31.955243,2025-03-28T22:23:31.955243,
req_0799,tenant_024,Gondar Ceramics Industry,gondar.ceramics.industry@example.com,commercial_registration,Commercial Registration - Gondar Ceramics Industry,Gondar Ceramics Industry requires commercial registration certificate for newly established manufacturing entity. Registered capital: 10 million ETB.,issued,low,Gondar Ceramics Industry,Yohannes Gebre,+251-91-9663983,contact@gondarceramicsindustry.com,2025-10-25T00:23:31.955243,2025-12-14T00:23:31.955243,2025-10-26T19:23:31.955243,9.0
req_0800,tenant_005,Hawassa Textile Industry,hawassa.textile.industry@example.com,business_license,Business License Renewal for Hawassa Textile Industry,Request to renew business operating license for Hawassa Textile Industry. Previous license expires next month. All compliance documents attached.,rejected,normal,Hawassa Textile Industry,Almaz Tesfaye,+251-91-4509153,contact@hawassatextileindustry.com,2025-11-10T00:23:31.955243,2025-11-11T00:23:31.955243,2025-11-11T14:23:31.955243,
req_0801,tenant_030,Bole Lemi Garment Factory,bole.lemi.garment.factory@example.com,work_permit,Work Permit Application for Foreign Employee,Application for work permit for Mr. Zhang Wei (Chinese national) as Production Manager at Bole Lemi Garment Factory. 2-year contract. CV and employment contract attached.,issued,high,Bole Lemi Garment Factory,Tigist Assefa,+251-91-5799235,contact@bolelemigarmentfactory.com,2025-02-01T00:23:31.955243,2025-06-09T00:23:31.955243,2025-02-02T03:23:31.955243,21.0
req_0802,tenant_004,Dire Dawa Leather Factory,dire.dawa.leather.factory@example.com,customs_clearance,Import Clearance - Machinery and Equipment,Import clearance for 50 tons of raw textile materials. Bill of lading no: BL-83877.,approved,high,Dire Dawa Leather Factory,Yohannes Gebre,+251-91-8211869,contact@diredawaleatherfactory.com,2025-07-14T00:23:31.955243,2025-09-09T00:23:31.955243,2025-07-14T21:23:31.955243,4.0
req_0803,tenant_006,Kombolcha Industrial Park Ltd,kombolcha.industrial.park.ltd@example.com,agreements,Partnership Agreement between Kombolcha Industrial Park Ltd and IPDC,Processing partnership agreement between Kombolcha Industrial Park Ltd and IPDC for land lease and utility services.,approved,normal,Kombolcha Industrial Park Ltd,Tigist Assefa,+251-91-2438476,contact@kombolchaindustrialparkltd.com,2025-08-02T00:23:31.955243,2025-10-12T00:23:31.955243,2025-08-03T06:23:31.955243,6.0
req_0804,tenant_010,Addis Manufacturing PLC,addis.manufacturing.plc@example.com,customs_exemption,Customs Duty Exemption for Raw Materials,Request for customs duty exemption on imported industrial machinery valued at USD 2 million as per investment permit.,rejected,urgent,Addis Manufacturing PLC,Tigist Assefa,+251-91-2506419,contact@addismanufacturingplc.com,2025-06-08T00:23:31.955243,2025-08-20T00:23:31.955243,2025-06-09T16:23:31.955243,
req_0805,tenant_019,Hawassa Textile Industry,hawassa.textile.industry@example.com,banking_services,Loan Application for Working Capital,Application for working capital loan of 5 million ETB for Hawassa Textile Industry expansion project.,issued,urgent,Hawassa Textile Industry,Solomon Haile,+251-91-2277550,contact@hawassatextileindustry.com,2025-10-18T00:23:31.955243,2026-01-08T00:23:31.955243,2025-10-19T21:23:31.955243,2.0
req_0806,tenant_047,Mekelle Steel Industry,mekelle.steel.industry@example.com,investment_permit,New Investment Permit Application - Mekelle Steel Industry,"Mekelle Steel Industry is applying for an investment permit for a new textile manufacturing facility in Hawassa Industrial Park. Expected capital investment: USD 5 million, creating 500 jobs.",issued,low,Mekelle Steel Industry,Tigist Assefa,+251-91-2713774,contact@mekellesteelindustry.com,2025-05-14T00:23:31.955243,2025-10-30T00:23:31.955243,2025-05-14T05:23:31.955243,18.0
req_0807,tenant_020,Mekelle Steel Industry,mekelle.steel.industry@example.com,commercial_registration,Commercial Registration - Mekelle Steel Industry,Mekelle Steel Industry requires commercial registration certificate for newly established manufacturing entity. Registered capital: 10 million ETB.,approved,normal,Mekelle Steel Industry,Yohannes Gebre,+251-91-4621886,contact@mekellesteelindustry.com,2025-11-26T00:23:31.955243,2025-12-25T00:23:31.955243,2025-11-27T16:23:31.955243,4.0
req_0808,tenant_012,Nazret Agro Processing,nazret.agro.processing@example.com,business_license,Business License Renewal for Nazret Agro Processing,Request to renew business operating license for Nazret Agro Processing. Previous license expires next month. All compliance documents attached.,issued,high,Nazret Agro Processing,Solomon Haile,+251-91-2930280,contact@nazretagroprocessing.com,2025-09-01T00:23:31.955243,2025-10-11T00:23:31.955243,2025-09-02T19:23:31.955243,8.0
req_0809,tenant_018,Hawassa Textile Industry,hawassa.textile.industry@example.com,work_permit,Work Permit Application for Foreign Employee,Application for work permit for Mr. Zhang Wei (Chinese national) as Production Manager at Hawassa Textile Industry. 2-year contract. CV and employment contract attached.,approved,urgent,Hawassa Textile Industry,Tigist Assefa,+251-91-7054454,contact@hawassatextileindustry.com,2025-09-07T00:23:31.955243,2025-11-16T00:23:31.955243,2025-09-07T19:23:31.955243,7.0
req_0810,tenant_023,Mekelle Steel Industry,mekelle.steel.industry@example.com,work_permit,Work Permit Application for Foreign Employee,Application for work permit for Mr. Zhang Wei (Chinese national) as Production Manager at Mekelle Steel Industry. 2-year contract. CV and employment contract attached.,rejected,normal,Mekelle Steel Industry,Yohannes Gebre,+251-91-9717150,contact@mekellesteelindustry.com,2025-08-27T00:23:31.955243,2025-11-15T00:23:31.955243,2025-08-27T01:23:31.955243,
req_0811,tenant_017,Nazret Agro Processing,nazret.agro.processing@example.com,business_license,Business License Renewal for Nazret Agro Processing,Request to renew business operating license for Nazret Agro Processing. Previous license expires next month. All compliance documents attached.,rejected,normal,Nazret Agro Processing,Tigist Assefa,+251-91-8865734,contact@nazretagroprocessing.com,2025-04-29T00:23:31.955243,2025-07-27T00:23:31.955243,2025-04-30T14:23:31.955243,
req_0812,tenant_025,Dire Dawa Leather Factory,dire.dawa.leather.factory@example.com,customs_clearance,Import Clearance - Machinery and Equipment,Import clearance for 50 tons of raw textile materials. Bill of lading no: BL-64650.,issued,urgent,Dire Dawa Leather Factory,Solomon Haile,+251-91-3114545,contact@diredawaleatherfactory.com,2025-12-07T00:23:31.955243,2025-12-27T00:23:31.955243,2025-12-08T00:23:31.955243,1.0
req_0813,tenant_007,Bahir Dar Pharmaceutical PLC,bahir.dar.pharmaceutical.plc@example.com,trade_name_registration,Trade Name Registration - Bahir Manufacturing,Registration of trade name 'Bahir Industries' for manufacturing and export business.,approved,normal,Bahir Dar Pharmaceutical PLC,Yohannes Gebre,+251-91-8590344,contact@bahirdarpharmaceuticalplc.com,2025-04-03T00:23:31.955243,2025-08-05T00:23:31.955243,2025-04-03T22:23:31.955243,1.0
req_0814,tenant_013,Nazret Agro Processing,nazret.agro.processing@example.com,notarization,MoU Notarization Service,Notarization required for Memorandum of Understanding between shareholders of Nazret Agro Processing.,issued,normal,Nazret Agro Processing,Solomon Haile,+251-91-3894169,contact@nazretagroprocessing.com,2025-10-27T00:23:31.955243,2025-11-16T00:23:31.955243,2025-10-28T03:23:31.955243,1.0
req_0815,tenant_035,Jimma Coffee Processing,jimma.coffee.processing@example.com,tin_issuance,TIN Certificate Request - Jimma Coffee Processing,Tax Identification Number (TIN) application for Jimma Coffee Processing to commence business operations.,approved,normal,Jimma Coffee Processing,Tigist Assefa,+251-91-2288473,contact@jimmacoffeeprocessing.com,2025-05-24T00:23:31.955243,2025-05-31T00:23:31.955243,2025-05-25T17:23:31.955243,2.0
req_0816,tenant_019,Hawassa Textile Industry,hawassa.textile.industry@example.com,customs_clearance,Import Clearance - Machinery and Equipment,Import clearance for 50 tons of raw textile materials. Bill of lading no: BL-44238.,approved,high,Hawassa Textile Industry,Almaz Tesfaye,+251-91-6604053,contact@hawassatextileindustry.com,2025-08-22T00:23:31.955243,2025-12-14T00:23:31.955243,2025-08-23T01:23:31.955243,6.0
req_0817,tenant_029,Bahir Dar Pharmaceutical PLC,bahir.dar.pharmaceutical.plc@example.com,trade_name_registration,Trade Name Registration - Bahir Manufacturing,Registration of trade name 'Bahir Industries' for manufacturing and export business.,draft,normal,Bahir Dar Pharmaceutical PLC,Abebe Bekele,+251-91-9765608,contact@bahirdarpharmaceuticalplc.com,2026-01-10T00:23:31.955243,2026-01-10T00:23:31.955243,,
req_0818,tenant_049,Jimma Coffee Processing,jimma.coffee.processing@example.com,agreements,Partnership Agreement between Jimma Coffee Processing and IPDC,Processing partnership agreement between Jimma Coffee Processing and IPDC for land lease and utility services.,rejected,normal,Jimma Coffee Processing,Tigist Assefa,+251-91-8874308,contact@jimmacoffeeprocessing.com,2025-11-05T00:23:31.955243,2026-01-03T00:23:31.955243,2025-11-05T09:23:31.955243,
req_0819,tenant_039,Gondar Ceramics Industry,gondar.ceramics.industry@example.com,business_license,Business License Renewal for Gondar Ceramics Industry,Request to renew business operating license for Gondar Ceramics Industry. Previous license expires next month. All compliance documents attached.,under_review,low,Gondar Ceramics Industry,Abebe Bekele,+251-91-6922470,contact@gondarceramicsindustry.com,2026-01-01T00:23:31.955243,2026-01-08T00:23:31.955243,2026-01-02T13:23:31.955243,
req_0820,tenant_047,Addis Manufacturing PLC,addis.manufacturing.plc@example.com,commercial_registration,Commercial Registration - Addis Manufacturing PLC,Addis Manufacturing PLC requires commercial registration certificate for newly established manufacturing entity. Registered capital: 10 million ETB.,issued,normal,Addis Manufacturing PLC,Solomon Haile,+251-91-1578643,contact@addismanufacturingplc.com,2025-08-17T00:23:31.955243,2025-10-13T00:23:31.955243,2025-08-18T00:23:31.955243,3.0
req_0821,tenant_047,Gondar Ceramics Industry,gondar.ceramics.industry@example.com,trade_name_registration,Trade Name Registration - Gondar Manufacturing,Registration of trade name 'Gondar Industries' for manufacturing and export business.,approved,normal,Gondar Ceramics Industry,Yohannes Gebre,+251-91-9876158,contact@gondarceramicsindustry.com,2025-06-30T00:23:31.955243,2025-08-01T00:23:31.955243,2025-06-30T16:23:31.955243,3.0
req_0822,tenant_047,Kombolcha Industrial Park Ltd,kombolcha.industrial.park.ltd@example.com,work_permit,Work Permit Application for Foreign Employee,Application for work permit for Mr. Zhang Wei (Chinese national) as Production Manager at Kombolcha Industrial Park Ltd. 2-year contract. CV and employment contract attached.,approved,high,Kombolcha Industrial Park Ltd,Solomon Haile,+251-91-1003427,contact@kombolchaindustrialparkltd.com,2025-05-02T00:23:31.955243,2025-05-22T00:23:31.955243,2025-05-03T22:23:31.955243,18.0
req_0823,tenant_043,Kombolcha Industrial Park Ltd,kombolcha.industrial.park.ltd@example.com,banking_services,Loan Application for Working Capital,Application for working capital loan of 5 million ETB for Kombolcha Industrial Park Ltd expansion project.,approved,low,Kombolcha Industrial Park Ltd,Almaz Tesfaye,+251-91-7836416,contact@kombolchaindustrialparkltd.com,2025-03-24T00:23:31.955243,2025-07-24T00:23:31.955243,2025-03-25T18:23:31.955243,10.0
req_0824,tenant_047,Dire Dawa Leather Factory,dire.dawa.leather.factory@example.com,customs_clearance,Import Clearance - Machinery and Equipment,Import clearance for 50 tons of raw textile materials. Bill of lading no: BL-45147.,rejected,high,Dire Dawa Leather Factory,Almaz Tesfaye,+251-91-3256988,contact@diredawaleatherfactory.com,2025-11-11T00:23:31.955243,2025-12-10T00:23:31.955243,2025-11-11T06:23:31.955243,
req_0825,tenant_034,Gondar Ceramics Industry,gondar.ceramics.industry@example.com,notarization,MoU Notarization Service,Notarization required for Memorandum of Understanding between shareholders of Gondar Ceramics Industry.,issued,low,Gondar Ceramics Industry,Yohannes Gebre,+251-91-4296163,contact@gondarceramicsindustry.com,2025-02-13T00:23:31.955243,2025-05-16T00:23:31.955243,2025-02-13T13:23:31.955243,1.0
req_0826,tenant_014,Gondar Ceramics Industry,gondar.ceramics.industry@example.com,banking_services,Loan Application for Working Capital,Application for working capital loan of 5 million ETB for Gondar Ceramics Industry expansion project.,rejected,urgent,Gondar Ceramics Industry,Tigist Assefa,+251-91-8280714,contact@gondarceramicsindustry.com,2025-07-17T00:23:31.955243,2025-10-08T00:23:31.955243,2025-07-17T11:23:31.955243,
req_0827,tenant_029,Nazret Agro Processing,nazret.agro.processing@example.com,customs_exemption,Customs Duty Exemption for Raw Materials,Request for customs duty exemption on imported industrial machinery valued at USD 2 million as per investment permit.,rejected,normal,Nazret Agro Processing,Abebe Bekele,+251-91-8694913,contact@nazretagroprocessing.com,2025-05-19T00:23:31.955243,2025-10-29T00:23:31.955243,2025-05-20T15:23:31.955243,
req_0828,tenant_008,Hawassa Textile Industry,hawassa.textile.industry@example.com,tin_issuance,TIN Certificate Request - Hawassa Textile Industry,Tax Identification Number (TIN) application for Hawassa Textile Industry to commence business operations.,rejected,low,Hawassa Textile Industry,Almaz Tesfaye,+251-91-1706004,contact@hawassatextileindustry.com,2025-07-02T00:23:31.955243,2025-11-07T00:23:31.955243,2025-07-03T06:23:31.955243,
req_0829,tenant_013,Adama Food Processing,adama.food.processing@example.com,banking_services,Loan Application for Working Capital,Application for working capital loan of 5 million ETB for Adama Food Processing expansion project.,approved,low,Adama Food Processing,Solomon Haile,+251-91-2816686,contact@adamafoodprocessing.com,2025-05-20T00:23:31.955243,2025-12-22T00:23:31.955243,2025-05-21T23:23:31.955243,7.0
req_0830,tenant_043,Bole Lemi Garment Factory,bole.lemi.garment.factory@example.com,customs_clearance,Import Clearance - Machinery and Equipment,Import clearance for 50 tons of raw textile materials. Bill of lading no: BL-43733.,approved,urgent,Bole Lemi Garment Factory,Yohannes Gebre,+251-91-5166210,contact@bolelemigarmentfactory.com,2025-05-03T00:23:31.955243,2025-08-05T00:23:31.955243,2025-05-03T21:23:31.955243,3.0
req_0831,tenant_033,Adama Food Processing,adama.food.processing@example.com,banking_services,Loan Application for Working Capital,Application for working capital loan of 5 million ETB for Adama Food Processing expansion project.,approved,normal,Adama Food Processing,Yohannes Gebre,+251-91-4820965,contact@adamafoodprocessing.com,2025-06-19T00:23:31.955243,2025-11-26T00:23:31.955243,2025-06-20T21:23:31.955243,9.0
req_0832,tenant_026,Jimma Coffee Processing,jimma.coffee.processing@example.com,commercial_registration,Commercial Registration - Jimma Coffee Processing,Jimma Coffee Processing requires commercial registration certificate for newly established manufacturing entity. Registered capital: 10 million ETB.,rejected,normal,Jimma Coffee Processing,Almaz Tesfaye,+251-91-3922391,contact@jimmacoffeeprocessing.com,2025-05-24T00:23:31.955243,2025-09-19T00:23:31.955243,2025-05-24T20:23:31.955243,
req_0833,tenant_042,Addis Manufacturing PLC,addis.manufacturing.plc@example.com,tin_issuance,TIN Certificate Request - Addis Manufacturing PLC,Tax Identification Number (TIN) application for Addis Manufacturing PLC to commence business operations.,rejected,normal,Addis Manufacturing PLC,Almaz Tesfaye,+251-91-9734957,contact@addismanufacturingplc.com,2025-12-04T00:23:31.955243,2025-12-06T00:23:31.955243,2025-12-04T20:23:31.955243,
req_0834,tenant_011,Gondar Ceramics Industry,gondar.ceramics.industry@example.com,banking_services,Loan Application for Working Capital,Application for working capital loan of 5 million ETB for Gondar Ceramics Industry expansion project.,issued,high,Gondar Ceramics Industry,Almaz Tesfaye,+251-91-9423909,contact@gondarceramicsindustry.com,2025-11-21T00:23:31.955243,2025-11-30T00:23:31.955243,2025-11-23T00:23:31.955243,7.0
req_0835,tenant_016,Jimma Coffee Processing,jimma.coffee.processing@example.com,notarization,MoU Notarization Service,Notarization required for Memorandum of Understanding between shareholders of Jimma Coffee Processing.,rejected,normal,Jimma Coffee Processing,Almaz Tesfaye,+251-91-4067143,contact@jimmacoffeeprocessing.com,2025-11-22T00:23:31.955243,2026-01-07T00:23:31.955243,2025-11-22T15:23:31.955243,
req_0836,tenant_022,Gondar Ceramics Industry,gondar.ceramics.industry@example.com,notarization,MoU Notarization Service,Notarization required for Memorandum of Understanding between shareholders of Gondar Ceramics Industry.,issued,low,Gondar Ceramics Industry,Tigist Assefa,+251-91-2910593,contact@gondarceramicsindustry.com,2025-02-21T00:23:31.955243,2025-10-08T00:23:31.955243,2025-02-22T01:23:31.955243,1.0
req_0837,tenant_018,Bahir Dar Pharmaceutical PLC,bahir.dar.pharmaceutical.plc@example.com,tin_issuance,TIN Certificate Request - Bahir Dar Pharmaceutical PLC,Tax Identification Number (TIN) application for Bahir Dar Pharmaceutical PLC to commence business operations.,approved,urgent,Bahir Dar Pharmaceutical PLC,Almaz Tesfaye,+251-91-9017245,contact@bahirdarpharmaceuticalplc.com,2025-04-21T00:23:31.955243,2025-06-06T00:23:31.955243,2025-04-21T21:23:31.955243,1.0
req_0838,tenant_027,Mekelle Steel Industry,mekelle.steel.industry@example.com,commercial_registration,Commercial Registration - Mekelle Steel Industry,Mekelle Steel Industry requires commercial registration certificate for newly established manufacturing entity. Registered capital: 10 million ETB.,issued,low,Mekelle Steel Industry,Solomon Haile,+251-91-3666489,contact@mekellesteelindustry.com,2025-07-11T00:23:31.955243,2025-11-05T00:23:31.955243,2025-07-12T14:23:31.955243,9.0
req_0839,tenant_014,Dessie Textile Mills,dessie.textile.mills@example.com,tin_issuance,TIN Certificate Request - Dessie Textile Mills,Tax Identification Number (TIN) application for Dessie Textile Mills to commence business operations.,rejected,high,Dessie Textile Mills,Solomon Haile,+251-91-8142685,contact@dessietextilemills.com,2025-08-22T00:23:31.955243,2025-11-08T00:23:31.955243,2025-08-24T00:23:31.955243,
req_0840,tenant_037,Jimma Coffee Processing,jimma.coffee.processing@example.com,agreements,Partnership Agreement between Jimma Coffee Processing and IPDC,Processing partnership agreement between Jimma Coffee Processing and IPDC for land lease and utility services.,rejected,high,Jimma Coffee Processing,Tigist Assefa,+251-91-1550493,contact@jimmacoffeeprocessing.com,2025-04-21T00:23:31.955243,2025-12-14T00:23:31.955243,2025-04-21T15:23:31.955243,
req_0841,tenant_016,Jimma Coffee Processing,jimma.coffee.processing@example.com,tin_issuance,TIN Certificate Request - Jimma Coffee Processing,Tax Identification Number (TIN) application for Jimma Coffee Processing to commence business operations.,pending_documents,normal,Jimma Coffee Processing,Tigist Assefa,+251-91-5179321,contact@jimmacoffeeprocessing.com,2025-12-14T00:23:31.955243,2025-12-15T00:23:31.955243,2025-12-14T08:23:31.955243,
req_0842,tenant_014,Addis Manufacturing PLC,addis.manufacturing.plc@example.com,work_permit,Work Permit Application for Foreign Employee,Application for work permit for Mr. Zhang Wei (Chinese national) as Production Manager at Addis Manufacturing PLC. 2-year contract. CV and employment contract attached.,rejected,high,Addis Manufacturing PLC,Almaz Tesfaye,+251-91-7188413,contact@addismanufacturingplc.com,2025-09-30T00:23:31.955243,2025-12-04T00:23:31.955243,2025-09-30T13:23:31.955243,
req_0843,tenant_006,Jimma Coffee Processing,jimma.coffee.processing@example.com,customs_exemption,Customs Duty Exemption for Raw Materials,Request for customs duty exemption on imported industrial machinery valued at USD 2 million as per investment permit.,issued,normal,Jimma Coffee Processing,Abebe Bekele,+251-91-1126219,contact@jimmacoffeeprocessing.com,2025-03-03T00:23:31.955243,2025-07-13T00:23:31.955243,2025-03-04T06:23:31.955243,11.0
req_0844,tenant_026,Gondar Ceramics Industry,gondar.ceramics.industry@example.com,customs_exemption,Customs Duty Exemption for Raw Materials,Request for customs duty exemption on imported industrial machinery valued at USD 2 million as per investment permit.,rejected,high,Gondar Ceramics Industry,Almaz Tesfaye,+251-91-8682923,contact@gondarceramicsindustry.com,2025-02-17T00:23:31.955243,2025-11-16T00:23:31.955243,2025-02-18T20:23:31.955243,
req_0845,tenant_001,Adama Food Processing,adama.food.processing@example.com,tin_issuance,TIN Certificate Request - Adama Food Processing,Tax Identification Number (TIN) application for Adama Food Processing to commence business operations.,submitted,urgent,Adama Food Processing,Solomon Haile,+251-91-9086188,contact@adamafoodprocessing.com,2026-01-09T00:23:31.955243,2026-01-09T00:23:31.955243,2026-01-10T21:23:31.955243,
req_0846,tenant_029,Adama Food Processing,adama.food.processing@example.com,customs_clearance,Import Clearance - Machinery and Equipment,Import clearance for 50 tons of raw textile materials. Bill of lading no: BL-96110.,approved,urgent,Adama Food Processing,Yohannes Gebre,+251-91-8295846,contact@adamafoodprocessing.com,2026-01-01T00:23:31.955243,2026-01-10T00:23:31.955243,2026-01-01T18:23:31.955243,2.0
req_0847,tenant_027,Kombolcha Industrial Park Ltd,kombolcha.industrial.park.ltd@example.com,work_permit,Work Permit Application for Foreign Employee,Application for work permit for Mr. Zhang Wei (Chinese national) as Production Manager at Kombolcha Industrial Park Ltd. 2-year contract. CV and employment contract attached.,rejected,normal,Kombolcha Industrial Park Ltd,Solomon Haile,+251-91-6478082,contact@kombolchaindustrialparkltd.com,2025-10-20T00:23:31.955243,2026-01-08T00:23:31.955243,2025-10-21T10:23:31.955243,
req_0848,tenant_016,Bahir Dar Pharmaceutical PLC,bahir.dar.pharmaceutical.plc@example.com,banking_services,Loan Application for Working Capital,Application for working capital loan of 5 million ETB for Bahir Dar Pharmaceutical PLC expansion project.,rejected,normal,Bahir Dar Pharmaceutical PLC,Yohannes Gebre,+251-91-7918820,contact@bahirdarpharmaceuticalplc.com,2025-07-03T00:23:31.955243,2025-08-18T00:23:31.955243,2025-07-03T07:23:31.955243,
req_0849,tenant_029,Bole Lemi Garment Factory,bole.lemi.garment.factory@example.com,agreements,Partnership Agreement between Bole Lemi Garment Factory and IPDC,Processing partnership agreement between Bole Lemi Garment Factory and IPDC for land lease and utility services.,rejected,normal,Bole Lemi Garment Factory,Solomon Haile,+251-91-9962285,contact@bolelemigarmentfactory.com,2025-02-24T00:23:31.955243,2025-04-15T00:23:31.955243,2025-02-25T16:23:31.955243,
req_0850,tenant_043,Hawassa Textile Industry,hawassa.textile.industry@example.com,notarization,MoU Notarization Service,Notarization required for Memorandum of Understanding between shareholders of Hawassa Textile Industry.,approved,urgent,Hawassa Textile Industry,Solomon Haile,+251-91-9137154,contact@hawassatextileindustry.com,2025-12-08T00:23:31.955243,2025-12-19T00:23:31.955243,2025-12-09T01:23:31.955243,0.0
req_0851,tenant_028,Dessie Textile Mills,dessie.textile.mills@example.com,work_permit,Work Permit Application for Foreign Employee,Application for work permit for Mr. Zhang Wei (Chinese national) as Production Manager at Dessie Textile Mills. 2-year contract. CV and employment contract attached.,approved,normal,Dessie Textile Mills,Tigist Assefa,+251-91-9512085,contact@dessietextilemills.com,2025-09-11T00:23:31.955243,2025-10-10T00:23:31.955243,2025-09-12T19:23:31.955243,15.0
req_0852,tenant_039,Jimma Coffee Processing,jimma.coffee.processing@example.com,work_permit,Work Permit Application for Foreign Employee,Application for work permit for Mr. Zhang Wei (Chinese national) as Production Manager at Jimma Coffee Processing. 2-year contract. CV and employment contract attached.,approved,low,Jimma Coffee Processing,Tigist Assefa,+251-91-3118788,contact@jimmacoffeeprocessing.com,2025-03-23T00:23:31.955243,2025-09-13T00:23:31.955243,2025-03-23T06:23:31.955243,34.0
req_0853,tenant_025,Mekelle Steel Industry,mekelle.steel.industry@example.com,investment_permit,New Investment Permit Application - Mekelle Steel Industry,"Mekelle Steel Industry is applying for an investment permit for a new textile manufacturing facility in Hawassa Industrial Park. Expected capital investment: USD 5 million, creating 500 jobs.",approved,normal,Mekelle Steel Industry,Tigist Assefa,+251-91-4127338,contact@mekellesteelindustry.com,2025-12-20T00:23:31.955243,2025-12-29T00:23:31.955243,2025-12-21T14:23:31.955243,12.0
req_0854,tenant_002,Gondar Ceramics Industry,gondar.ceramics.industry@example.com,customs_exemption,Customs Duty Exemption for Raw Materials,Request for customs duty exemption on imported industrial machinery valued at USD 2 million as per investment permit.,issued,normal,Gondar Ceramics Industry,Abebe Bekele,+251-91-3749006,contact@gondarceramicsindustry.com,2025-03-28T00:23:31.955243,2025-11-17T00:23:31.955243,2025-03-29T13:23:31.955243,14.0
req_0855,tenant_014,Bahir Dar Pharmaceutical PLC,bahir.dar.pharmaceutical.plc@example.com,investment_permit,New Investment Permit Application - Bahir Dar Pharmaceutical PLC,"Bahir Dar Pharmaceutical PLC is applying for an investment permit for a new textile manufacturing facility in Hawassa Industrial Park. Expected capital investment: USD 5 million, creating 500 jobs.",issued,high,Bahir Dar Pharmaceutical PLC,Abebe Bekele,+251-91-1867792,contact@bahirdarpharmaceuticalplc.com,2025-05-12T00:23:31.955243,2025-09-09T00:23:31.955243,2025-05-14T00:23:31.955243,18.0
req_0856,tenant_007,Dessie Textile Mills,dessie.textile.mills@example.com,notarization,MoU Notarization Service,Notarization required for Memorandum of Understanding between shareholders of Dessie Textile Mills.,pending_documents,normal,Dessie Textile Mills,Abebe Bekele,+251-91-6138231,contact@dessietextilemills.com,2026-01-02T00:23:31.955243,2026-01-09T00:23:31.955243,2026-01-03T18:23:31.955243,
req_0857,tenant_033,Hawassa Textile Industry,hawassa.textile.industry@example.com,tin_issuance,TIN Certificate Request - Hawassa Textile Industry,Tax Identification Number (TIN) application for Hawassa Textile Industry to commence business operations.,approved,normal,Hawassa Textile Industry,Solomon Haile,+251-91-4623005,contact@hawassatextileindustry.com,2025-02-14T00:23:31.955243,2025-09-23T00:23:31.955243,2025-02-15T15:23:31.955243,1.0
req_0858,tenant_008,Kombolcha Industrial Park Ltd,kombolcha.industrial.park.ltd@example.com,notarization,MoU Notarization Service,Notarization required for Memorandum of Understanding between shareholders of Kombolcha Industrial Park Ltd.,issued,normal,Kombolcha Industrial Park Ltd,Yohannes Gebre,+251-91-7613035,contact@kombolchaindustrialparkltd.com,2025-06-09T00:23:31.955243,2025-08-03T00:23:31.955243,2025-06-09T06:23:31.955243,1.0
req_0859,tenant_023,Bole Lemi Garment Factory,bole.lemi.garment.factory@example.com,customs_exemption,Customs Duty Exemption for Raw Materials,Request for customs duty exemption on imported industrial machinery valued at USD 2 million as per investment permit.,rejected,high,Bole Lemi Garment Factory,Solomon Haile,+251-91-7723896,contact@bolelemigarmentfactory.com,2025-02-19T00:23:31.955243,2025-07-13T00:23:31.955243,2025-02-20T08:23:31.955243,
req_0860,tenant_049,Gondar Ceramics Industry,gondar.ceramics.industry@example.com,work_permit,Work Permit Application for Foreign Employee,Application for work permit for Mr. Zhang Wei (Chinese national) as Production Manager at Gondar Ceramics Industry. 2-year contract. CV and employment contract attached.,rejected,urgent,Gondar Ceramics Industry,Yohannes Gebre,+251-91-2234362,contact@gondarceramicsindustry.com,2025-06-19T00:23:31.955243,2025-11-24T00:23:31.955243,2025-06-20T23:23:31.955243,
req_0861,tenant_042,Dire Dawa Leather Factory,dire.dawa.leather.factory@example.com,investment_permit,New Investment Permit Application - Dire Dawa Leather Factory,"Dire Dawa Leather Factory is applying for an investment permit for a new textile manufacturing facility in Hawassa Industrial Park. Expected capital investment: USD 5 million, creating 500 jobs.",rejected,normal,Dire Dawa Leather Factory,Solomon Haile,+251-91-6507231,contact@diredawaleatherfactory.com,2025-04-30T00:23:31.955243,2025-11-17T00:23:31.955243,2025-05-01T22:23:31.955243,
req_0862,tenant_009,Bole Lemi Garment Factory,bole.lemi.garment.factory@example.com,tin_issuance,TIN Certificate Request - Bole Lemi Garment Factory,Tax Identification Number (TIN) application for Bole Lemi Garment Factory to commence business operations.,approved,normal,Bole Lemi Garment Factory,Abebe Bekele,+251-91-8092876,contact@bolelemigarmentfactory.com,2025-05-22T00:23:31.955243,2025-09-17T00:23:31.955243,2025-05-23T17:23:31.955243,2.0
req_0863,tenant_032,Adama Food Processing,adama.food.processing@example.com,customs_clearance,Import Clearance - Machinery and Equipment,Import clearance for 50 tons of raw textile materials. Bill of lading no: BL-70113.,issued,normal,Adama Food Processing,Yohannes Gebre,+251-91-7880955,contact@adamafoodprocessing.com,2025-09-15T00:23:31.955243,2025-12-26T00:23:31.955243,2025-09-15T01:23:31.955243,3.0
req_0864,tenant_023,Dessie Textile Mills,dessie.textile.mills@example.com,banking_services,Loan Application for Working Capital,Application for working capital loan of 5 million ETB for Dessie Textile Mills expansion project.,approved,high,Dessie Textile Mills,Almaz Tesfaye,+251-91-5321686,contact@dessietextilemills.com,2025-08-23T00:23:31.955243,2025-11-03T00:23:31.955243,2025-08-23T05:23:31.955243,9.0
req_0865,tenant_002,Gondar Ceramics Industry,gondar.ceramics.industry@example.com,business_license,Business License Renewal for Gondar Ceramics Industry,Request to renew business operating license for Gondar Ceramics Industry. Previous license expires next month. All compliance documents attached.,under_review,normal,Gondar Ceramics Industry,Abebe Bekele,+251-91-6552615,contact@gondarceramicsindustry.com,2025-12-23T00:23:31.955243,2026-01-09T00:23:31.955243,2025-12-24T01:23:31.955243,
req_0866,tenant_048,Hawassa Textile Industry,hawassa.textile.industry@example.com,customs_clearance,Import Clearance - Machinery and Equipment,Import clearance for 50 tons of raw textile materials. Bill of lading no: BL-70953.,issued,normal,Hawassa Textile Industry,Solomon Haile,+251-91-9701913,contact@hawassatextileindustry.com,2025-09-06T00:23:31.955243,2025-10-09T00:23:31.955243,2025-09-07T21:23:31.955243,4.0
req_0867,tenant_024,Bahir Dar Pharmaceutical PLC,bahir.dar.pharmaceutical.plc@example.com,customs_clearance,Import Clearance - Machinery and Equipment,Import clearance for 50 tons of raw textile materials. Bill of lading no: BL-86397.,issued,urgent,Bahir Dar Pharmaceutical PLC,Tigist Assefa,+251-91-8536965,contact@bahirdarpharmaceuticalplc.com,2025-06-12T00:23:31.955243,2025-11-29T00:23:31.955243,2025-06-12T20:23:31.955243,3.0
req_0868,tenant_048,Addis Manufacturing PLC,addis.manufacturing.plc@example.com,notarization,MoU Notarization Service,Notarization required for Memorandum of Understanding between shareholders of Addis Manufacturing PLC.,approved,normal,Addis Manufacturing PLC,Abebe Bekele,+251-91-5146602,contact@addismanufacturingplc.com,2025-05-14T00:23:31.955243,2025-07-30T00:23:31.955243,2025-05-15T06:23:31.955243,1.0
req_0869,tenant_037,Mekelle Steel Industry,mekelle.steel.industry@example.com,trade_name_registration,Trade Name Registration - Mekelle Manufacturing,Registration of trade name 'Mekelle Industries' for manufacturing and export business.,issued,normal,Mekelle Steel Industry,Almaz Tesfaye,+251-91-9840372,contact@mekellesteelindustry.com,2025-04-24T00:23:31.955243,2025-09-15T00:23:31.955243,2025-04-24T17:23:31.955243,1.0
req_0870,tenant_010,Jimma Coffee Processing,jimma.coffee.processing@example.com,customs_clearance,Import Clearance - Machinery and Equipment,Import clearance for 50 tons of raw textile materials. Bill of lading no: BL-80542.,issued,normal,Jimma Coffee Processing,Solomon Haile,+251-91-4707282,contact@jimmacoffeeprocessing.com,2025-09-14T00:23:31.955243,2025-09-24T00:23:31.955243,2025-09-15T17:23:31.955243,6.0
req_0871,tenant_045,Bahir Dar Pharmaceutical PLC,bahir.dar.pharmaceutical.plc@example.com,notarization,MoU Notarization Service,Notarization required for Memorandum of Understanding between shareholders of Bahir Dar Pharmaceutical PLC.,draft,high,Bahir Dar Pharmaceutical PLC,Yohannes Gebre,+251-91-5516416,contact@bahirdarpharmaceuticalplc.com,2026-01-05T00:23:31.955243,2026-01-05T00:23:31.955243,,
req_0872,tenant_001,Jimma Coffee Processing,jimma.coffee.processing@example.com,banking_services,Loan Application for Working Capital,Application for working capital loan of 5 million ETB for Jimma Coffee Processing expansion project.,approved,low,Jimma Coffee Processing,Tigist Assefa,+251-91-2182246,contact@jimmacoffeeprocessing.com,2025-08-05T00:23:31.955243,2025-08-05T00:23:31.955243,2025-08-05T06:23:31.955243,9.0
req_0873,tenant_020,Hawassa Textile Industry,hawassa.textile.industry@example.com,commercial_registration,Commercial Registration - Hawassa Textile Industry,Hawassa Textile Industry requires commercial registration certificate for newly established manufacturing entity. Registered capital: 10 million ETB.,approved,low,Hawassa Textile Industry,Solomon Haile,+251-91-8946832,contact@hawassatextileindustry.com,2025-08-17T00:23:31.955243,2025-08-20T00:23:31.955243,2025-08-18T17:23:31.955243,6.0
req_0874,tenant_050,Adama Food Processing,adama.food.processing@example.com,work_permit,Work Permit Application for Foreign Employee,Application for work permit for Mr. Zhang Wei (Chinese national) as Production Manager at Adama Food Processing. 2-year contract. CV and employment contract attached.,pending_documents,high,Adama Food Processing,Yohannes Gebre,+251-91-7132387,contact@adamafoodprocessing.com,2025-12-17T00:23:31.955243,2025-12-19T00:23:31.955243,2025-12-18T17:23:31.955243,
req_0875,tenant_031,Jimma Coffee Processing,jimma.coffee.processing@example.com,notarization,MoU Notarization Service,Notarization required for Memorandum of Understanding between shareholders of Jimma Coffee Processing.,under_review,urgent,Jimma Coffee Processing,Tigist Assefa,+251-91-1999359,contact@jimmacoffeeprocessing.com,2026-01-08T00:23:31.955243,2026-01-09T00:23:31.955243,2026-01-09T16:23:31.955243,
req_0876,tenant_043,Bole Lemi Garment Factory,bole.lemi.garment.factory@example.com,investment_permit,New Investment Permit Application - Bole Lemi Garment Factory,"Bole Lemi Garment Factory is applying for an investment permit for a new textile manufacturing facility in Hawassa Industrial Park. Expected capital investment: USD 5 million, creating 500 jobs.",rejected,normal,Bole Lemi Garment Factory,Tigist Assefa,+251-91-7295566,contact@bolelemigarmentfactory.com,2025-10-07T00:23:31.955243,2026-01-09T00:23:31.955243,2025-10-08T15:23:31.955243,
req_0877,tenant_049,Hawassa Textile Industry,hawassa.textile.industry@example.com,trade_name_registration,Trade Name Registration - Hawassa Manufacturing,Registration of trade name 'Hawassa Industries' for manufacturing and export business.,approved,high,Hawassa Textile Industry,Tigist Assefa,+251-91-6177043,contact@hawassatextileindustry.com,2025-05-12T00:23:31.955243,2025-06-20T00:23:31.955243,2025-05-13T21:23:31.955243,2.0
req_0878,tenant_024,Hawassa Textile Industry,hawassa.textile.industry@example.com,work_permit,Work Permit Application for Foreign Employee,Application for work permit for Mr. Zhang Wei (Chinese national) as Production Manager at Hawassa Textile Industry. 2-year contract. CV and employment contract attached.,rejected,high,Hawassa Textile Industry,Tigist Assefa,+251-91-9770851,contact@hawassatextileindustry.com,2025-08-17T00:23:31.955243,2025-11-14T00:23:31.955243,2025-08-18T17:23:31.955243,
req_0879,tenant_011,Nazret Agro Processing,nazret.agro.processing@example.com,work_permit,Work Permit Application for Foreign Employee,Application for work permit for Mr. Zhang Wei (Chinese national) as Production Manager at Nazret Agro Processing. 2-year contract. CV and employment contract attached.,under_review,high,Nazret Agro Processing,Tigist Assefa,+251-91-7911640,contact@nazretagroprocessing.com,2026-01-06T00:23:31.955243,2026-01-10T00:23:31.955243,2026-01-07T22:23:31.955243,
req_0880,tenant_002,Dessie Textile Mills,dessie.textile.mills@example.com,notarization,MoU Notarization Service,Notarization required for Memorandum of Understanding between shareholders of Dessie Textile Mills.,issued,normal,Dessie Textile Mills,Almaz Tesfaye,+251-91-5665890,contact@dessietextilemills.com,2025-05-16T00:23:31.955243,2025-09-13T00:23:31.955243,2025-05-17T00:23:31.955243,1.0
req_0881,tenant_015,Dire Dawa Leather Factory,dire.dawa.leather.factory@example.com,customs_exemption,Customs Duty Exemption for Raw Materials,Request for customs duty exemption on imported industrial machinery valued at USD 2 million as per investment permit.,issued,normal,Dire Dawa Leather Factory,Abebe Bekele,+251-91-4256523,contact@diredawaleatherfactory.com,2025-10-16T00:23:31.955243,2026-01-04T00:23:31.955243,2025-10-17T02:23:31.955243,14.0
req_0882,tenant_026,Bole Lemi Garment Factory,bole.lemi.garment.factory@example.com,customs_clearance,Import Clearance - Machinery and Equipment,Import clearance for 50 tons of raw textile materials. Bill of lading no: BL-77504.,issued,urgent,Bole Lemi Garment Factory,Almaz Tesfaye,+251-91-5136498,contact@bolelemigarmentfactory.com,2025-11-09T00:23:31.955243,2026-01-07T00:23:31.955243,2025-11-09T22:23:31.955243,1.0
req_0883,tenant_030,Jimma Coffee Processing,jimma.coffee.processing@example.com,banking_services,Loan Application for Working Capital,Application for working capital loan of 5 million ETB for Jimma Coffee Processing expansion project.,rejected,high,Jimma Coffee Processing,Tigist Assefa,+251-91-4954956,contact@jimmacoffeeprocessing.com,2025-02-13T00:23:31.955243,2025-05-15T00:23:31.955243,2025-02-13T12:23:31.955243,
req_0884,tenant_015,Addis Manufacturing PLC,addis.manufacturing.plc@example.com,work_permit,Work Permit Application for Foreign Employee,Application for work permit for Mr. Zhang Wei (Chinese national) as Production Manager at Addis Manufacturing PLC. 2-year contract. CV and employment contract attached.,approved,normal,Addis Manufacturing PLC,Abebe Bekele,+251-91-8409092,contact@addismanufacturingplc.com,2025-07-28T00:23:31.955243,2025-09-02T00:23:31.955243,2025-07-29T08:23:31.955243,22.0
req_0885,tenant_025,Mekelle Steel Industry,mekelle.steel.industry@example.com,customs_clearance,Import Clearance - Machinery and Equipment,Import clearance for 50 tons of raw textile materials. Bill of lading no: BL-35132.,issued,normal,Mekelle Steel Industry,Almaz Tesfaye,+251-91-7544723,contact@mekellesteelindustry.com,2025-03-14T00:23:31.955243,2025-04-18T00:23:31.955243,2025-03-15T04:23:31.955243,7.0
req_0886,tenant_012,Hawassa Textile Industry,hawassa.textile.industry@example.com,trade_name_registration,Trade Name Registration - Hawassa Manufacturing,Registration of trade name 'Hawassa Industries' for manufacturing and export business.,rejected,normal,Hawassa Textile Industry,Solomon Haile,+251-91-8095313,contact@hawassatextileindustry.com,2025-08-23T00:23:31.955243,2025-11-22T00:23:31.955243,2025-08-23T06:23:31.955243,
req_0887,tenant_012,Dessie Textile Mills,dessie.textile.mills@example.com,commercial_registration,Commercial Registration - Dessie Textile Mills,Dessie Textile Mills requires commercial registration certificate for newly established manufacturing entity. Registered capital: 10 million ETB.,approved,normal,Dessie Textile Mills,Tigist Assefa,+251-91-7927766,contact@dessietextilemills.com,2025-12-27T00:23:31.955243,2026-01-01T00:23:31.955243,2025-12-27T12:23:31.955243,6.0
req_0888,tenant_001,Mekelle Steel Industry,mekelle.steel.industry@example.com,customs_exemption,Customs Duty Exemption for Raw Materials,Request for customs duty exemption on imported industrial machinery valued at USD 2 million as per investment permit.,issued,low,Mekelle Steel Industry,Tigist Assefa,+251-91-7594756,contact@mekellesteelindustry.com,2025-03-07T00:23:31.955243,2026-01-06T00:23:31.955243,2025-03-07T06:23:31.955243,12.0
req_0889,tenant_007,Bole Lemi Garment Factory,bole.lemi.garment.factory@example.com,tin_issuance,TIN Certificate Request - Bole Lemi Garment Factory,Tax Identification Number (TIN) application for Bole Lemi Garment Factory to commence business operations.,approved,low,Bole Lemi Garment Factory,Abebe Bekele,+251-91-7713767,contact@bolelemigarmentfactory.com,2025-01-23T00:23:31.955243,2025-02-05T00:23:31.955243,2025-01-23T19:23:31.955243,3.0
req_0890,tenant_025,Hawassa Textile Industry,hawassa.textile.industry@example.com,notarization,MoU Notarization Service,Notarization required for Memorandum of Understanding between shareholders of Hawassa Textile Industry.,rejected,normal,Hawassa Textile Industry,Almaz Tesfaye,+251-91-1900654,contact@hawassatextileindustry.com,2025-09-17T00:23:31.955243,2025-10-04T00:23:31.955243,2025-09-17T22:23:31.955243,
req_0891,tenant_033,Adama Food Processing,adama.food.processing@example.com,tin_issuance,TIN Certificate Request - Adama Food Processing,Tax Identification Number (TIN) application for Adama Food Processing to commence business operations.,rejected,normal,Adama Food Processing,Tigist Assefa,+251-91-4580191,contact@adamafoodprocessing.com,2025-03-09T00:23:31.955243,2025-07-01T00:23:31.955243,2025-03-09T22:23:31.955243,
req_0892,tenant_013,Mekelle Steel Industry,mekelle.steel.industry@example.com,investment_permit,New Investment Permit Application - Mekelle Steel Industry,"Mekelle Steel Industry is applying for an investment permit for a new textile manufacturing facility in Hawassa Industrial Park. Expected capital investment: USD 5 million, creating 500 jobs.",issued,normal,Mekelle Steel Industry,Yohannes Gebre,+251-91-4030256,contact@mekellesteelindustry.com,2025-07-10T00:23:31.955243,2025-12-28T00:23:31.955243,2025-07-11T04:23:31.955243,10.0
req_0893,tenant_046,Hawassa Textile Industry,hawassa.textile.industry@example.com,investment_permit,New Investment Permit Application - Hawassa Textile Industry,"Hawassa Textile Industry is applying for an investment permit for a new textile manufacturing facility in Hawassa Industrial Park. Expected capital investment: USD 5 million, creating 500 jobs.",approved,normal,Hawassa Textile Industry,Solomon Haile,+251-91-6979101,contact@hawassatextileindustry.com,2025-12-07T00:23:31.955243,2025-12-19T00:23:31.955243,2025-12-08T19:23:31.955243,17.0
req_0894,tenant_045,Addis Manufacturing PLC,addis.manufacturing.plc@example.com,notarization,MoU Notarization Service,Notarization required for Memorandum of Understanding between shareholders of Addis Manufacturing PLC.,approved,normal,Addis Manufacturing PLC,Solomon Haile,+251-91-6365276,contact@addismanufacturingplc.com,2025-10-21T00:23:31.955243,2025-12-23T00:23:31.955243,2025-10-21T15:23:31.955243,1.0
req_0895,tenant_035,Bole Lemi Garment Factory,bole.lemi.garment.factory@example.com,commercial_registration,Commercial Registration - Bole Lemi Garment Factory,Bole Lemi Garment Factory requires commercial registration certificate for newly established manufacturing entity. Registered capital: 10 million ETB.,issued,normal,Bole Lemi Garment Factory,Tigist Assefa,+251-91-2366054,contact@bolelemigarmentfactory.com,2025-10-28T00:23:31.955243,2025-11-22T00:23:31.955243,2025-10-29T02:23:31.955243,4.0
req_0896,tenant_007,Mekelle Steel Industry,mekelle.steel.industry@example.com,investment_permit,New Investment Permit Application - Mekelle Steel Industry,"Mekelle Steel Industry is applying for an investment permit for a new textile manufacturing facility in Hawassa Industrial Park. Expected capital investment: USD 5 million, creating 500 jobs.",rejected,normal,Mekelle Steel Industry,Tigist Assefa,+251-91-6468126,contact@mekellesteelindustry.com,2025-04-06T00:23:31.955243,2025-11-05T00:23:31.955243,2025-04-07T09:23:31.955243,
req_0897,tenant_050,Gondar Ceramics Industry,gondar.ceramics.industry@example.com,agreements,Partnership Agreement between Gondar Ceramics Industry and IPDC,Processing partnership agreement between Gondar Ceramics Industry and IPDC for land lease and utility services.,approved,normal,Gondar Ceramics Industry,Yohannes Gebre,+251-91-2161480,contact@gondarceramicsindustry.com,2025-06-13T00:23:31.955243,2025-08-22T00:23:31.955243,2025-06-13T20:23:31.955243,4.0
req_0898,tenant_007,Adama Food Processing,adama.food.processing@example.com,notarization,MoU Notarization Service,Notarization required for Memorandum of Understanding between shareholders of Adama Food Processing.,issued,normal,Adama Food Processing,Tigist Assefa,+251-91-2122688,contact@adamafoodprocessing.com,2025-02-20T00:23:31.955243,2025-11-05T00:23:31.955243,2025-02-21T16:23:31.955243,1.0
req_0899,tenant_003,Kombolcha Industrial Park Ltd,kombolcha.industrial.park.ltd@example.com,banking_services,Loan Application for Working Capital,Application for working capital loan of 5 million ETB for Kombolcha Industrial Park Ltd expansion project.,issued,urgent,Kombolcha Industrial Park Ltd,Yohannes Gebre,+251-91-2845020,contact@kombolchaindustrialparkltd.com,2025-08-19T00:23:31.955243,2025-11-01T00:23:31.955243,2025-08-20T17:23:31.955243,3.0
req_0900,tenant_006,Jimma Coffee Processing,jimma.coffee.processing@example.com,business_license,Business License Renewal for Jimma Coffee Processing,Request to renew business operating license for Jimma Coffee Processing. Previous license expires next month. All compliance documents attached.,approved,low,Jimma Coffee Processing,Abebe Bekele,+251-91-7781213,contact@jimmacoffeeprocessing.com,2025-01-26T00:23:31.955243,2025-02-19T00:23:31.955243,2025-01-26T20:23:31.955243,10.0
req_0901,tenant_022,Kombolcha Industrial Park Ltd,kombolcha.industrial.park.ltd@example.com,agreements,Partnership Agreement between Kombolcha Industrial Park Ltd and IPDC,Processing partnership agreement between Kombolcha Industrial Park Ltd and IPDC for land lease and utility services.,rejected,normal,Kombolcha Industrial Park Ltd,Tigist Assefa,+251-91-3299024,contact@kombolchaindustrialparkltd.com,2025-05-03T00:23:31.955243,2025-05-11T00:23:31.955243,2025-05-03T12:23:31.955243,
req_0902,tenant_045,Kombolcha Industrial Park Ltd,kombolcha.industrial.park.ltd@example.com,commercial_registration,Commercial Registration - Kombolcha Industrial Park Ltd,Kombolcha Industrial Park Ltd requires commercial registration certificate for newly established manufacturing entity. Registered capital: 10 million ETB.,rejected,normal,Kombolcha Industrial Park Ltd,Almaz Tesfaye,+251-91-4578894,contact@kombolchaindustrialparkltd.com,2025-09-17T00:23:31.955243,2025-09-28T00:23:31.955243,2025-09-18T22:23:31.955243,
req_0903,tenant_043,Jimma Coffee Processing,jimma.coffee.processing@example.com,customs_clearance,Import Clearance - Machinery and Equipment,Import clearance for 50 tons of raw textile materials. Bill of lading no: BL-18869.,rejected,urgent,Jimma Coffee Processing,Yohannes Gebre,+251-91-8912930,contact@jimmacoffeeprocessing.com,2025-11-27T00:23:31.955243,2025-12-26T00:23:31.955243,2025-11-28T15:23:31.955243,
req_0904,tenant_031,Jimma Coffee Processing,jimma.coffee.processing@example.com,business_license,Business License Renewal for Jimma Coffee Processing,Request to renew business operating license for Jimma Coffee Processing. Previous license expires next month. All compliance documents attached.,issued,normal,Jimma Coffee Processing,Abebe Bekele,+251-91-5501994,contact@jimmacoffeeprocessing.com,2025-06-02T00:23:31.955243,2025-06-05T00:23:31.955243,2025-06-03T10:23:31.955243,8.0
req_0905,tenant_016,Dire Dawa Leather Factory,dire.dawa.leather.factory@example.com,trade_name_registration,Trade Name Registration - Dire Manufacturing,Registration of trade name 'Dire Industries' for manufacturing and export business.,issued,normal,Dire Dawa Leather Factory,Yohannes Gebre,+251-91-7035435,contact@diredawaleatherfactory.com,2025-04-15T00:23:31.955243,2025-06-20T00:23:31.955243,2025-04-16T18:23:31.955243,3.0
req_0906,tenant_004,Jimma Coffee Processing,jimma.coffee.processing@example.com,notarization,MoU Notarization Service,Notarization required for Memorandum of Understanding between shareholders of Jimma Coffee Processing.,issued,normal,Jimma Coffee Processing,Abebe Bekele,+251-91-2508970,contact@jimmacoffeeprocessing.com,2025-07-23T00:23:31.955243,2025-08-28T00:23:31.955243,2025-07-23T14:23:31.955243,1.0
req_0907,tenant_038,Bole Lemi Garment Factory,bole.lemi.garment.factory@example.com,banking_services,Loan Application for Working Capital,Application for working capital loan of 5 million ETB for Bole Lemi Garment Factory expansion project.,issued,urgent,Bole Lemi Garment Factory,Abebe Bekele,+251-91-8523616,contact@bolelemigarmentfactory.com,2025-04-22T00:23:31.955243,2026-01-04T00:23:31.955243,2025-04-23T03:23:31.955243,3.0
req_0908,tenant_033,Dessie Textile Mills,dessie.textile.mills@example.com,commercial_registration,Commercial Registration - Dessie Textile Mills,Dessie Textile Mills requires commercial registration certificate for newly established manufacturing entity. Registered capital: 10 million ETB.,issued,low,Dessie Textile Mills,Almaz Tesfaye,+251-91-9732149,contact@dessietextilemills.com,2025-07-12T00:23:31.955243,2025-09-29T00:23:31.955243,2025-07-12T17:23:31.955243,6.0
req_0909,tenant_042,Bole Lemi Garment Factory,bole.lemi.garment.factory@example.com,customs_clearance,Import Clearance - Machinery and Equipment,Import clearance for 50 tons of raw textile materials. Bill of lading no: BL-69216.,issued,urgent,Bole Lemi Garment Factory,Tigist Assefa,+251-91-6442957,contact@bolelemigarmentfactory.com,2025-05-11T00:23:31.955243,2025-07-27T00:23:31.955243,2025-05-11T12:23:31.955243,2.0
req_0910,tenant_006,Dire Dawa Leather Factory,dire.dawa.leather.factory@example.com,commercial_registration,Commercial Registration - Dire Dawa Leather Factory,Dire Dawa Leather Factory requires commercial registration certificate for newly established manufacturing entity. Registered capital: 10 million ETB.,rejected,urgent,Dire Dawa Leather Factory,Almaz Tesfaye,+251-91-3732362,contact@diredawaleatherfactory.com,2025-11-07T00:23:31.955243,2025-12-21T00:23:31.955243,2025-11-07T02:23:31.955243,
req_0911,tenant_047,Jimma Coffee Processing,jimma.coffee.processing@example.com,tin_issuance,TIN Certificate Request - Jimma Coffee Processing,Tax Identification Number (TIN) application for Jimma Coffee Processing to commence business operations.,issued,high,Jimma Coffee Processing,Solomon Haile,+251-91-1470327,contact@jimmacoffeeprocessing.com,2025-04-25T00:23:31.955243,2025-08-15T00:23:31.955243,2025-04-25T17:23:31.955243,1.0
req_0912,tenant_029,Bahir Dar Pharmaceutical PLC,bahir.dar.pharmaceutical.plc@example.com,banking_services,Loan Application for Working Capital,Application for working capital loan of 5 million ETB for Bahir Dar Pharmaceutical PLC expansion project.,rejected,high,Bahir Dar Pharmaceutical PLC,Solomon Haile,+251-91-4372008,contact@bahirdarpharmaceuticalplc.com,2025-05-22T00:23:31.955243,2025-11-03T00:23:31.955243,2025-05-23T15:23:31.955243,
req_0913,tenant_040,Nazret Agro Processing,nazret.agro.processing@example.com,agreements,Partnership Agreement between Nazret Agro Processing and IPDC,Processing partnership agreement between Nazret Agro Processing and IPDC for land lease and utility services.,rejected,normal,Nazret Agro Processing,Solomon Haile,+251-91-3255150,contact@nazretagroprocessing.com,2025-03-04T00:23:31.955243,2025-11-14T00:23:31.955243,2025-03-05T13:23:31.955243,
req_0914,tenant_005,Mekelle Steel Industry,mekelle.steel.industry@example.com,investment_permit,New Investment Permit Application - Mekelle Steel Industry,"Mekelle Steel Industry is applying for an investment permit for a new textile manufacturing facility in Hawassa Industrial Park. Expected capital investment: USD 5 million, creating 500 jobs.",approved,normal,Mekelle Steel Industry,Tigist Assefa,+251-91-9711027,contact@mekellesteelindustry.com,2025-05-10T00:23:31.955243,2025-09-28T00:23:31.955243,2025-05-10T11:23:31.955243,14.0
req_0915,tenant_025,Jimma Coffee Processing,jimma.coffee.processing@example.com,customs_clearance,Import Clearance - Machinery and Equipment,Import clearance for 50 tons of raw textile materials. Bill of lading no: BL-38176.,issued,urgent,Jimma Coffee Processing,Yohannes Gebre,+251-91-2611166,contact@jimmacoffeeprocessing.com,2025-03-06T00:23:31.955243,2025-06-27T00:23:31.955243,2025-03-06T15:23:31.955243,2.0
req_0916,tenant_026,Adama Food Processing,adama.food.processing@example.com,agreements,Partnership Agreement between Adama Food Processing and IPDC,Processing partnership agreement between Adama Food Processing and IPDC for land lease and utility services.,rejected,normal,Adama Food Processing,Solomon Haile,+251-91-4371811,contact@adamafoodprocessing.com,2025-01-16T00:23:31.955243,2025-01-20T00:23:31.955243,2025-01-16T18:23:31.955243,
req_0917,tenant_015,Dire Dawa Leather Factory,dire.dawa.leather.factory@example.com,customs_clearance,Import Clearance - Machinery and Equipment,Import clearance for 50 tons of raw textile materials. Bill of lading no: BL-76312.,issued,high,Dire Dawa Leather Factory,Tigist Assefa,+251-91-2962305,contact@diredawaleatherfactory.com,2025-05-06T00:23:31.955243,2025-09-06T00:23:31.955243,2025-05-06T04:23:31.955243,6.0
req_0918,tenant_014,Addis Manufacturing PLC,addis.manufacturing.plc@example.com,trade_name_registration,Trade Name Registration - Addis Manufacturing,Registration of trade name 'Addis Industries' for manufacturing and export business.,issued,high,Addis Manufacturing PLC,Solomon Haile,+251-91-7165952,contact@addismanufacturingplc.com,2025-04-03T00:23:31.955243,2025-08-12T00:23:31.955243,2025-04-03T03:23:31.955243,3.0
req_0919,tenant_021,Kombolcha Industrial Park Ltd,kombolcha.industrial.park.ltd@example.com,customs_clearance,Import Clearance - Machinery and Equipment,Import clearance for 50 tons of raw textile materials. Bill of lading no: BL-34327.,issued,high,Kombolcha Industrial Park Ltd,Abebe Bekele,+251-91-3919171,contact@kombolchaindustrialparkltd.com,2025-04-26T00:23:31.955243,2025-05-06T00:23:31.955243,2025-04-26T05:23:31.955243,6.0
req_0920,tenant_031,Dire Dawa Leather Factory,dire.dawa.leather.factory@example.com,agreements,Partnership Agreement between Dire Dawa Leather Factory and IPDC,Processing partnership agreement between Dire Dawa Leather Factory and IPDC for land lease and utility services.,issued,low,Dire Dawa Leather Factory,Yohannes Gebre,+251-91-9645097,contact@diredawaleatherfactory.com,2025-05-02T00:23:31.955243,2025-07-28T00:23:31.955243,2025-05-02T16:23:31.955243,10.0
req_0921,tenant_002,Adama Food Processing,adama.food.processing@example.com,banking_services,Loan Application for Working Capital,Application for working capital loan of 5 million ETB for Adama Food Processing expansion project.,issued,urgent,Adama Food Processing,Solomon Haile,+251-91-8544629,contact@adamafoodprocessing.com,2025-09-08T00:23:31.955243,2025-12-06T00:23:31.955243,2025-09-09T04:23:31.955243,3.0
req_0922,tenant_012,Dessie Textile Mills,dessie.textile.mills@example.com,investment_permit,New Investment Permit Application - Dessie Textile Mills,"Dessie Textile Mills is applying for an investment permit for a new textile manufacturing facility in Hawassa Industrial Park. Expected capital investment: USD 5 million, creating 500 jobs.",issued,normal,Dessie Textile Mills,Yohannes Gebre,+251-91-2137033,contact@dessietextilemills.com,2025-08-23T00:23:31.955243,2026-01-06T00:23:31.955243,2025-08-23T23:23:31.955243,20.0
req_0923,tenant_034,Nazret Agro Processing,nazret.agro.processing@example.com,commercial_registration,Commercial Registration - Nazret Agro Processing,Nazret Agro Processing requires commercial registration certificate for newly established manufacturing entity. Registered capital: 10 million ETB.,approved,normal,Nazret Agro Processing,Tigist Assefa,+251-91-6332740,contact@nazretagroprocessing.com,2025-04-23T00:23:31.955243,2025-10-10T00:23:31.955243,2025-04-24T14:23:31.955243,6.0
req_0924,tenant_030,Gondar Ceramics Industry,gondar.ceramics.industry@example.com,work_permit,Work Permit Application for Foreign Employee,Application for work permit for Mr. Zhang Wei (Chinese national) as Production Manager at Gondar Ceramics Industry. 2-year contract. CV and employment contract attached.,issued,normal,Gondar Ceramics Industry,Yohannes Gebre,+251-91-9616491,contact@gondarceramicsindustry.com,2025-10-27T00:23:31.955243,2025-11-29T00:23:31.955243,2025-10-28T11:23:31.955243,20.0
req_0925,tenant_004,Nazret Agro Processing,nazret.agro.processing@example.com,notarization,MoU Notarization Service,Notarization required for Memorandum of Understanding between shareholders of Nazret Agro Processing.,issued,normal,Nazret Agro Processing,Tigist Assefa,+251-91-9168182,contact@nazretagroprocessing.com,2025-04-12T00:23:31.955243,2025-12-03T00:23:31.955243,2025-04-14T00:23:31.955243,1.0
req_0926,tenant_026,Bahir Dar Pharmaceutical PLC,bahir.dar.pharmaceutical.plc@example.com,work_permit,Work Permit Application for Foreign Employee,Application for work permit for Mr. Zhang Wei (Chinese national) as Production Manager at Bahir Dar Pharmaceutical PLC. 2-year contract. CV and employment contract attached.,approved,low,Bahir Dar Pharmaceutical PLC,Yohannes Gebre,+251-91-2426584,contact@bahirdarpharmaceuticalplc.com,2025-05-04T00:23:31.955243,2025-05-22T00:23:31.955243,2025-05-05T20:23:31.955243,30.0
req_0927,tenant_003,Dire Dawa Leather Factory,dire.dawa.leather.factory@example.com,commercial_registration,Commercial Registration - Dire Dawa Leather Factory,Dire Dawa Leather Factory requires commercial registration certificate for newly established manufacturing entity. Registered capital: 10 million ETB.,rejected,high,Dire Dawa Leather Factory,Almaz Tesfaye,+251-91-1737873,contact@diredawaleatherfactory.com,2025-08-27T00:23:31.955243,2025-10-04T00:23:31.955243,2025-08-28T02:23:31.955243,
req_0928,tenant_017,Jimma Coffee Processing,jimma.coffee.processing@example.com,customs_clearance,Import Clearance - Machinery and Equipment,Import clearance for 50 tons of raw textile materials. Bill of lading no: BL-15881.,rejected,high,Jimma Coffee Processing,Abebe Bekele,+251-91-1103383,contact@jimmacoffeeprocessing.com,2025-11-19T00:23:31.955243,2025-12-13T00:23:31.955243,2025-11-19T03:23:31.955243,
req_0929,tenant_009,Dessie Textile Mills,dessie.textile.mills@example.com,work_permit,Work Permit Application for Foreign Employee,Application for work permit for Mr. Zhang Wei (Chinese national) as Production Manager at Dessie Textile Mills. 2-year contract. CV and employment contract attached.,approved,urgent,Dessie Textile Mills,Abebe Bekele,+251-91-6682277,contact@dessietextilemills.com,2025-07-20T00:23:31.955243,2025-09-25T00:23:31.955243,2025-07-21T21:23:31.955243,11.0
req_0930,tenant_008,Dire Dawa Leather Factory,dire.dawa.leather.factory@example.com,notarization,MoU Notarization Service,Notarization required for Memorandum of Understanding between shareholders of Dire Dawa Leather Factory.,rejected,normal,Dire Dawa Leather Factory,Tigist Assefa,+251-91-6689072,contact@diredawaleatherfactory.com,2025-04-17T00:23:31.955243,2025-07-19T00:23:31.955243,2025-04-18T20:23:31.955243,
req_0931,tenant_042,Kombolcha Industrial Park Ltd,kombolcha.industrial.park.ltd@example.com,customs_exemption,Customs Duty Exemption for Raw Materials,Request for customs duty exemption on imported industrial machinery valued at USD 2 million as per investment permit.,issued,low,Kombolcha Industrial Park Ltd,Solomon Haile,+251-91-4744537,contact@kombolchaindustrialparkltd.com,2025-12-04T00:23:31.955243,2026-01-01T00:23:31.955243,2025-12-04T09:23:31.955243,19.0
req_0932,tenant_039,Bahir Dar Pharmaceutical PLC,bahir.dar.pharmaceutical.plc@example.com,business_license,Business License Renewal for Bahir Dar Pharmaceutical PLC,Request to renew business operating license for Bahir Dar Pharmaceutical PLC. Previous license expires next month. All compliance documents attached.,submitted,normal,Bahir Dar Pharmaceutical PLC,Abebe Bekele,+251-91-2513729,contact@bahirdarpharmaceuticalplc.com,2026-01-09T00:23:31.955243,2026-01-09T00:23:31.955243,2026-01-09T22:23:31.955243,
req_0933,tenant_004,Kombolcha Industrial Park Ltd,kombolcha.industrial.park.ltd@example.com,customs_clearance,Import Clearance - Machinery and Equipment,Import clearance for 50 tons of raw textile materials. Bill of lading no: BL-20739.,rejected,high,Kombolcha Industrial Park Ltd,Solomon Haile,+251-91-9228755,contact@kombolchaindustrialparkltd.com,2025-06-23T00:23:31.955243,2025-07-16T00:23:31.955243,2025-06-23T14:23:31.955243,
req_0934,tenant_032,Gondar Ceramics Industry,gondar.ceramics.industry@example.com,tin_issuance,TIN Certificate Request - Gondar Ceramics Industry,Tax Identification Number (TIN) application for Gondar Ceramics Industry to commence business operations.,approved,low,Gondar Ceramics Industry,Almaz Tesfaye,+251-91-9606949,contact@gondarceramicsindustry.com,2025-07-23T00:23:31.955243,2025-09-13T00:23:31.955243,2025-07-24T05:23:31.955243,1.0
req_0935,tenant_032,Dire Dawa Leather Factory,dire.dawa.leather.factory@example.com,trade_name_registration,Trade Name Registration - Dire Manufacturing,Registration of trade name 'Dire Industries' for manufacturing and export business.,rejected,low,Dire Dawa Leather Factory,Abebe Bekele,+251-91-1505601,contact@diredawaleatherfactory.com,2025-09-11T00:23:31.955243,2025-10-22T00:23:31.955243,2025-09-12T18:23:31.955243,
req_0936,tenant_021,Dessie Textile Mills,dessie.textile.mills@example.com,notarization,MoU Notarization Service,Notarization required for Memorandum of Understanding between shareholders of Dessie Textile Mills.,rejected,normal,Dessie Textile Mills,Tigist Assefa,+251-91-6771945,contact@dessietextilemills.com,2025-09-13T00:23:31.955243,2025-12-12T00:23:31.955243,2025-09-14T17:23:31.955243,
req_0937,tenant_045,Bole Lemi Garment Factory,bole.lemi.garment.factory@example.com,tin_issuance,TIN Certificate Request - Bole Lemi Garment Factory,Tax Identification Number (TIN) application for Bole Lemi Garment Factory to commence business operations.,approved,low,Bole Lemi Garment Factory,Abebe Bekele,+251-91-5618816,contact@bolelemigarmentfactory.com,2025-11-12T00:23:31.955243,2025-11-12T00:23:31.955243,2025-11-12T02:23:31.955243,3.0
req_0938,tenant_024,Dire Dawa Leather Factory,dire.dawa.leather.factory@example.com,investment_permit,New Investment Permit Application - Dire Dawa Leather Factory,"Dire Dawa Leather Factory is applying for an investment permit for a new textile manufacturing facility in Hawassa Industrial Park. Expected capital investment: USD 5 million, creating 500 jobs.",issued,normal,Dire Dawa Leather Factory,Abebe Bekele,+251-91-7926615,contact@diredawaleatherfactory.com,2025-09-17T00:23:31.955243,2025-10-08T00:23:31.955243,2025-09-17T23:23:31.955243,14.0
req_0939,tenant_050,Adama Food Processing,adama.food.processing@example.com,commercial_registration,Commercial Registration - Adama Food Processing,Adama Food Processing requires commercial registration certificate for newly established manufacturing entity. Registered capital: 10 million ETB.,rejected,low,Adama Food Processing,Abebe Bekele,+251-91-6998646,contact@adamafoodprocessing.com,2025-04-16T00:23:31.955243,2025-11-10T00:23:31.955243,2025-04-16T12:23:31.955243,
req_0940,tenant_037,Jimma Coffee Processing,jimma.coffee.processing@example.com,investment_permit,New Investment Permit Application - Jimma Coffee Processing,"Jimma Coffee Processing is applying for an investment permit for a new textile manufacturing facility in Hawassa Industrial Park. Expected capital investment: USD 5 million, creating 500 jobs.",issued,normal,Jimma Coffee Processing,Yohannes Gebre,+251-91-4424775,contact@jimmacoffeeprocessing.com,2025-08-03T00:23:31.955243,2025-11-05T00:23:31.955243,2025-08-03T22:23:31.955243,12.0
req_0941,tenant_028,Addis Manufacturing PLC,addis.manufacturing.plc@example.com,agreements,Partnership Agreement between Addis Manufacturing PLC and IPDC,Processing partnership agreement between Addis Manufacturing PLC and IPDC for land lease and utility services.,issued,normal,Addis Manufacturing PLC,Tigist Assefa,+251-91-9439308,contact@addismanufacturingplc.com,2025-05-10T00:23:31.955243,2025-12-01T00:23:31.955243,2025-05-10T02:23:31.955243,5.0
req_0942,tenant_041,Adama Food Processing,adama.food.processing@example.com,customs_exemption,Customs Duty Exemption for Raw Materials,Request for customs duty exemption on imported industrial machinery valued at USD 2 million as per investment permit.,rejected,low,Adama Food Processing,Almaz Tesfaye,+251-91-4275403,contact@adamafoodprocessing.com,2025-06-04T00:23:31.955243,2025-08-24T00:23:31.955243,2025-06-05T02:23:31.955243,
req_0943,tenant_046,Dire Dawa Leather Factory,dire.dawa.leather.factory@example.com,agreements,Partnership Agreement between Dire Dawa Leather Factory and IPDC,Processing partnership agreement between Dire Dawa Leather Factory and IPDC for land lease and utility services.,issued,normal,Dire Dawa Leather Factory,Tigist Assefa,+251-91-3177076,contact@diredawaleatherfactory.com,2025-07-30T00:23:31.955243,2025-08-05T00:23:31.955243,2025-07-31T20:23:31.955243,7.0
req_0944,tenant_039,Hawassa Textile Industry,hawassa.textile.industry@example.com,business_license,Business License Renewal for Hawassa Textile Industry,Request to renew business operating license for Hawassa Textile Industry. Previous license expires next month. All compliance documents attached.,approved,urgent,Hawassa Textile Industry,Yohannes Gebre,+251-91-1194503,contact@hawassatextileindustry.com,2025-02-03T00:23:31.955243,2025-06-16T00:23:31.955243,2025-02-04T16:23:31.955243,2.0
req_0945,tenant_014,Addis Manufacturing PLC,addis.manufacturing.plc@example.com,business_license,Business License Renewal for Addis Manufacturing PLC,Request to renew business operating license for Addis Manufacturing PLC. Previous license expires next month. All compliance documents attached.,approved,normal,Addis Manufacturing PLC,Abebe Bekele,+251-91-8412811,contact@addismanufacturingplc.com,2025-04-21T00:23:31.955243,2025-05-29T00:23:31.955243,2025-04-22T19:23:31.955243,10.0
req_0946,tenant_025,Gondar Ceramics Industry,gondar.ceramics.industry@example.com,investment_permit,New Investment Permit Application - Gondar Ceramics Industry,"Gondar Ceramics Industry is applying for an investment permit for a new textile manufacturing facility in Hawassa Industrial Park. Expected capital investment: USD 5 million, creating 500 jobs.",rejected,normal,Gondar Ceramics Industry,Abebe Bekele,+251-91-1518777,contact@gondarceramicsindustry.com,2025-03-10T00:23:31.955243,2025-06-26T00:23:31.955243,2025-03-10T04:23:31.955243,
req_0947,tenant_004,Dessie Textile Mills,dessie.textile.mills@example.com,tin_issuance,TIN Certificate Request - Dessie Textile Mills,Tax Identification Number (TIN) application for Dessie Textile Mills to commence business operations.,issued,urgent,Dessie Textile Mills,Abebe Bekele,+251-91-9278709,contact@dessietextilemills.com,2025-03-24T00:23:31.955243,2025-11-09T00:23:31.955243,2025-03-24T18:23:31.955243,1.0
req_0948,tenant_030,Dessie Textile Mills,dessie.textile.mills@example.com,business_license,Business License Renewal for Dessie Textile Mills,Request to renew business operating license for Dessie Textile Mills. Previous license expires next month. All compliance documents attached.,approved,normal,Dessie Textile Mills,Solomon Haile,+251-91-3174013,contact@dessietextilemills.com,2025-11-07T00:23:31.955243,2025-11-30T00:23:31.955243,2025-11-08T06:23:31.955243,6.0
req_0949,tenant_018,Mekelle Steel Industry,mekelle.steel.industry@example.com,commercial_registration,Commercial Registration - Mekelle Steel Industry,Mekelle Steel Industry requires commercial registration certificate for newly established manufacturing entity. Registered capital: 10 million ETB.,approved,urgent,Mekelle Steel Industry,Almaz Tesfaye,+251-91-1212146,contact@mekellesteelindustry.com,2025-05-09T00:23:31.955243,2025-10-29T00:23:31.955243,2025-05-09T01:23:31.955243,3.0
req_0950,tenant_042,Jimma Coffee Processing,jimma.coffee.processing@example.com,agreements,Partnership Agreement between Jimma Coffee Processing and IPDC,Processing partnership agreement between Jimma Coffee Processing and IPDC for land lease and utility services.,approved,high,Jimma Coffee Processing,Almaz Tesfaye,+251-91-3597246,contact@jimmacoffeeprocessing.com,2025-01-23T00:23:31.955243,2025-07-10T00:23:31.955243,2025-01-23T16:23:31.955243,6.0
req_0951,tenant_041,Dire Dawa Leather Factory,dire.dawa.leather.factory@example.com,work_permit,Work Permit Application for Foreign Employee,Application for work permit for Mr. Zhang Wei (Chinese national) as Production Manager at Dire Dawa Leather Factory. 2-year contract. CV and employment contract attached.,issued,high,Dire Dawa Leather Factory,Tigist Assefa,+251-91-1759360,contact@diredawaleatherfactory.com,2025-07-24T00:23:31.955243,2025-08-15T00:23:31.955243,2025-07-25T19:23:31.955243,24.0
req_0952,tenant_005,Bahir Dar Pharmaceutical PLC,bahir.dar.pharmaceutical.plc@example.com,customs_exemption,Customs Duty Exemption for Raw Materials,Request for customs duty exemption on imported industrial machinery valued at USD 2 million as per investment permit.,rejected,high,Bahir Dar Pharmaceutical PLC,Almaz Tesfaye,+251-91-4840453,contact@bahirdarpharmaceuticalplc.com,2025-04-26T00:23:31.955243,2025-05-08T00:23:31.955243,2025-04-26T05:23:31.955243,
req_0953,tenant_032,Mekelle Steel Industry,mekelle.steel.industry@example.com,business_license,Business License Renewal for Mekelle Steel Industry,Request to renew business operating license for Mekelle Steel Industry. Previous license expires next month. All compliance documents attached.,rejected,normal,Mekelle Steel Industry,Solomon Haile,+251-91-3465749,contact@mekellesteelindustry.com,2025-06-01T00:23:31.955243,2025-11-11T00:23:31.955243,2025-06-01T15:23:31.955243,
req_0954,tenant_021,Dessie Textile Mills,dessie.textile.mills@example.com,business_license,Business License Renewal for Dessie Textile Mills,Request to renew business operating license for Dessie Textile Mills. Previous license expires next month. All compliance documents attached.,approved,high,Dessie Textile Mills,Solomon Haile,+251-91-4054993,contact@dessietextilemills.com,2025-05-20T00:23:31.955243,2025-10-27T00:23:31.955243,2025-05-20T07:23:31.955243,9.0
req_0955,tenant_001,Bahir Dar Pharmaceutical PLC,bahir.dar.pharmaceutical.plc@example.com,investment_permit,New Investment Permit Application - Bahir Dar Pharmaceutical PLC,"Bahir Dar Pharmaceutical PLC is applying for an investment permit for a new textile manufacturing facility in Hawassa Industrial Park. Expected capital investment: USD 5 million, creating 500 jobs.",rejected,normal,Bahir Dar Pharmaceutical PLC,Abebe Bekele,+251-91-4014947,contact@bahirdarpharmaceuticalplc.com,2025-04-15T00:23:31.955243,2026-01-10T00:23:31.955243,2025-04-16T22:23:31.955243,
req_0956,tenant_018,Bahir Dar Pharmaceutical PLC,bahir.dar.pharmaceutical.plc@example.com,banking_services,Loan Application for Working Capital,Application for working capital loan of 5 million ETB for Bahir Dar Pharmaceutical PLC expansion project.,under_review,high,Bahir Dar Pharmaceutical PLC,Almaz Tesfaye,+251-91-1557987,contact@bahirdarpharmaceuticalplc.com,2026-01-05T00:23:31.955243,2026-01-10T00:23:31.955243,2026-01-05T16:23:31.955243,
req_0957,tenant_037,Jimma Coffee Processing,jimma.coffee.processing@example.com,customs_exemption,Customs Duty Exemption for Raw Materials,Request for customs duty exemption on imported industrial machinery valued at USD 2 million as per investment permit.,approved,normal,Jimma Coffee Processing,Almaz Tesfaye,+251-91-2179519,contact@jimmacoffeeprocessing.com,2025-08-28T00:23:31.955243,2025-09-19T00:23:31.955243,2025-08-29T19:23:31.955243,7.0
req_0958,tenant_038,Bole Lemi Garment Factory,bole.lemi.garment.factory@example.com,tin_issuance,TIN Certificate Request - Bole Lemi Garment Factory,Tax Identification Number (TIN) application for Bole Lemi Garment Factory to commence business operations.,approved,normal,Bole Lemi Garment Factory,Almaz Tesfaye,+251-91-5574205,contact@bolelemigarmentfactory.com,2025-02-02T00:23:31.955243,2025-06-22T00:23:31.955243,2025-02-03T02:23:31.955243,1.0
req_0959,tenant_042,Mekelle Steel Industry,mekelle.steel.industry@example.com,banking_services,Loan Application for Working Capital,Application for working capital loan of 5 million ETB for Mekelle Steel Industry expansion project.,rejected,high,Mekelle Steel Industry,Yohannes Gebre,+251-91-7411321,contact@mekellesteelindustry.com,2025-01-27T00:23:31.955243,2025-10-10T00:23:31.955243,2025-01-27T01:23:31.955243,
req_0960,tenant_040,Gondar Ceramics Industry,gondar.ceramics.industry@example.com,investment_permit,New Investment Permit Application - Gondar Ceramics Industry,"Gondar Ceramics Industry is applying for an investment permit for a new textile manufacturing facility in Hawassa Industrial Park. Expected capital investment: USD 5 million, creating 500 jobs.",rejected,low,Gondar Ceramics Industry,Tigist Assefa,+251-91-5999120,contact@gondarceramicsindustry.com,2025-05-18T00:23:31.955243,2025-10-15T00:23:31.955243,2025-05-19T15:23:31.955243,
req_0961,tenant_007,Mekelle Steel Industry,mekelle.steel.industry@example.com,customs_exemption,Customs Duty Exemption for Raw Materials,Request for customs duty exemption on imported industrial machinery valued at USD 2 million as per investment permit.,issued,low,Mekelle Steel Industry,Almaz Tesfaye,+251-91-4295957,contact@mekellesteelindustry.com,2025-05-06T00:23:31.955243,2025-09-09T00:23:31.955243,2025-05-07T08:23:31.955243,15.0
req_0962,tenant_030,Adama Food Processing,adama.food.processing@example.com,customs_clearance,Import Clearance - Machinery and Equipment,Import clearance for 50 tons of raw textile materials. Bill of lading no: BL-96970.,issued,urgent,Adama Food Processing,Yohannes Gebre,+251-91-5242112,contact@adamafoodprocessing.com,2025-04-06T00:23:31.955243,2026-01-03T00:23:31.955243,2025-04-06T01:23:31.955243,2.0
req_0963,tenant_026,Bole Lemi Garment Factory,bole.lemi.garment.factory@example.com,commercial_registration,Commercial Registration - Bole Lemi Garment Factory,Bole Lemi Garment Factory requires commercial registration certificate for newly established manufacturing entity. Registered capital: 10 million ETB.,rejected,urgent,Bole Lemi Garment Factory,Almaz Tesfaye,+251-91-6408920,contact@bolelemigarmentfactory.com,2025-07-13T00:23:31.955243,2025-11-09T00:23:31.955243,2025-07-13T10:23:31.955243,
req_0964,tenant_021,Nazret Agro Processing,nazret.agro.processing@example.com,business_license,Business License Renewal for Nazret Agro Processing,Request to renew business operating license for Nazret Agro Processing. Previous license expires next month. All compliance documents attached.,issued,low,Nazret Agro Processing,Tigist Assefa,+251-91-5872167,contact@nazretagroprocessing.com,2025-06-27T00:23:31.955243,2025-07-29T00:23:31.955243,2025-06-28T21:23:31.955243,7.0
req_0965,tenant_038,Gondar Ceramics Industry,gondar.ceramics.industry@example.com,customs_exemption,Customs Duty Exemption for Raw Materials,Request for customs duty exemption on imported industrial machinery valued at USD 2 million as per investment permit.,approved,normal,Gondar Ceramics Industry,Solomon Haile,+251-91-7058013,contact@gondarceramicsindustry.com,2025-06-19T00:23:31.955243,2025-06-27T00:23:31.955243,2025-06-20T12:23:31.955243,14.0
req_0966,tenant_023,Jimma Coffee Processing,jimma.coffee.processing@example.com,investment_permit,New Investment Permit Application - Jimma Coffee Processing,"Jimma Coffee Processing is applying for an investment permit for a new textile manufacturing facility in Hawassa Industrial Park. Expected capital investment: USD 5 million, creating 500 jobs.",issued,normal,Jimma Coffee Processing,Yohannes Gebre,+251-91-5993227,contact@jimmacoffeeprocessing.com,2025-09-01T00:23:31.955243,2025-12-05T00:23:31.955243,2025-09-02T06:23:31.955243,17.0
req_0967,tenant_031,Bole Lemi Garment Factory,bole.lemi.garment.factory@example.com,banking_services,Loan Application for Working Capital,Application for working capital loan of 5 million ETB for Bole Lemi Garment Factory expansion project.,issued,low,Bole Lemi Garment Factory,Solomon Haile,+251-91-9459631,contact@bolelemigarmentfactory.com,2025-12-10T00:23:31.955243,2025-12-27T00:23:31.955243,2025-12-10T04:23:31.955243,12.0
req_0968,tenant_004,Dessie Textile Mills,dessie.textile.mills@example.com,customs_exemption,Customs Duty Exemption for Raw Materials,Request for customs duty exemption on imported industrial machinery valued at USD 2 million as per investment permit.,issued,high,Dessie Textile Mills,Almaz Tesfaye,+251-91-8368948,contact@dessietextilemills.com,2025-08-01T00:23:31.955243,2025-12-06T00:23:31.955243,2025-08-02T09:23:31.955243,8.0
req_0969,tenant_034,Bole Lemi Garment Factory,bole.lemi.garment.factory@example.com,trade_name_registration,Trade Name Registration - Bole Manufacturing,Registration of trade name 'Bole Industries' for manufacturing and export business.,rejected,low,Bole Lemi Garment Factory,Almaz Tesfaye,+251-91-2289844,contact@bolelemigarmentfactory.com,2025-03-08T00:23:31.955243,2025-12-04T00:23:31.955243,2025-03-09T15:23:31.955243,
req_0970,tenant_011,Mekelle Steel Industry,mekelle.steel.industry@example.com,work_permit,Work Permit Application for Foreign Employee,Application for work permit for Mr. Zhang Wei (Chinese national) as Production Manager at Mekelle Steel Industry. 2-year contract. CV and employment contract attached.,approved,urgent,Mekelle Steel Industry,Solomon Haile,+251-91-6529219,contact@mekellesteelindustry.com,2025-06-28T00:23:31.955243,2025-12-30T00:23:31.955243,2025-06-28T11:23:31.955243,12.0
req_0971,tenant_041,Bahir Dar Pharmaceutical PLC,bahir.dar.pharmaceutical.plc@example.com,tin_issuance,TIN Certificate Request - Bahir Dar Pharmaceutical PLC,Tax Identification Number (TIN) application for Bahir Dar Pharmaceutical PLC to commence business operations.,approved,urgent,Bahir Dar Pharmaceutical PLC,Yohannes Gebre,+251-91-7940968,contact@bahirdarpharmaceuticalplc.com,2025-07-13T00:23:31.955243,2025-12-10T00:23:31.955243,2025-07-15T00:23:31.955243,1.0
req_0972,tenant_045,Hawassa Textile Industry,hawassa.textile.industry@example.com,business_license,Business License Renewal for Hawassa Textile Industry,Request to renew business operating license for Hawassa Textile Industry. Previous license expires next month. All compliance documents attached.,issued,high,Hawassa Textile Industry,Almaz Tesfaye,+251-91-7087449,contact@hawassatextileindustry.com,2025-03-04T00:23:31.955243,2025-05-26T00:23:31.955243,2025-03-05T03:23:31.955243,8.0
req_0973,tenant_018,Addis Manufacturing PLC,addis.manufacturing.plc@example.com,banking_services,Loan Application for Working Capital,Application for working capital loan of 5 million ETB for Addis Manufacturing PLC expansion project.,approved,high,Addis Manufacturing PLC,Abebe Bekele,+251-91-8145520,contact@addismanufacturingplc.com,2025-08-03T00:23:31.955243,2025-10-25T00:23:31.955243,2025-08-03T14:23:31.955243,10.0
req_0974,tenant_039,Gondar Ceramics Industry,gondar.ceramics.industry@example.com,agreements,Partnership Agreement between Gondar Ceramics Industry and IPDC,Processing partnership agreement between Gondar Ceramics Industry and IPDC for land lease and utility services.,rejected,low,Gondar Ceramics Industry,Solomon Haile,+251-91-5185780,contact@gondarceramicsindustry.com,2025-11-08T00:23:31.955243,2025-12-27T00:23:31.955243,2025-11-09T08:23:31.955243,
req_0975,tenant_048,Hawassa Textile Industry,hawassa.textile.industry@example.com,tin_issuance,TIN Certificate Request - Hawassa Textile Industry,Tax Identification Number (TIN) application for Hawassa Textile Industry to commence business operations.,issued,urgent,Hawassa Textile Industry,Tigist Assefa,+251-91-6136308,contact@hawassatextileindustry.com,2025-05-27T00:23:31.955243,2025-09-12T00:23:31.955243,2025-05-27T03:23:31.955243,0.0
req_0976,tenant_004,Gondar Ceramics Industry,gondar.ceramics.industry@example.com,banking_services,Loan Application for Working Capital,Application for working capital loan of 5 million ETB for Gondar Ceramics Industry expansion project.,issued,normal,Gondar Ceramics Industry,Tigist Assefa,+251-91-7223767,contact@gondarceramicsindustry.com,2025-06-19T00:23:31.955243,2025-08-04T00:23:31.955243,2025-06-20T04:23:31.955243,5.0
req_0977,tenant_050,Dire Dawa Leather Factory,dire.dawa.leather.factory@example.com,agreements,Partnership Agreement between Dire Dawa Leather Factory and IPDC,Processing partnership agreement between Dire Dawa Leather Factory and IPDC for land lease and utility services.,rejected,normal,Dire Dawa Leather Factory,Abebe Bekele,+251-91-6468995,contact@diredawaleatherfactory.com,2025-04-26T00:23:31.955243,2025-05-11T00:23:31.955243,2025-04-28T00:23:31.955243,
req_0978,tenant_024,Bole Lemi Garment Factory,bole.lemi.garment.factory@example.com,investment_permit,New Investment Permit Application - Bole Lemi Garment Factory,"Bole Lemi Garment Factory is applying for an investment permit for a new textile manufacturing facility in Hawassa Industrial Park. Expected capital investment: USD 5 million, creating 500 jobs.",rejected,normal,Bole Lemi Garment Factory,Almaz Tesfaye,+251-91-5289303,contact@bolelemigarmentfactory.com,2025-10-11T00:23:31.955243,2025-12-04T00:23:31.955243,2025-10-12T05:23:31.955243,
req_0979,tenant_032,Kombolcha Industrial Park Ltd,kombolcha.industrial.park.ltd@example.com,commercial_registration,Commercial Registration - Kombolcha Industrial Park Ltd,Kombolcha Industrial Park Ltd requires commercial registration certificate for newly established manufacturing entity. Registered capital: 10 million ETB.,issued,high,Kombolcha Industrial Park Ltd,Yohannes Gebre,+251-91-7469381,contact@kombolchaindustrialparkltd.com,2025-02-17T00:23:31.955243,2025-05-16T00:23:31.955243,2025-02-18T07:23:31.955243,6.0
req_0980,tenant_049,Bole Lemi Garment Factory,bole.lemi.garment.factory@example.com,agreements,Partnership Agreement between Bole Lemi Garment Factory and IPDC,Processing partnership agreement between Bole Lemi Garment Factory and IPDC for land lease and utility services.,rejected,normal,Bole Lemi Garment Factory,Tigist Assefa,+251-91-3424874,contact@bolelemigarmentfactory.com,2025-12-09T00:23:31.955243,2025-12-19T00:23:31.955243,2025-12-09T18:23:31.955243,
req_0981,tenant_005,Dire Dawa Leather Factory,dire.dawa.leather.factory@example.com,customs_exemption,Customs Duty Exemption for Raw Materials,Request for customs duty exemption on imported industrial machinery valued at USD 2 million as per investment permit.,rejected,high,Dire Dawa Leather Factory,Yohannes Gebre,+251-91-6897882,contact@diredawaleatherfactory.com,2025-04-19T00:23:31.955243,2025-05-25T00:23:31.955243,2025-04-20T21:23:31.955243,
req_0982,tenant_003,Jimma Coffee Processing,jimma.coffee.processing@example.com,trade_name_registration,Trade Name Registration - Jimma Manufacturing,Registration of trade name 'Jimma Industries' for manufacturing and export business.,issued,low,Jimma Coffee Processing,Abebe Bekele,+251-91-5022930,contact@jimmacoffeeprocessing.com,2025-09-30T00:23:31.955243,2025-09-30T00:23:31.955243,2025-10-01T12:23:31.955243,4.0
req_0983,tenant_032,Bole Lemi Garment Factory,bole.lemi.garment.factory@example.com,business_license,Business License Renewal for Bole Lemi Garment Factory,Request to renew business operating license for Bole Lemi Garment Factory. Previous license expires next month. All compliance documents attached.,rejected,normal,Bole Lemi Garment Factory,Solomon Haile,+251-91-5931896,contact@bolelemigarmentfactory.com,2025-01-21T00:23:31.955243,2025-05-22T00:23:31.955243,2025-01-22T09:23:31.955243,
req_0984,tenant_048,Adama Food Processing,adama.food.processing@example.com,customs_clearance,Import Clearance - Machinery and Equipment,Import clearance for 50 tons of raw textile materials. Bill of lading no: BL-30711.,approved,urgent,Adama Food Processing,Tigist Assefa,+251-91-6494128,contact@adamafoodprocessing.com,2025-11-14T00:23:31.955243,2025-11-23T00:23:31.955243,2025-11-15T15:23:31.955243,3.0
req_0985,tenant_042,Bahir Dar Pharmaceutical PLC,bahir.dar.pharmaceutical.plc@example.com,trade_name_registration,Trade Name Registration - Bahir Manufacturing,Registration of trade name 'Bahir Industries' for manufacturing and export business.,rejected,high,Bahir Dar Pharmaceutical PLC,Abebe Bekele,+251-91-4834758,contact@bahirdarpharmaceuticalplc.com,2025-09-09T00:23:31.955243,2025-12-18T00:23:31.955243,2025-09-10T12:23:31.955243,
req_0986,tenant_003,Jimma Coffee Processing,jimma.coffee.processing@example.com,trade_name_registration,Trade Name Registration - Jimma Manufacturing,Registration of trade name 'Jimma Industries' for manufacturing and export business.,rejected,normal,Jimma Coffee Processing,Yohannes Gebre,+251-91-5953250,contact@jimmacoffeeprocessing.com,2025-09-16T00:23:31.955243,2025-12-10T00:23:31.955243,2025-09-17T07:23:31.955243,
req_0987,tenant_004,Hawassa Textile Industry,hawassa.textile.industry@example.com,banking_services,Loan Application for Working Capital,Application for working capital loan of 5 million ETB for Hawassa Textile Industry expansion project.,issued,normal,Hawassa Textile Industry,Almaz Tesfaye,+251-91-1823024,contact@hawassatextileindustry.com,2025-05-11T00:23:31.955243,2025-07-09T00:23:31.955243,2025-05-12T15:23:31.955243,5.0
req_0988,tenant_048,Adama Food Processing,adama.food.processing@example.com,tin_issuance,TIN Certificate Request - Adama Food Processing,Tax Identification Number (TIN) application for Adama Food Processing to commence business operations.,rejected,normal,Adama Food Processing,Abebe Bekele,+251-91-7722276,contact@adamafoodprocessing.com,2025-12-10T00:23:31.955243,2025-12-16T00:23:31.955243,2025-12-10T19:23:31.955243,
req_0989,tenant_005,Kombolcha Industrial Park Ltd,kombolcha.industrial.park.ltd@example.com,agreements,Partnership Agreement between Kombolcha Industrial Park Ltd and IPDC,Processing partnership agreement between Kombolcha Industrial Park Ltd and IPDC for land lease and utility services.,issued,high,Kombolcha Industrial Park Ltd,Tigist Assefa,+251-91-1747938,contact@kombolchaindustrialparkltd.com,2025-04-23T00:23:31.955243,2025-06-17T00:23:31.955243,2025-04-23T07:23:31.955243,7.0
req_0990,tenant_047,Gondar Ceramics Industry,gondar.ceramics.industry@example.com,tin_issuance,TIN Certificate Request - Gondar Ceramics Industry,Tax Identification Number (TIN) application for Gondar Ceramics Industry to commence business operations.,rejected,normal,Gondar Ceramics Industry,Abebe Bekele,+251-91-1938535,contact@gondarceramicsindustry.com,2025-08-17T00:23:31.955243,2025-10-09T00:23:31.955243,2025-08-17T01:23:31.955243,
req_0991,tenant_026,Hawassa Textile Industry,hawassa.textile.industry@example.com,customs_exemption,Customs Duty Exemption for Raw Materials,Request for customs duty exemption on imported industrial machinery valued at USD 2 million as per investment permit.,approved,high,Hawassa Textile Industry,Tigist Assefa,+251-91-6735719,contact@hawassatextileindustry.com,2025-11-04T00:23:31.955243,2025-12-23T00:23:31.955243,2025-11-05T08:23:31.955243,7.0
req_0992,tenant_041,Gondar Ceramics Industry,gondar.ceramics.industry@example.com,commercial_registration,Commercial Registration - Gondar Ceramics Industry,Gondar Ceramics Industry requires commercial registration certificate for newly established manufacturing entity. Registered capital: 10 million ETB.,approved,normal,Gondar Ceramics Industry,Tigist Assefa,+251-91-9916520,contact@gondarceramicsindustry.com,2025-08-28T00:23:31.955243,2025-12-21T00:23:31.955243,2025-08-28T21:23:31.955243,7.0
req_0993,tenant_012,Nazret Agro Processing,nazret.agro.processing@example.com,agreements,Partnership Agreement between Nazret Agro Processing and IPDC,Processing partnership agreement between Nazret Agro Processing and IPDC for land lease and utility services.,rejected,normal,Nazret Agro Processing,Solomon Haile,+251-91-6356503,contact@nazretagroprocessing.com,2025-10-18T00:23:31.955243,2025-10-26T00:23:31.955243,2025-10-19T01:23:31.955243,
req_0994,tenant_005,Adama Food Processing,adama.food.processing@example.com,work_permit,Work Permit Application for Foreign Employee,Application for work permit for Mr. Zhang Wei (Chinese national) as Production Manager at Adama Food Processing. 2-year contract. CV and employment contract attached.,rejected,high,Adama Food Processing,Yohannes Gebre,+251-91-4655234,contact@adamafoodprocessing.com,2025-05-12T00:23:31.955243,2025-07-25T00:23:31.955243,2025-05-13T12:23:31.955243,
req_0995,tenant_041,Nazret Agro Processing,nazret.agro.processing@example.com,notarization,MoU Notarization Service,Notarization required for Memorandum of Understanding between shareholders of Nazret Agro Processing.,pending_documents,normal,Nazret Agro Processing,Yohannes Gebre,+251-91-8055083,contact@nazretagroprocessing.com,2025-12-22T00:23:31.955243,2025-12-28T00:23:31.955243,2025-12-22T23:23:31.955243,
req_0996,tenant_006,Dire Dawa Leather Factory,dire.dawa.leather.factory@example.com,tin_issuance,TIN Certificate Request - Dire Dawa Leather Factory,Tax Identification Number (TIN) application for Dire Dawa Leather Factory to commence business operations.,rejected,low,Dire Dawa Leather Factory,Yohannes Gebre,+251-91-6224888,contact@diredawaleatherfactory.com,2025-02-10T00:23:31.955243,2025-11-19T00:23:31.955243,2025-02-11T05:23:31.955243,
req_0997,tenant_024,Jimma Coffee Processing,jimma.coffee.processing@example.com,business_license,Business License Renewal for Jimma Coffee Processing,Request to renew business operating license for Jimma Coffee Processing. Previous license expires next month. All compliance documents attached.,approved,normal,Jimma Coffee Processing,Tigist Assefa,+251-91-5373254,contact@jimmacoffeeprocessing.com,2025-06-05T00:23:31.955243,2025-12-22T00:23:31.955243,2025-06-05T21:23:31.955243,6.0
req_0998,tenant_023,Gondar Ceramics Industry,gondar.ceramics.industry@example.com,customs_clearance,Import Clearance - Machinery and Equipment,Import clearance for 50 tons of raw textile materials. Bill of lading no: BL-11411.,rejected,urgent,Gondar Ceramics Industry,Almaz Tesfaye,+251-91-5702636,contact@gondarceramicsindustry.com,2025-04-10T00:23:31.955243,2025-12-13T00:23:31.955243,2025-04-10T16:23:31.955243,
req_0999,tenant_023,Jimma Coffee Processing,jimma.coffee.processing@example.com,investment_permit,New Investment Permit Application - Jimma Coffee Processing,"Jimma Coffee Processing is applying for an investment permit for a new textile manufacturing facility in Hawassa Industrial Park. Expected capital investment: USD 5 million, creating 500 jobs.",rejected,low,Jimma Coffee Processing,Abebe Bekele,+251-91-2136704,contact@jimmacoffeeprocessing.com,2025-08-19T00:23:31.955243,2025-08-21T00:23:31.955243,2025-08-20T03:23:31.955243,
